,,base_contribution,x1,x2,x3,x4,x5,x6
ols,2000-07-19,-0.11000694331907443,-0.018381929602917343,0.07876556888716334,-0.013234608878161696,-0.13890125588654179,0.006388942847589521,0.00426907495653703
ols,2000-07-20,-0.10300382831295592,-0.1042109179611379,0.057489902709002755,0.2693308913677858,-0.12863406709155406,-0.031889933903284214,-0.010650086925769112
ols,2000-07-21,-0.10877213362003328,-0.1372433951088283,0.02838026285353308,-0.25066751805243737,-0.03326567312200273,0.0009110976556128245,0.003866420017627283
ols,2000-07-22,-0.11325394433566138,-0.10964363747003336,0.1444882764828214,-0.28265231519870126,-0.020220363409845087,0.01233415127874391,0.01291230206940019
ols,2000-07-23,-0.11301894576756673,-0.12073305928087587,0.03847440024308634,0.16343496692952722,-0.11692862638908608,0.05802480543236999,-0.008668589304135343
ols,2000-07-24,-0.11573795003985507,-0.2583403317996835,-0.03719137956244789,0.2491776404449391,-0.013304907198145937,-0.00897117222634733,0.009498506147470472
ols,2000-07-25,-0.12173803152133654,-0.13792284113378098,-0.029636978215603575,0.5099207759090837,0.0015593219774830086,0.09790226321177171,-0.01531294667677004
ols,2000-07-26,-0.12089175537694008,0.14520023457119233,0.120270916602861,0.6408501419926523,0.09177492939860586,0.07660682588898962,0.009821980398795642
ols,2000-07-27,-0.1051195368845627,0.0451945201170514,0.13403321287499517,0.46378337413233467,-0.03708485244886213,0.04788345286234309,0.011513300657235274
ols,2000-07-28,-0.11289478578096851,-0.013516064110404732,0.07540454791908112,0.5704639324394258,0.014502520640988562,-0.20923472965917128,-0.00984782938068063
ols,2000-07-29,-0.09873190784461712,0.3705480784344128,-0.06548276119694486,-0.33648584765709444,0.0059829221496384,0.04257949273678864,-0.00596468967545576
ols,2000-07-30,-0.09810224155678827,0.3855460008187178,-0.040198570733957814,-0.5727708989938434,0.16327571960806792,0.0861708284004323,0.04926283082371692
ols,2000-07-31,-0.09761351138641343,0.2490807414737975,0.05277003777475049,-0.8185961518784838,-0.05366227755204038,-0.03866001065708356,0.03658307952721201
ols,2000-08-01,-0.108641448687717,-0.046755481067033915,0.03636414720675227,0.09881976536082247,-0.009027236639983368,-0.06850806771751608,0.03985118270641399
ols,2000-08-02,-0.1010969222102283,-0.018784555860911822,0.06116690145995754,-0.020121301594312746,-0.06907538132106468,0.07708715097727747,0.06410538127740661
ols,2000-08-03,-0.10853820324256463,-0.04280285704236723,-0.032290916650076426,-0.1932537608180241,-0.1299771412946725,-0.005094992904223285,-0.01401664202217539
ols,2000-08-04,-0.11138030125855958,0.22317725926720652,-0.0473907830314605,-0.15136969687339705,0.03742949411725556,0.03692140235965258,-0.005406310862057345
ols,2000-08-05,-0.09655931299548609,0.4916249707195137,0.1858451384069646,0.5177294888701024,0.11541490461384644,0.1597340942279232,0.0049195737211484005
ols,2000-08-06,-0.07549114684671127,0.39585323055741856,0.18858619913104224,0.322210290737776,0.124718893924339,0.04115091478044926,-0.0021141730502820966
ols,2000-08-07,-0.05178320597317614,-0.18772705955473606,0.04693261081257991,-0.305603668484917,-0.0030653866133309774,0.10178338285673917,0.04902650581600944
ols,2000-08-08,-0.049104569256208125,0.43492218746851513,-0.01552116940164097,0.2139787888184415,-0.0711828819124518,-0.04451518995782441,0.028305472797692015
ols,2000-08-09,-0.0549216880782117,0.13444289934507656,0.17641818791896657,0.00025232433000807496,0.031334983939032626,0.06432206505116303,0.10044914335063795
ols,2000-08-10,-0.06842847359533792,0.21144008704861772,0.006424697345235044,-0.3236543152119519,-0.03802325671428471,0.10005987102495591,-0.13168537737533278
ols,2000-08-11,-0.05974373870140516,-0.031836325694972537,-0.013786534756822183,0.09714084058473385,-0.055449876363173264,-0.06232716582402991,0.04045890988736466
ols,2000-08-12,-0.05500343871223627,0.033797976648823225,0.09900368894772395,0.34776685414781905,-0.12798102154867905,0.09757344510450934,-0.08421860369097847
ols,2000-08-13,-0.06469267559131009,0.2831277446609422,0.011840425443965213,0.2273085797695451,-0.08595324591912012,0.09663404077084792,0.03509587549356352
ols,2000-08-14,-0.057375267450056125,0.06517051123364362,0.0003757305413633756,0.5209867577634796,-0.019442570109797042,-0.17982992883808538,0.15028773962879283
ols,2000-08-15,-0.07627495367029401,0.6913311562896232,0.15746592392080971,0.4128833912293768,-0.16297485169360018,-0.1234684644822756,0.12261408165743949
ols,2000-08-16,-0.05726010898989146,-0.1443711039078471,-0.1474878346933677,-0.22828109117529752,0.16243064077925332,-0.11657838056043882,0.1515673718670997
ols,2000-08-17,-0.06537790268402274,-0.45887559875969497,0.16024677914859106,-0.6469214998579776,0.23591250740544636,-0.12928209640441046,0.010791433725640585
ols,2000-08-18,-0.10645355775999654,-0.043046719781010635,0.21641089633942318,-0.902328956236456,0.20885489909556226,-0.12463827728137039,-0.06438278673423124
ols,2000-08-19,-0.10956368031390977,0.13640833786439147,0.19809363935880006,-0.7089629193638866,0.34063946311378135,0.07231109036599445,0.07797535729075378
ols,2000-08-20,-0.11187610540837216,-0.3905562052506236,0.12665436325606289,-1.0199127371114936,-0.012268455520926426,-0.11081256749382812,-0.010575829228703652
ols,2000-08-21,-0.13418608881383018,-0.36119030973389604,0.07996469693737401,0.1422173677526263,-0.023168655933685105,0.029858628255795282,-0.013370365906188387
ols,2000-08-22,-0.1569391064139451,-0.7687721117521743,0.022345059264860894,0.2831306032068479,-0.13473860905813112,0.07459173437107644,0.06114871803851421
ols,2000-08-23,-0.16524076774828494,-0.024014734770892852,0.030997443683181847,-0.18811485479735965,-0.2982290120730559,0.09951965026935485,-0.05313625240359543
ols,2000-08-24,-0.17672876924701683,-0.603706905268763,0.03895719476979023,-0.26754179414200807,-0.14447618422796313,0.25457567911308393,0.03828569647946956
ols,2000-08-25,-0.23069654418654523,-0.16917501271528818,-0.009696275425320495,0.11954826713435034,-0.13688058486261637,-0.02633437055918854,-0.059570480802258116
ols,2000-08-26,-0.23429722266754383,-0.23436545856800708,0.010108121902533958,0.9248896753277911,-0.32750230003672554,-0.0902469074616283,0.1642780223944621
ols,2000-08-27,-0.22504377975986095,0.10802059861888683,0.004385494358015774,0.32380208101334845,-0.16811502669181605,-0.13196833428541158,0.06852346230977996
ols,2000-08-28,-0.2279939045859053,0.09374133102442878,0.006637530702776988,-0.5882143525694875,0.14443589876373508,-0.019696433083819073,0.10169443942686619
ols,2000-08-29,-0.221807214841603,0.28429205329272766,0.005939949261974152,-0.2970161837510343,-0.051686723107436855,-0.04627495203428307,0.027980534968947514
ols,2000-08-30,-0.223667663755101,-0.26522277109926157,-0.00028275737138960393,-0.06220291985571858,-0.1739503688909865,0.04533403025949601,-0.023731831212444574
ols,2000-08-31,-0.2301620845268817,-0.5210091618492302,-0.003022824559638949,-0.30551881849404816,-0.3714611759982895,0.005542218794497761,-0.018116355492577722
ols,2000-09-01,-0.2379190295953455,-0.44151982676962426,-0.006750860208848064,0.16104796888631592,-0.2474050641683119,0.04534858992385597,-0.07524294962533913
ols,2000-09-02,-0.26456268940546357,-0.4393996247901199,-0.009547966504145664,-0.07162226837616786,0.15640884769247201,-0.0795091928708198,-0.16278914664874128
ols,2000-09-03,-0.2992345222439805,0.6509351030525963,0.003525904466109021,0.66007049641572,-0.007175294488009418,0.03138370477064774,-0.28101615504260397
ols,2000-09-04,-0.30211961559836675,-0.1967598298798014,-0.0342245597502692,0.1638570511668037,0.1392034251731814,-0.029003367327184743,-0.19322276567849006
ols,2000-09-05,-0.27148747481512847,-0.3327164481883997,-0.01617686259735125,0.32927397120625734,-0.11223165908393135,-0.032453790283130654,-0.049660282709812834
ols,2000-09-06,-0.24639882926764295,0.18301753665674603,-0.004554349476832472,-0.6230933774503526,0.0429410082820793,-0.16046685347783024,0.005838660525062145
ols,2000-09-07,-0.2543088502641947,0.4295861322891438,-0.017617535658924457,-0.5817154402209808,0.4227714929447099,-0.10238467410328589,0.026926889876534667
ols,2000-09-08,-0.2734137045318883,0.3213010619186788,-0.04712797748821604,-0.16142115230558582,0.20461944649803482,-0.12291216788725166,0.04376837624985773
ols,2000-09-09,-0.2945806207114714,0.028431354928787487,-0.07209396208952637,0.979586050680317,0.04534453592854828,0.04953314647358005,-0.032975858126521304
ols,2000-09-10,-0.2843303374510825,-0.9013620375337342,-0.013335055631500973,0.34269681499097787,-0.16217846236345418,-0.012478032187346838,-0.03261692793683658
ols,2000-09-11,-0.2563319641827584,-0.16702539856936072,0.0018143843723574258,-0.4401194067036611,-0.17172584113922001,0.1511759850575433,0.04185079503320754
ols,2000-09-12,-0.23352141576243096,-0.16172537036783557,-0.10911588046927842,-0.47724645982328656,-0.09460397027127902,0.1427597761257946,0.1496390772237262
ols,2000-09-13,-0.2412317515564147,0.08874099467605857,0.01899300206364731,0.2448893153152323,0.09499976984002308,0.059100644832581914,-0.12438091655097151
ols,2000-09-14,-0.22727980987824736,0.9331574959566683,0.05498973633223186,-0.3730237824554988,0.1061414045607916,0.10459243889267683,0.07604035940661603
ols,2000-09-15,-0.23560246112160627,0.23234206664799423,0.14500300659940402,-0.14682694384449665,0.21795939700593722,0.10890913749688957,0.05690962068309303
ols,2000-09-16,-0.22352628863049595,-0.11559618192633127,0.043323135523265485,-1.0705137423554836,0.14976438910534487,0.046942743396610746,-0.05062530277763835
ols,2000-09-17,-0.21114295569481262,-0.4291842532790805,0.028601494290257993,-0.17166486551880716,0.3457930559513205,-0.0009471308557844749,0.03139337380402707
ols,2000-09-18,-0.2096118694483993,-0.42088864380702884,0.22061639039739386,-1.0883339030174068,0.4634100841480073,0.05427560061097942,0.11018505208882515
ols,2000-09-19,-0.20314346643475298,-0.02795087682913621,0.3310824954181709,-0.6190329481687297,0.2106275872262709,-0.10093433176504688,0.1502691322257442
ols,2000-09-20,-0.2084644139974487,-0.07755112994222205,0.22197651522218076,-0.14481834333755578,0.3497471277577795,0.012471894048962012,-0.032295701255583585
ols,2000-09-21,-0.1944239516723382,-0.02489076457221946,0.05533014701557256,-0.5362261198096528,8.239227871627194e-05,0.03415913675683522,-0.07295617098451707
ols,2000-09-22,-0.20613211666489992,-0.46906751418381387,0.05220152777984796,-0.9942996599274468,-0.22194851830738133,0.09092399619115966,-0.18270329330356733
ols,2000-09-23,-0.1983783446409344,-0.1489700572545281,0.023515702768035152,-0.12829821262214824,0.12165608370285776,-0.15373631435392332,-0.22380062425722616
ols,2000-09-24,-0.20388158594852537,0.699328684083777,0.12428583651045114,0.37639235436599044,0.1777054227543102,-0.02661560728174372,-0.2988057830905484
ols,2000-09-25,-0.21044330964682487,0.3085175914505047,0.30229813532314864,-0.044440164391860056,-0.019472437988453422,-0.08024186922260194,-0.24000273695898497
ols,2000-09-26,-0.22272775001539255,0.33278088660933125,0.2675428897684523,0.3073021280570431,-0.09340063870711743,0.09861116030316991,-0.07621826654433621
ols,2000-09-27,-0.2023957721019805,0.31663141824914826,0.37058077432472797,0.3173794118520365,-0.7164638486077319,0.08485780436211925,-0.28230455276993743
ols,2000-09-28,-0.18788188431938455,0.3422521236052803,0.3408526917242961,0.43965002274647,-0.618795262161292,0.19298163055790776,-0.023715980463467033
ols,2000-09-29,-0.1985666392832003,0.6160956647813548,0.15876093578120956,0.628684922290003,-0.6836894191975014,0.026474535877978923,-0.3704035121396015
ols,2000-09-30,-0.20956691296381422,0.2738025406390473,-0.123979040454901,0.8478101785157833,-0.414023560855492,0.056999077665189975,-0.3016230531012092
ols,2000-10-01,-0.19982360667697704,0.2572001273538964,-0.11371844535723624,0.6524011096805076,-0.0949149751517435,0.023966594633018652,-0.3189111099077117
ols,2000-10-02,-0.19090499179976228,0.455903024756653,0.05761589031415707,-0.31901614524272154,-0.4506128314696395,0.05248694648494164,-0.5803754139458713
ols,2000-10-03,-0.18966176750703756,0.3737556056891033,0.19228225391415982,0.4158650567062362,-0.560431543917598,-0.04644910381997103,-0.5288752474446063
ols,2000-10-04,-0.18297362985350055,0.2891055704167963,0.2844435476544139,0.20893589141783417,-0.15924195998716384,-0.13175879304655644,-0.15414424822183823
ols,2000-10-05,-0.1726109003875312,0.27224715206815636,0.41179847124383534,-0.2483341300807221,-0.04043508262869417,-0.02036979004228888,-0.4136670070491681
rf,2000-07-19,-0.09859709137089281,0.11777621782782856,-0.06220467255463006,0.157565221790815,-0.18432661456658211,0.018544149079919314,0.14537175075243128
rf,2000-07-20,-0.08679640203252,0.11624028996895948,-0.10661081392363371,0.2442172033941935,-0.24317054169409857,0.017274390815317894,0.06419613035651664
rf,2000-07-21,-0.1179342454605381,0.23942563798927718,0.014224135954278024,0.02427499259932003,0.006272200778408394,0.013468210731711608,0.15874771670505805
rf,2000-07-22,-0.1080163837203942,0.14004914889693681,-0.24014028160670842,0.0493426554731263,-0.015885103912466895,0.00997027495077538,0.08329452320469533
rf,2000-07-23,-0.09959272148378329,0.08299343774137233,-0.059436733316825266,0.1586971543489784,-0.31520997893604946,0.1231967762611698,0.05925095066562229
rf,2000-07-24,-0.1120950866289601,-0.11255943268674565,0.5399009471847518,0.2493667878387871,0.006759842236277911,-0.007215643353633385,0.09175304159261376
rf,2000-07-25,-0.10335346712462876,0.2130039518565079,0.17760857212365194,0.27776295025101483,0.11666963009868589,0.03196955133726838,0.028231560391134124
rf,2000-07-26,-0.09431310042070075,0.47112732237066673,0.021239765623099822,0.19775484663186219,0.08563697719962833,0.04772760158721312,0.11113871335161249
rf,2000-07-27,-0.10080960957305823,0.28114767170372373,-0.11326285214893902,0.2717103862960784,-0.09744358305177933,0.046403588455451845,0.0917606085740091
rf,2000-07-28,-0.1057588087301899,0.1721130315852418,-0.020187444217061576,0.3245091139519088,0.0811643132683669,-0.25223978109997364,0.0665330642628557
rf,2000-07-29,-0.09068138085592675,0.10284573818151406,-0.15755047776890738,-0.11372811210899274,0.09538109726051802,0.042060499479479194,0.1095882626625157
rf,2000-07-30,-0.08418528379127914,0.14506894626941833,0.036604129680223106,-0.3668957395705608,0.11399636161861466,0.10540864524087339,-0.26602413996666496
rf,2000-07-31,-0.07452041400142459,0.24039120309904802,0.0767065760876473,-1.1199836638386567,-0.005310996876401,0.01345773323523956,-0.22864185356218963
rf,2000-08-01,-0.09676730531077725,0.05304247604394806,-3.077572363651739e-05,0.12970700307308058,0.01343461359219693,-0.03513002799257831,-0.058067363302671864
rf,2000-08-02,-0.08847544149019965,0.176874626643254,-0.0003619697218913157,0.09816874060181341,-0.19031960922213934,0.059807608944192577,-0.3233275372534899
rf,2000-08-03,-0.09430776835669658,-0.02552952301630099,0.11894376068375966,-0.024122990991878403,-0.16485092013111027,-0.00785430960569935,0.07445718489245676
rf,2000-08-04,-0.10042564702061252,0.16975850816647733,0.05853259650017733,0.1193111171273361,0.12470541567884345,0.008480945931756778,0.10957653552006552
rf,2000-08-05,-0.08905202251041291,1.0526323069269385,0.32128753411782013,0.2647149302625426,0.1648635163258723,0.015512477368740426,0.14643367210847105
rf,2000-08-06,-0.06792566407652117,0.6390952508183751,0.33790490478010227,0.2681528371175135,0.2241203258578819,0.02391852578438589,0.08104274537442717
rf,2000-08-07,-0.030060448908381422,0.10187031724917968,-0.052273996105291536,-0.1599804525122438,0.057453892959789414,0.06550499277026231,0.05088038615419747
rf,2000-08-08,-0.04050238640433053,0.13616548647308604,0.09362038017999891,0.19094738281843984,-0.12751115542013755,0.020223615302904615,0.11145662503918134
rf,2000-08-09,-0.0373002250711806,0.40621092524708197,0.0851953872633347,0.08924735583409046,0.1132567164102154,0.09945470841861687,-0.023586940302065724
rf,2000-08-10,-0.052346534025891595,0.21151640909475278,-0.0720079865796428,-0.09393618137172818,-0.07669568290525168,0.018175297282330305,-0.09536803783650263
rf,2000-08-11,-0.03556308294100117,-0.012130858298177194,0.09808888301676584,0.059144011836757625,-0.1526828124176483,0.022367587989360522,0.06462275724081955
rf,2000-08-12,-0.04439190065888377,0.21984878213612732,0.059662903771910254,0.288786555187173,-0.2020063514073202,0.00659420822874372,0.11570163435357447
rf,2000-08-13,-0.05371782380533491,0.09093435324413024,-0.030012902997889366,0.17660202621868132,-0.2119750022406871,0.04521162358591179,0.09250227257993009
rf,2000-08-14,-0.040564727972221847,0.14314208978437412,0.04224284248673454,0.3608118876014619,0.013426201405828562,-0.048649735009922875,-0.04539008298308019
rf,2000-08-15,-0.054990339745662024,1.6270436811426532,0.2292465641629128,0.18785095213414565,-0.2058594464761451,-0.00905835812867834,-0.25293554164769655
rf,2000-08-16,-0.04623602120289181,-0.024818127212523012,0.19031998224272037,-0.06739200962335395,-0.04672584462573464,-0.02814805014432676,-0.072509730293717
rf,2000-08-17,-0.035785171969367945,-1.3557674546808636,-0.6526503044091166,-0.4831030782439599,-0.1250240958975443,-0.014627060187914341,0.10685114205450243
rf,2000-08-18,-0.10313743078159064,0.18218129448793363,0.09606346321144137,-1.2704808103064889,0.007365939873048982,-0.020703860076524923,0.001490366400146845
rf,2000-08-19,-0.08758751555156385,0.29330891446278146,0.12975373100147639,-0.40043462138325736,-0.16793626442583826,0.09461156112769657,0.0031548253195993045
rf,2000-08-20,-0.08967783216468372,-1.0459014299964966,-0.6985477649586641,-1.1084330775031823,0.021930672050636757,0.011639882387361697,0.005796300939109711
rf,2000-08-21,-0.11060815152338735,-1.484328226931172,-1.2392171017447782,0.24053471221271525,0.04418481352810804,0.03985958560367887,0.015177611056159309
rf,2000-08-22,-0.15352490355932344,-1.1711813840316059,-0.7999319363176994,0.2721800581004376,-0.12009659234544272,0.04854423213502467,0.06300578341499334
rf,2000-08-23,-0.14365642690805352,0.14456826169373133,-0.17009195226852836,0.06575251271041056,-0.4062151844048738,0.037894330211754625,0.08138157038122143
rf,2000-08-24,-0.16681219113082496,-1.6214204562923409,-1.2874137955798814,-0.08326762036176359,-0.09336973652190426,-0.03188961628673081,0.07153349751114556
rf,2000-08-25,-0.20199525041528307,0.11919274863702416,-0.1861832531691663,0.0993673659372981,-0.08029174351399027,-0.020336322709388906,0.05324274609269035
rf,2000-08-26,-0.2131810370156133,-0.033924305875856424,0.3167415038015397,0.23789013483248203,-0.32332494852915017,-0.07562311371215227,-0.1735927990871607
rf,2000-08-27,-0.21546107901845063,0.04201324993906773,0.21128890740406756,0.15964624240525005,-0.14429761569935237,-0.13376000049785133,0.012106182831441019
rf,2000-08-28,-0.2029429220896274,0.12246378456834109,0.17141939176049661,-0.10066488263955649,0.10629210454303904,-0.021489200219280677,-0.016944407196472968
rf,2000-08-29,-0.20279138887996198,0.1087515026344916,0.07836677384944456,-0.06118499596904244,-0.0503620946146514,0.016159352893022966,0.054899247237257635
rf,2000-08-30,-0.1985465024956372,0.18757991129635398,0.1146284739432382,0.10902109418426316,-0.24529045383961678,0.04356576224713488,0.03273991107467314
rf,2000-08-31,-0.212245883354059,-1.0516842636614805,-0.2262281735785818,-0.1264013114277224,-0.19389841364299273,0.020663191957075253,-0.006087448147784169
rf,2000-09-01,-0.22904700681006013,-1.5814982144799885,-1.3886394800493476,0.22156580167860987,-0.12064543105919602,0.05265245766657835,0.015432117107696574
rf,2000-09-02,-0.26340125057186564,-1.6037600937708305,-1.091301794354858,0.0604231192988135,0.11201363440890212,-0.020468028436717325,-0.04869057508982005
rf,2000-09-03,-0.28738818687450457,0.2728997681302008,0.03694977787840118,0.39811700888595347,0.08731670050879996,0.033213460556601085,-0.01840434959372148
rf,2000-09-04,-0.2831464141361736,0.03450065645203416,0.05553730406683502,0.1322073216857673,0.14171273441295335,-0.008190471282329017,-0.11996600674294405
rf,2000-09-05,-0.24860434481794313,0.08547330830542556,0.4687003103825405,0.2260109864146131,-0.1558769038432746,-0.005014031275067413,0.02002330193121632
rf,2000-09-06,-0.2478891822152169,0.0325565889943726,0.21838609558279176,-0.20349571690129983,0.02007591107779671,-0.20297254002674983,0.0263579167160493
rf,2000-09-07,-0.23485240341815583,-0.10067691730383149,-0.9193134847338887,-0.24260014463299823,0.07981858861790295,-0.08107533762017846,0.015204753840186698
rf,2000-09-08,-0.24558805315639057,-0.06316898901592978,-0.8198857013035546,0.0816970342672952,0.21827340944311177,-0.1616831233565845,-0.020775345503046508
rf,2000-09-09,-0.27352993498019607,0.1455416354137563,0.2631725940129376,0.45742779138373535,0.07183772717633588,0.09609503108124048,0.038152129542309794
rf,2000-09-10,-0.26214301921146893,-0.2580057046675018,0.6649860597423818,0.24462937556352718,-0.11718558536619658,0.022380854456955326,0.03855320446956058
rf,2000-09-11,-0.25056185069182163,0.0899237665823712,0.01307623428766777,-0.1104948745082345,-0.11859848678058256,-0.044892986825275094,0.022483393979944036
rf,2000-09-12,-0.21479844466465411,0.15273012720277518,-0.3270947104980294,-0.055187393590567575,-0.09219624799852212,0.01469529850962393,-0.05558808023072595
rf,2000-09-13,-0.22768266321836045,0.1317482116413386,0.055709011818995104,0.23223710081328613,0.09626712056325609,0.11662087749246011,0.027253931743721108
rf,2000-09-14,-0.2129588675569208,1.1300360201151158,-0.032832277568796316,-0.21563281815531024,0.0750128298023481,0.07263704112702675,-0.00607061818701348
rf,2000-09-15,-0.21186724693274236,-0.15160068632742763,-0.200123364173299,0.2061880412170461,0.15079272975141708,0.06610196756687557,0.022281191284421638
rf,2000-09-16,-0.20017023672115117,0.021544853272808598,0.026568221591588444,-1.441735105141818,0.028998335038017378,-0.2898191514913506,-0.023668342322043113
rf,2000-09-17,-0.19788109548176946,0.17281330940904718,0.5515568519023392,0.01938091879666675,0.016728293736428732,0.03892400394330687,0.010745194867515007
rf,2000-09-18,-0.18574158179007505,0.11985594938173935,0.4925266687172282,-1.4445767422668851,0.014161530909422255,0.03518426557195941,-0.0005223391039994495
rf,2000-09-19,-0.183874814744198,0.08483051623241364,0.1860132987333225,-0.48294172741386726,0.12329259504797471,-0.21562258049075284,0.0577753180777754
rf,2000-09-20,-0.1870088452918742,0.03355646688072349,0.39669161493400484,0.05687033897178033,0.06307981661555333,0.12123412864340863,0.011219330543288912
rf,2000-09-21,-0.17798095551044504,0.08997115917502359,0.10424169596821059,-0.2707540383813923,0.0429563386286013,0.09864559677875086,-0.031098017548458024
rf,2000-09-22,-0.19350126380383087,-0.44597805738540425,0.23962384395784309,-0.7692808671536892,-0.09032550283582666,0.11997261915267406,-0.07073605452928941
rf,2000-09-23,-0.20202972587203163,0.05204448289052818,0.02450619693339989,0.028170898753836552,0.05727731907868306,-0.22817265572614473,-0.05304464469370394
rf,2000-09-24,-0.1940696931557749,0.43781148256394775,-0.05036345365272591,0.39608034597496583,0.10780102562874568,0.07587884474705038,0.01462037580258668
rf,2000-09-25,-0.20304148016491985,-0.13841664344739554,0.061767829505739426,0.16019533397115535,0.05296196107309091,0.0803849871651326,-0.09838921382561089
rf,2000-09-26,-0.21215971117399654,-0.2420461631875619,-0.2857447131612816,0.2085104597853934,-0.11246002429762435,0.16145596670758378,-0.012006422733195696
rf,2000-09-27,-0.1712036442189779,-0.30171602468783193,-0.31523418470892056,0.17161933458465237,-0.38906141506392505,0.11505474261625401,-0.11387834455011867
rf,2000-09-28,-0.16514671941815023,-0.1446956789432826,-0.12693398230132022,0.41030709355425016,-0.5446557952716794,-0.4638780132186358,0.044104239079909825
rf,2000-09-29,-0.14958640996448355,0.4685212242386308,-0.03294410470108316,0.34671495857797724,-0.5373358470506258,0.10217336263716033,-0.12194559484436808
rf,2000-09-30,-0.170369345869109,0.41471277877260027,0.23453811960329554,0.45848255350626643,-0.1871174000424004,0.12663849653581888,-0.0823870482108917
rf,2000-10-01,-0.1686583960575265,0.44909368272048844,0.16957057378456714,0.4223295268805188,0.014858528433559694,0.1471481660833233,-0.14244038090287411
rf,2000-10-02,-0.1836932813666191,0.05348257031582955,0.000734342743303322,-0.21021726201604812,-0.08440338385287016,0.12668994972022585,-0.17803264548426723
rf,2000-10-03,-0.16841639956381282,-0.25052924452553194,-0.12866408194783865,0.4917716788038869,-0.11992664223735691,0.11725729320229883,-0.21908330444973825
rf,2000-10-04,-0.16197711296023198,-0.13211801002170862,-0.41290010352132706,0.10735841061364758,-0.09894021564032694,-0.5457208008140486,-0.028730894850208834
rf,2000-10-05,-0.13278967677212322,-0.08558306129714069,-0.24514621506632048,-0.16498022640350116,-0.03489205731913609,0.06134043882087726,-0.06744906467467535
