,x1,x2,x3,x4,x5,x6,y
2000-01-01,1.37707338102653,-0.3973286911027264,-1.4748798656939381,0.15452139076196264,-0.29506203355260474,-1.1017402354773687,-3.137846388059977
2000-01-02,0.4010303894380661,0.9815545630463989,-1.4054909087236793,1.3391157280807247,0.4842746741554133,0.3596178372921164,0.5883803571679282
2000-01-03,-0.13943031632115854,0.28286207980041944,-0.9010368253641701,0.07335222175258271,-0.5335614203446948,-0.9317748094018091,-0.42982717286348643
2000-01-04,-1.4620367541709716,0.23617808238382626,0.9121126899103852,0.4426462913641638,-0.4550615465950741,-1.3478235269355678,-1.323823455114684
2000-01-05,0.35113960391559174,-0.43911979108926313,0.607890090496117,-0.8906343730219584,-0.672356155250529,-0.84512901069498,0.9046751100826967
2000-01-06,0.5305786165832775,0.587651553970949,0.18005836325028,-0.8042327485387175,-0.9756593588234229,-0.04885588129825602,2.628327748524596
2000-01-07,-0.2765361315138135,0.9191191338949797,0.16000452264668868,0.23700598413486385,0.5585460866035858,-0.8163589494771054,1.1430217458457903
2000-01-08,0.4979783249213723,0.3471770487206698,-0.5434285960791722,-0.7863028528928966,1.1631967284352058,-0.04679505235845516,0.4446296188893471
2000-01-09,1.3553285085178213,0.9326690693921708,-0.33838501341345284,-0.49675746286159617,1.5302118886844243,0.44944418608111747,3.4797447544471183
2000-01-10,-0.10702093964423876,-0.5782090783305165,-2.5671987536989134,-0.7983031593817373,1.858648329048777,-0.313265244694145,-0.8948657593622212
2000-01-11,-0.8248686248801893,0.8075883358168114,-2.323717259882603,1.0655916412446025,0.20131438424747294,-0.5973153967195617,-2.245742357679385
2000-01-12,0.012931685351183553,0.30169361675319556,-1.1606381879404686,0.6477806839439617,-0.46917706720609,1.6112981304797551,0.07403638387905476
2000-01-13,0.024225993988646954,0.48693134596899457,0.7141533918782832,0.776865103027392,0.4480575709981979,-1.337724286325887,1.5302943909817268
2000-01-14,0.5363938474990525,-0.4845684615042116,0.6453243308255592,0.14399108017421222,1.5209436488784678,-1.4053676210227,-0.3416583128449543
2000-01-15,0.5654541739745096,0.06743143505181359,-0.17018006633946425,-0.0581468804634815,2.034850236887684,-0.4782791382549481,0.6057900310144801
2000-01-16,-0.0061903380720447765,0.4763861681453835,-0.5703678980836234,0.01585640634650149,0.9147626492305345,0.12544208735986215,0.9705724630456287
2000-01-17,-3.031767681098487,0.502941006708938,0.4504527952656105,-0.8917567283069024,0.5021637970450533,0.7131991073311549,-3.320609486897763
2000-01-18,-0.5590614032602526,0.5815728850961317,-0.23293508098481672,-0.0037399680487872344,-0.055969855696610726,0.4622954349449887,-0.6775379102236725
2000-01-19,-1.0982883890810742,0.7850781936471498,-0.3966205513322823,-0.2794289035794375,-0.6435244127512592,2.1166661193130234,-3.7283486624427926
2000-01-20,1.4474288580994334,0.4799044407451911,0.16608467363958443,-2.1357796294728706,-0.6340751686151171,2.1997034724643,-1.3464697977571012
2000-01-21,0.852979069026223,-0.7365480508747158,1.980094377255358,-0.28966319375242033,0.23281996312511133,2.0878016629461404,-0.6788244767850136
2000-01-22,-1.3238360400695952,0.06510301012339681,1.1929366200048208,-0.5312227302050834,-0.27159318025496304,1.7473185619647817,1.1337532831522656
2000-01-23,-1.3218003867453183,0.6295149919689493,0.9344148958437655,-0.01156784902364405,1.045042029513282,0.11531992802990076,-1.5713372648933708
2000-01-24,-0.27688983682141827,-0.6040271229342069,-0.03173425160579613,0.7270018370860893,1.1357541214317697,-0.5228980293824033,0.18417761711203431
2000-01-25,0.07772375692977151,-0.7136610296972015,1.3079997783446986,-0.9467282575886053,1.26223741641359,-0.0987637124839405,3.1605100040402534
2000-01-26,1.4566146304510834,0.3260271564366992,1.3702038070232683,-2.366940759785423,1.3257612555786542,1.1939239001257855,-0.5968856186278266
2000-01-27,0.7241298821922257,0.7903320863534811,1.650000425359756,-1.973168569922744,0.03838365845929914,1.4564442002489841,2.0606383106132635
2000-01-28,-0.4459061864592653,-0.8088534678128552,0.8691167225974753,-3.5614446406194484,-0.17981125846374602,1.0351936515917188,1.4078520818336893
2000-01-29,-1.3661662211989458,-0.5692082127728839,-0.6826970239220207,-1.1230269190789963,0.07756073301178851,1.087415784964108,1.7488743198948733
2000-01-30,-1.6635986696412286,-1.6625948132296753,-1.3013707190575912,-2.7857606628738103,-0.8329999135150307,-0.33237751842055463,4.5495074435933445
2000-01-31,-0.3348315891834537,-0.9778461929263713,-1.3876781690658735,-2.1475982409229792,-1.0395159058052263,0.20182957432872178,-1.4902574538777515
2000-02-01,-0.6823094110890862,-1.1995594336301516,-0.15512716551761296,-1.4336632927792725,0.41889759051766473,-0.35838735996497584,0.2998922820280805
2000-02-02,-0.8002425837325171,-0.06793398393914252,0.03357700387094298,-0.4908790353774294,-0.4034607129577767,-0.4874553469974535,-0.5957507326836834
2000-02-03,-0.34944146983377683,1.7751410381564157,1.4474294252849325,0.18836857751898956,-1.0838890317327246,-0.7443577954204159,0.2828747372046918
2000-02-04,-0.8856268035440918,0.30205727099366686,0.8458483063409804,-0.227419881695037,-0.7945365847628746,0.7700747927575035,0.11565132278089732
2000-02-05,0.2626209562936263,0.30840026253604313,1.275915788156038,0.28366653182605195,-0.560252627301197,-0.1834890936859918,1.0810230524632816
2000-02-06,0.5497044440092906,0.7029029607579874,0.5040831193100528,-0.013369569494603634,0.44203406125608924,0.36158391434921844,2.8905167900416098
2000-02-07,0.7537422224887464,0.2972470478970277,-0.737832774597632,-0.8655189996502729,1.86570115357958,1.0136705903341654,-0.9017141658139622
2000-02-08,1.5811628793604704,0.3102319879084981,0.7221849454157774,0.04432618234463814,2.279417622532053,-0.1886058949501771,-0.08066894793241253
2000-02-09,0.13810356884577557,0.8099895433397208,0.21394609115660468,-0.45988536469602326,1.8394728343193436,0.7616845642334866,0.05353413253894368
2000-02-10,0.8137057833419392,0.6594522554272675,-1.6263826252447586,-0.20041490840190584,1.5471737717334593,0.9332953757653307,-0.7634303735394825
2000-02-11,0.2547783501639036,1.0091346363016076,-0.5840779188799228,0.09037931406012559,-0.5760397223053797,0.5671128347701453,1.1125219000569986
2000-02-12,-1.1512474137815745,0.0622221084241682,-0.7458516810293089,0.13649736235868465,1.4084017081947031,-0.0934871006713805,1.5507895488792596
2000-02-13,-0.632114563868569,-0.31892465654488117,0.8546746154486331,-0.6245207430782933,0.3908622474763865,0.06124109742898934,1.1842000668108223
2000-02-14,1.0912667632086301,-0.052444039636549006,1.0764987814031046,-0.9932900808790014,-0.36160380795462044,0.6305180628543501,2.7338064479479818
2000-02-15,0.8753965791527323,2.046087527540834,0.5123416895675224,0.8837107925844847,-1.6478577190152874,0.17162310358284388,3.7439820458457707
2000-02-16,0.717510702409878,-0.3184690615163115,0.885457820500936,0.4752505916859764,-0.7630787127365617,-1.0210204873787154,2.021956028407882
2000-02-17,1.4104607510818383,-1.207116104677511,-0.4708060261772141,1.884677386390266,-1.361287927373576,-1.0686292424219972,-3.3335500104073774
2000-02-18,1.1058346295579395,-0.827454124213038,-0.42095759306124825,1.4059100023582058,-0.3755403045484724,0.2062289617156008,-3.256098693345504
2000-02-19,0.4414315921426133,0.37159300804367246,0.5537099943642803,0.49405587835354237,0.40564208346709074,-0.6786658197377339,0.14095078049306303
2000-02-20,-0.2975370875822331,0.056079349938564005,0.623668498276144,-0.0448683194883846,0.500987928019017,0.15064740014324218,2.7425974360760863
2000-02-21,0.051068083133824105,0.9299584929443783,0.5979800526872718,0.07559036913816185,0.9280823597505459,-0.9024506325400701,1.0849458438811292
2000-02-22,-0.5704510835274306,1.4217962812323726,0.6831587456186949,0.27481246962210965,1.2650366657150036,0.0819153113032629,-1.525981449904985
2000-02-23,-1.0370829126097783,2.994957860919884,-0.18052619334144604,-0.6525275996360933,0.47087647137070454,1.7291460568499954,-6.016257748566344
2000-02-24,-1.3637880749669602,1.2279740324246111,-1.625942278584322,-0.20003038354825925,0.4684139514169708,-0.04454071321808395,-4.714353259783975
2000-02-25,-0.8888321637752212,-0.4189623323923761,-0.8954337560522043,0.08517325668118986,-2.3101491523827478,-0.06369950220448581,1.3244379294082549
2000-02-26,-0.4132370070591378,-0.36403801577855255,-0.3063189707021017,-0.8818069811698223,-1.0433333847862003,0.48228653110362446,-1.441894282138025
2000-02-27,0.02612190589992705,-0.4107133453816827,0.7103200231671108,-0.6832157458341899,-0.384403445604766,0.4325343273444025,-0.3072946375189905
2000-02-28,1.214496126770315,-1.3347516762701852,-0.9718867470194279,0.0027381940300042484,1.159206940319505,0.9390906173462115,-5.043906498912374
2000-02-29,1.3724940092178772,-1.3561791647511705,0.9294113601464417,0.9821149912342207,0.7887690588246873,-0.7012254196364273,-3.0495813087043575
2000-03-01,-0.7866890962279951,-2.371091764791836,-1.1031453322944589,-0.7691351980254455,1.3988555374367106,-0.4646362153664663,3.0869330093538943
2000-03-02,-1.6368602459806727,-0.9324499937213757,-0.23653733884920725,-1.3175830746736263,0.20940564702907905,-0.6094178851471486,2.9612713825199855
2000-03-03,-1.0667536811983664,-0.684382041716302,-0.3741058129288995,-0.6798378608312945,-0.7352519386216917,-0.8218193025511349,1.936542390278611
2000-03-04,-0.7785613597367114,1.5351088684794885,1.3875862905217067,0.09994640138983568,-2.0814311321313066,-2.565273594257663,-1.3548878071896124
2000-03-05,-0.10893574644699489,2.408770340347384,1.557741952264363,-1.1272845558828795,-1.9962191953336852,-1.570883550665691,0.573440002235756
2000-03-06,-0.2663855580562965,1.149318822081189,0.8851606739681699,-1.1709101414717564,-1.3609958615416382,1.202800012699719,-1.4661124530681966
2000-03-07,0.7114814059602144,0.8533308926615744,-0.022676322257575376,-2.8657971835310065,0.5818130733875745,-0.3799799481879792,-0.09476676936199091
2000-03-08,0.8584165543299765,0.600951324558185,-1.5272204389251314,-1.7682836589895625,0.658006247356755,-0.18505680845247674,0.166096499879172
2000-03-09,0.6235309927496329,1.1451800681416997,-2.576119996305587,-1.13592082473752,1.6419940750607585,0.21231396530235097,-0.8461165361752436
2000-03-10,-1.2765767939276114,2.1254255471424983,-2.227193195152818,1.259300557702117,1.1458409519191641,0.5668016557616907,-5.8534207478503015
2000-03-11,-1.9058839883480587,1.247443997886873,-1.8659319512362398,0.12789441608365093,0.2009916796679604,-0.24916147291966323,-5.133375375550671
2000-03-12,0.4648467634311291,0.05876944731665723,-1.369005097846612,-1.7380268110271178,0.41636326950637553,-0.5088116499809964,-1.0013454805112127
2000-03-13,0.9288458228584593,0.20720853986689133,-1.2679900530457693,1.233399011975116,0.5127945158959906,-1.307465578279027,-0.2154761542760164
2000-03-14,0.04174265633369356,1.0078400506648408,-0.9040667629370336,1.461061789649818,-0.31071418150345975,0.3016671711115593,-1.3982654969543273
2000-03-15,-0.16696062987830468,0.9971403443160534,-0.6549046610850885,2.055521927403118,0.2750433245044057,-1.0976012071031065,0.3888980165043189
2000-03-16,-1.1084119080324977,0.3974232770779238,-0.6212560527880695,1.045235584970251,0.49241302597893677,-0.64512927654043,-1.1136002901788453
2000-03-17,-1.43171479530286,0.8319726046973632,0.5620165645675144,1.7352770409168339,0.2362922674069058,-0.8552424962629402,-2.3816877148449955
2000-03-18,-0.29329039333303253,1.8053656976125854,0.03320872062304969,0.08105961417604213,1.5696994279201921,-1.6279028986047313,-3.9999212427223494
2000-03-19,1.4908773249570924,0.34947231241837107,-0.009813685528775214,-1.1440324121228018,-0.6083573540921092,-0.9491508242829771,1.5706458221205617
2000-03-20,-0.3517845047722784,-1.2825220655454874,0.8963452226137287,0.9358621942532093,-1.1873396258742217,-1.125042909905325,1.0257845793957912
2000-03-21,-0.9220070000714482,0.34759056570391933,0.19742797347359525,-1.8335110274815563,-1.8451811897926547,-2.04362881430725,-1.2516710230865833
2000-03-22,-1.7777221040360787,0.970122927564163,0.4756053320718632,-1.5789299991637527,-1.0032793137893383,-1.1840214792978523,-1.873810394004527
2000-03-23,-0.054779927518119,-0.7225083721172322,0.941322048953079,0.20616323796609004,0.7172368312090623,-0.3312344596327295,0.7968478501066925
2000-03-24,-1.2369152046969407,-0.6024800133427963,0.1861472526354765,1.4787767272952526,-0.2895288561235308,0.14478738883840506,0.8697200321984715
2000-03-25,-0.9109252709400467,-1.8836340130795604,0.7449546762787342,0.3168063254221713,-0.27033582882711926,1.2575591292440813,2.2412336406036193
2000-03-26,-0.046924148997954884,-0.7041805111968611,0.3188638178829711,-0.48422206246226895,-0.22723741330829014,0.8981039915403892,-0.857392566297404
2000-03-27,1.0314794603685349,-2.226466039384963,0.692376473544802,-0.34367043968225164,0.10865699941959962,-0.5836993070490422,-3.834433393377994
2000-03-28,-0.5081518007983004,-1.7952050026986108,0.7298051489508517,-0.32342558632950136,0.28199204942553796,-0.10929341958132058,2.504673475080808
2000-03-29,-0.9098362663478975,-0.3524665474774271,-0.49108926306932354,-0.766291614905301,0.041928164504382706,-1.5592220261174334,0.6013127327983226
2000-03-30,0.013662865058515217,0.4080633563554882,-0.16897312434627743,0.04226943477112882,0.649746067979012,0.3438674048014857,0.8999723557635028
2000-03-31,-0.010033516425026728,0.3801759049318821,-2.039348517823811,-1.2803299120142766,2.412204386052292,-0.6312956469366113,-1.0971920678616849
2000-04-01,-1.0585745048569764,0.4533962282077304,-1.693525216267504,-0.4997335865120872,0.817763750743941,-0.2940091616010668,-1.4644526623388585
2000-04-02,0.790929686155023,-1.3665961955514963,1.113622811605865,-1.113342840447733,-0.4226446709116647,0.5123793463655228,-1.3922439117883663
2000-04-03,1.1100447839531618,-1.4743887621126284,-0.509604862431638,-1.013752627970752,-0.5475557878529193,0.25438929236954705,-4.08156799571832
2000-04-04,0.5093450536809065,-1.1575156480842155,-0.3541434370311878,-0.8359634780234574,-1.6654719998465326,-0.03608833591823235,-0.450641076585485
2000-04-05,1.1505308772285205,-0.3745210916430502,-0.6511407301882619,0.29567448694781034,-1.2385071471760614,-0.1768809625325416,-1.046151949250567
2000-04-06,1.7935433357237818,-0.5462778877293888,-0.8899738564243855,1.1650884437892342,0.05416345756222474,0.636963546561242,-3.0581238985335926
2000-04-07,0.904321599681202,0.7909825073191744,0.235075580742093,0.9975216970636533,-1.3085477692725362,-0.03382349245085453,-0.3661539129244453
2000-04-08,0.3831408438130324,0.5614247393157624,-1.4425216343828708,1.2892342745020418,0.6497686301338039,-0.03955720841381026,0.8666764673070434
2000-04-09,0.7168410046759536,0.818720227368319,0.22278146809152188,1.6921914112158611,0.5065394674496334,0.21777594255623373,-0.9479519719283906
2000-04-10,0.36771166077893175,0.40289640623890455,-0.5073502639645727,0.7886729690782783,-0.7516843683042773,-1.1347786720839648,-1.2900349487625073
2000-04-11,0.8758908096683969,0.9816152967610439,-0.8596388620122513,0.6574620639015862,-1.6252690357049302,0.024796118294052483,0.5664449544204248
2000-04-12,-0.861055256159396,0.9704977859521096,-1.007006656086413,0.059310888962445074,-2.1831986684719866,-0.971640488979282,-2.720089525927519
2000-04-13,-0.5999109230194193,0.34469813449446673,-1.527698376593122,0.33466885301521,-0.9223274228629746,-0.31189923986142387,-1.797837280876481
2000-04-14,-0.004556973487271576,1.0828594142128825,-0.5062403629797771,1.241101618541887,-1.3917006455018657,0.09728223604145741,-0.06705244863794782
2000-04-15,0.04540426714189605,0.06009182761386456,-0.135528477183013,-0.01885041187362857,-0.18631238654635618,0.8775743564848996,1.1958622176080427
2000-04-16,1.1896792893459407,0.31569718172450534,-0.6205234082608062,-0.4820063022282193,-0.15368864867111356,-0.43394862407449214,0.18960892896786263
2000-04-17,-0.3561132346381949,-0.5397837895189287,1.3664315369248743,-1.4339967708262793,-0.09307518491192623,-0.2745264773472665,-1.1117865877635744
2000-04-18,0.3646857536752696,-1.0286112510992624,1.7586721420786084,-1.9617917904383646,0.1296946842236887,0.4704801437403999,-1.6505434260095493
2000-04-19,-0.37149132970046206,-0.973637423204069,-0.8762439982235578,-0.310497712878564,-0.6895236971685653,0.5765535018262182,1.1756838359205404
2000-04-20,-0.6904429083611993,-2.229410704910499,-1.2063831158033609,-0.02845166223874135,0.1325216995001937,0.47786318708426945,0.8532580588167105
2000-04-21,-1.3842694354316645,0.08995948600694303,-0.4246464182295101,1.4485595765318233,-0.8811725908619527,1.461050905339393,-0.8888116101973464
2000-04-22,-0.0886528345216202,-0.5185858523531849,-0.5728280212288391,0.6812200116524127,-0.10789228682141738,1.1524317304078575,-0.4091738912739255
2000-04-23,0.5334222312147694,-0.6337138091955303,-0.3788132101078949,0.6133169209844791,0.7651500033102927,1.653539157351641,-0.8527400783141648
2000-04-24,0.1934563741338094,0.07864899069814096,1.77116192556907,0.09695387950139175,-0.9805380164967346,0.4316232500573761,1.5502683661839165
2000-04-25,-0.28008250059928963,0.23544226129372167,2.391190392620031,0.422379419217095,-0.07554903314295325,0.06519929436628427,0.6128589373421088
2000-04-26,1.5566763730455555,-1.6947314319840174,0.8310673429688995,0.9937897886159661,-1.303035107932164,-1.2919450680734779,-4.5364245889318955
2000-04-27,0.26628514625425703,-1.52746191402341,-0.25970690933046836,-0.02342079738146674,1.3665163331105354,0.6414336860958928,-1.0780949149559858
2000-04-28,0.8987717425152472,-1.9633020106656502,1.165288361575427,-1.9530414672609584,1.0409816516185024,-1.0646615050405828,-1.9035808585414833
2000-04-29,0.6235370182096436,-1.3461914286980692,1.525522431022119,0.3340236853921478,-0.3275003737705413,-0.3195145470800407,0.06683955019005505
2000-04-30,0.48172111936778317,-2.1838652491563817,1.5686955746747477,-0.21104510044685204,-0.6038830720722141,-0.7051491758798166,-0.7139983680403351
2000-05-01,0.016914814217654867,-2.156030414164551,0.6608868230456606,0.03763826147062266,-0.8974823016429396,-0.5214991826967391,0.40559489410147825
2000-05-02,-0.33583980288990684,0.09728603365168675,0.6711461724490652,0.009656441550970845,0.918391226910446,-0.540877418817426,0.4042150555510234
2000-05-03,-0.6956567438891925,-0.4708307190293295,1.7644329783595483,0.27713914745120277,-0.5289217123818397,-1.8187363468475506,3.43420169746587
2000-05-04,0.43381562058245615,0.834189153968714,1.5310906192938498,0.9544716282590702,-1.365102571179808,0.14068676348791453,1.0199426512466367
2000-05-05,0.0635429436061177,-0.3083748376956003,0.5497198503117999,0.2480110630482184,0.7277907973432799,-0.6181233293036302,-0.3193770186197436
2000-05-06,-0.3761568120270218,-0.41290637472958647,-0.740857120909786,-0.15833829003766842,-0.4689386590578682,-0.11747143312245217,-0.1575220090998547
2000-05-07,1.253866977536981,-0.4616797261249578,1.3626228139664516,0.0911344896095998,-1.3922495651543858,0.9590962607853057,-1.798059104258942
2000-05-08,1.1347963879001177,-0.8005220700957638,1.8165905962270876,0.03627650910671271,1.1440767209850065,0.7657978348891339,-1.343856524545688
2000-05-09,1.829868868258862,0.06404037824605363,0.46079036829555925,0.8825668943717565,0.10271440320290576,0.000295378636003929,-0.4139872956004283
2000-05-10,2.1614131817993973,-1.1874939650352196,-1.1634047182713092,1.6996162767709122,-0.07086490742804567,-0.376845578691838,-6.395527826394723
2000-05-11,2.532837406654355,-0.1639361496591597,-1.1377092496858716,-0.3525128125120427,0.0840591456740789,-0.2722229686130351,-1.7839529262888023
2000-05-12,2.250500815716194,0.10564818871869919,-0.7731735960768622,0.4761749178680109,0.04310221679395948,-0.03161882406734991,-0.3312797420065925
2000-05-13,2.389058729437309,-0.31873750086107855,-0.1675888311368699,-0.6946821272046271,-1.0156657539467802,-0.7551701808137314,-0.4555637891924258
2000-05-14,1.9552788390963416,0.019803770658761072,0.5222748879195732,0.6146620446870099,0.8573679296328885,-0.5578309918644704,0.3394133886549668
2000-05-15,2.70399449769789,0.7475876205497199,0.5742106209494005,0.0756418968560611,0.3646902974250301,0.1689148164925619,3.303534361591435
2000-05-16,0.6663211299483941,1.2369132022816545,0.4181181155980169,1.102221127005286,0.019206465654815263,1.152790187176564,2.5688789018036458
2000-05-17,-0.06462611114248973,0.8715891678404792,-1.197267147809614,0.7122083785717223,0.5495411513432171,-0.4141763740210396,-0.24951872653494117
2000-05-18,0.057787515765732406,0.7428194012297595,1.1649515097997074,0.7434095422284802,-1.1445733137713003,-2.1989281156886524,0.8703123294094999
2000-05-19,-0.48081519848933474,1.4639058362976773,1.0882325534648047,-0.4628214093717345,-1.1957434202412398,-0.6103225886040838,0.740692281445918
2000-05-20,-0.015444498801324896,1.2666185678684414,0.16484919436470857,1.1164615321287608,-0.21286542874757353,0.38442224797045416,0.6853464904935638
2000-05-21,-1.2928851442367975,1.497916104432516,-1.857667943788883,0.20479830144221678,1.3973245405920394,-0.9986477684989445,-4.131103361658624
2000-05-22,-0.23571195430752168,-0.3175881641268581,-0.6705027212834511,-0.261194597460334,0.1314306863375192,-1.0153806327404908,-1.0904382903553342
2000-05-23,1.1566230173653707,-0.0245711495302863,-2.1408011206532107,-1.0045469291353164,1.070904304580297,-0.697632099015816,-1.770654445014721
2000-05-24,-0.05417957985810673,-0.41615177720140983,-1.3019891897366862,0.10481047795287424,-0.906103757432291,0.3588131920770532,-0.41829509015012234
2000-05-25,1.112028516476334,0.8498636695721112,0.7923174384254954,-0.09385119102960321,-0.4963771627511006,0.10934542546870918,3.444204138687922
2000-05-26,-0.013524417965842805,0.8310558255985546,0.46176065253639204,-0.806669832821882,-0.983722605909264,-0.20955752165692798,0.2563808540858345
2000-05-27,-1.7866882318067148,0.6879591255718869,1.2601442433257184,-1.9080933541714817,-0.8116566935044445,0.7742798722321473,-1.0844609806611065
2000-05-28,-1.0677942703898053,0.8496249482115034,1.6005874431061682,-0.8895644099013831,-2.2972821353715704,1.5117966066013784,-2.693539651581781
2000-05-29,0.4609275273893043,0.8026865140442803,1.0344767109341353,0.8458752092258643,-2.306948248189405,1.497715086914991,0.2656666618407464
2000-05-30,-0.15315896727576506,0.3228061891387341,2.0226343662848834,0.39126846338851323,-1.6945235011518687,0.3556275642089612,-0.4163453246280888
2000-05-31,0.7206974525837648,1.1870094066768382,0.7411384156214631,1.3794925625353323,-0.5136363723887891,0.12125237113283611,2.1117693056669173
2000-06-01,1.2748201279218048,-0.024121978046780845,1.2774321651826757,1.2402595280139557,-0.7218495029130235,-0.28706176443680076,-0.1908797500032734
2000-06-02,-0.09712646268331893,-0.258334940682811,-0.23267314366226444,0.9376564204767461,1.0283959792512452,-0.945399956666703,-0.09951928771392643
2000-06-03,0.2206758591228133,-0.988095069444832,-0.1318760591486164,0.34406973964164933,-1.4085579594859285,0.2532587209830049,-0.3637362082803858
2000-06-04,-1.7144272861597682,-1.4760461857746359,-0.10276250309446663,0.7100948980849542,-0.8063934306877226,0.05986078494043465,6.830921935027974
2000-06-05,-0.9432922956750228,-0.801016267005355,-0.11720502156962201,0.0628555591725719,-1.1034186518836482,0.7053682907209453,0.6491504297143066
2000-06-06,-0.7725958366378608,-0.6755723532024593,-0.9477622539787062,0.7378418635003434,-0.36481195510620934,0.5918618667028291,1.0532127801635731
2000-06-07,-1.4797552484281953,0.3207591264547791,0.49007131936717946,0.8315826510891613,-0.24541575192196902,-0.337014783743616,0.6291087803237029
2000-06-08,-0.1939331154133055,0.30868416489066675,0.10274863171801166,-0.10656648269166102,-1.478886235670098,-0.12172229385130487,1.7656584624966682
2000-06-09,-0.579522747170943,0.3128787183256018,0.4586119123472193,-0.9308287337335996,0.32549460855839796,-0.08613031626074873,-0.8340793909136819
2000-06-10,1.1531054753885552,-0.6891748334908804,-1.0924618089772868,0.20508297908536455,-1.858875510103487,0.9773091632516252,-2.4749985950036137
2000-06-11,2.936746184027644,0.0683431998159924,-0.06979956915075797,-1.587084454075896,-1.8286484633625033,-0.780780848745509,0.7735255483749917
2000-06-12,1.460874273567171,-1.354398392763353,1.5564761271184053,-2.647421122811526,-1.1301041690786142,0.86979355738383,-2.7212361156354534
2000-06-13,2.385930546252979,-1.0249457143624505,-0.07590675430326188,-2.39928920663409,-0.433115244167947,-1.8528083777304367,-5.207457602775863
2000-06-14,0.9359415359579055,0.12057478877678318,-0.6262564257425255,-1.2951339908088426,0.23186465679908147,-0.9787956263341365,-1.2614904801218803
2000-06-15,-1.0562196023462072,-0.6587051641050352,-0.05995966930386931,-0.26902971307400997,-0.09667301437960218,-0.18029649096482503,2.6819689763123926
2000-06-16,-0.5429565700949517,-0.7460226032191453,0.8541182499689777,0.5743514220303828,-0.4379152286292107,0.9879293820162023,0.4300435793498715
2000-06-17,-0.9538840743041778,-1.1699758268986673,-1.110597504779538,1.4385396737617737,-1.0537972708804837,-1.1591500895237163,1.4812222295533912
2000-06-18,-0.40913530717317886,-1.9803511067035497,-1.0061325848179252,0.33194452655062057,-1.2064780052042536,-1.4668288392786364,2.6296169359613266
2000-06-19,-0.5080705508721415,-1.3218418247765384,-0.9640206520661683,0.830604154364214,-0.8178941876580547,0.2753339030005786,2.1730814884253693
2000-06-20,-0.5018283824728643,0.15680689782952073,-0.17854554865544403,0.013207159384716116,-0.2233020994596944,-1.4826945576634376,0.7652226101177599
2000-06-21,1.586934523808977,0.21425102536687823,0.4882508874697535,-0.5234232844607819,-1.2610789580983386,-0.9158943708914663,0.4317090999455794
2000-06-22,1.6903092318156165,0.8457755440632597,0.2787221405444712,0.27459318325544163,0.2464449881903582,0.057344327060831646,1.9256175411804737
2000-06-23,0.8197165900833864,0.7324115584196955,-0.23009747824214644,1.0314559193916464,0.9371249965522988,1.015473607060622,2.4254996754476457
2000-06-24,1.1586925661041123,-0.813719387432657,0.043024521470087645,1.0120031898861068,0.012261700040648582,0.6659744434100549,-0.6580687967687449
2000-06-25,0.4202571971543486,-0.7974408561054052,0.26290775526355514,0.7346197567310193,-0.041691957480511854,1.2616627881913036,-0.8232558489366368
2000-06-26,-0.3521684346486071,-0.9426679070658732,-0.6026527269353421,-0.8768971717557547,0.08017296549978041,-0.9482959269234277,1.3240937062968277
2000-06-27,0.29158634777570647,-0.4959896050674773,0.392466905180602,-0.28099705373581474,-0.06087538027891296,0.6082165383511529,-1.4859202463699248
2000-06-28,-0.3382627424144222,-0.8214319651923973,-0.4456185632671109,-0.9222175810915823,0.08520605101960808,1.017236287780971,0.8755116491821362
2000-06-29,1.024898127985848,-0.7059137195251628,-1.3583330583246234,1.186507544076374,0.5453678978857807,1.4919791221662075,-1.3799349549163038
2000-06-30,1.4452201666331064,-1.2540869875481262,0.8829868086588295,0.5433714776759955,1.8366666385559463,-1.0812996699379398,-2.613394426087922
2000-07-01,1.3699659368859036,-0.6845915369388359,-0.13720325835361724,-0.663086948266973,1.8282059863324556,-0.31004701131909496,-2.1698486864570183
2000-07-02,0.5856431448871797,-0.14998748170788118,0.6297968048466374,-0.522985104922861,2.3513547948572495,-0.06690348831408457,-0.7193856806136686
2000-07-03,0.5855702512977257,-1.4374900528772474,0.5662539701962136,0.07761433700534509,-0.1130097722875687,0.14164568886665763,-0.3780756221117527
2000-07-04,-1.7045161547813112,-0.594737649552626,0.815855180663484,-1.4056110330814016,0.9001730075301965,0.3205770560179285,3.5509980063629163
2000-07-05,0.050280108076508845,-1.367117496185596,1.7433752257283621,-0.8274212651733228,-0.37507860001870713,-0.7787421231420613,0.9015620217586853
2000-07-06,-1.3978680957637524,0.4140724007665826,1.4130640602627897,-1.8841621849407568,0.6337138715822559,0.31455117954850786,0.38073738540371416
2000-07-07,0.08178750940023982,1.1306690104941683,0.6622437710298424,-0.7231025100401338,1.0950627423381532,1.5766471984264476,0.7833847214046843
2000-07-08,-0.527542102235917,-0.12514045681786712,0.6686335105589933,-1.3019653642778024,-0.6688366370663967,0.13819961451014662,0.3363714498814711
2000-07-09,0.34493258306591035,0.960691258323485,0.11176958850444757,0.9064057473258983,-1.083551499142908,-0.30473902675066794,2.1869552796717437
2000-07-10,1.9157800230150175,0.5481636630069425,0.38340794306434234,1.1476073602380241,-0.9544636301058561,-0.7214835636966684,3.384856968898002
2000-07-11,0.8154761141058873,1.6679026260247354,-0.26383583833055235,2.015130243887713,-1.0368785511486565,1.7967919316041485,3.551053622450346
2000-07-12,-0.5472564286809084,1.0895056656442175,0.6330056969001351,1.3029466639228757,0.16682826834716213,0.8779995223001431,-1.377603718631538
2000-07-13,-1.2898034191426684,-0.8866203067934673,-0.3263963373744801,0.7758452235842281,0.6244824001945208,0.5541592928064707,3.290972798208909
2000-07-14,-0.6266820910517279,-0.3033867504207969,-1.3578968537387972,0.7559564895806768,-0.9782099774895948,1.31075453840418,-0.32230454412079024
2000-07-15,-0.8991862972461241,-1.126233895459332,-2.203518149231244,1.243807262959221,0.4397030308472833,1.0008586752034936,0.5890067709449134
2000-07-16,1.4015034270821978,0.3337202055996733,-0.3654469126633614,0.10691285054291721,-0.31002232303500166,1.015521705002961,0.4729484794012169
2000-07-17,0.9256250917692672,0.7831381835547204,-0.9320667885090832,-2.255645588414462,0.5141574219778896,-0.011995089525814184,0.8122217982155523
2000-07-18,1.6850766186553368,0.6781421630325135,-0.7902597357494893,-1.217777003310632,0.27242300471191677,0.5190180841378318,1.7330041884329215
2000-07-19,0.21690309109890182,-0.8014679114288541,-0.026094855000445394,-2.807025291028115,-0.1519682375064537,0.06975854015012514,-1.737223386836284
2000-07-20,0.6852406724637895,-0.5958509004386013,0.7343070060289021,-1.9458521885464624,0.28229732504526506,-0.2960271516382905,-0.5652807042475376
2000-07-21,0.8517664171150676,-0.30114605814511786,-0.6320823589807782,-0.6237126695084763,-0.08719936469786604,0.10179971706101595,-1.3261893159891043
2000-07-22,0.6997925242434492,-1.4110734105016265,-0.7081989368426125,-0.42160020195013936,-0.21021054798745134,0.3739565411642405,-1.2768237414957582
2000-07-23,0.7151515930390715,-0.44146579279185183,0.4292636310879927,-1.6802242051385665,-0.7210997432576872,-0.5785454242101229,0.36087425562502917
2000-07-24,1.3821935145784354,0.3426640543789627,0.6458287388348491,-0.3138020043038404,0.02651674439980778,0.546892174170972,1.4283114522283031
2000-07-25,0.8144584639384822,0.24108405089336282,1.2842697260389198,-0.1153202985904906,-1.397298224593409,-0.6213866037236736,1.3122769747250858
2000-07-26,-0.5833507173777823,-1.1649708367507106,1.6046687685596002,0.9760528643711883,-0.9857053860174094,0.36409950106286654,3.5990733173648173
2000-07-27,-0.07174715517526517,-1.0990685442746515,1.1173879929898143,-0.4880805056519093,-0.5861955679854763,0.3352172453355507,1.9246949751659566
2000-07-28,0.1898620181018556,-0.5335762114412744,1.3436674772267088,0.005022646342910553,1.4816663789080555,-0.34044528578359656,1.9377098279080607
2000-07-29,-1.3947320731633992,0.33376145904283766,-0.6688234356429024,-0.07102721507136443,-0.4550968219958639,-0.22515534363011486,-2.1198091001136206
2000-07-30,-1.523349009298947,0.1788018176250505,-1.1928591104928676,1.2182220777041302,-0.8479030337307285,2.0973600454270724,0.1717824179540206
2000-07-31,-0.9375367798579851,-0.39271412734571653,-1.7256292778332887,-0.5696222144566958,0.22843876130445562,1.8282561641307629,-0.6752930692789803
2000-08-01,0.3209326723911063,-0.29129895975660336,0.2796077203292745,-0.21099000618083827,0.4567349736988528,1.252561233603977,1.1672469826527883
2000-08-02,0.20010004289937228,-0.4342552069737616,0.013297575285826646,-0.732401981892583,-0.7830889284524992,1.6611393627148319,-0.8824661754527894
2000-08-03,0.29997734905039586,0.1161685006841566,-0.36838692783014404,-1.2522441291689403,-0.08717802805493668,-0.34281362415481387,0.40215285984664645
2000-08-04,-0.842297491998683,0.1994564733199568,-0.27446174890508207,0.19472783140821004,-0.4077004722192122,-0.11159038428106603,-0.35641183428306245
2000-08-05,-1.5558753920074313,-1.2255708954693436,1.1600771487675574,1.0275877552757682,-1.513502562013527,0.1558085009863113,3.5360953195312983
2000-08-06,-1.1452060418132937,-1.1634268089064173,0.7335747661342548,0.9829757496994844,-0.468228317604479,0.0042797796853696335,1.0132395122642297
2000-08-07,0.6909012399520782,-0.392588051679915,-0.5797865048231658,-0.15582745938046239,-0.8649659985643843,0.5221325732405027,-0.8107424543634965
2000-08-08,-1.2125961899018285,-0.0011272643713440555,0.5183836185907857,-0.852200413409588,0.16549141064529949,0.27865800521619083,-1.842248241185743
2000-08-09,-0.3296037727048209,-1.195379233924188,0.058180992749295224,0.1808032628906343,-0.5925244193194237,0.7760272380274937,-1.5676038202729796
2000-08-10,-0.586599083835414,-0.14757423084587828,-0.6202690401773248,-0.49216183431392785,-0.8661415638930965,-1.0703735809815638,0.16560971389318474
2000-08-11,0.2184979922190904,-0.010305762775362812,0.24066909915390944,-0.6557485682765309,0.35041241782331245,0.349681297977504,1.1322376149458153
2000-08-12,0.015230855710135618,-0.816812452353919,0.7470226508618361,-1.4123533260036552,-0.9625432278069772,-0.6753130012531059,1.2226626282254847
2000-08-13,-0.7788569787362324,-0.19418405375142234,0.5212394650413492,-0.9902630798304993,-0.8089551847414227,0.29880971352287966,0.8665960096229595
2000-08-14,-0.09787467143942952,-0.11119736272988556,1.1266431848165412,-0.3268602015839317,1.0199472171550397,1.1992594274040214,-1.7192989334343067
2000-08-15,-2.080764425991918,-1.2049317070895988,0.960318680534799,-1.5766587559216254,0.5535931923780016,1.4059806197424807,5.210821017914199
2000-08-16,0.500488935529446,0.7867487196646304,-0.45054145428497006,1.4447788908771566,0.6161217594754481,1.2955746165443636,0.12531558106861385
2000-08-17,1.4295689154079976,-1.120391303895342,-1.327448733839217,1.93509721062979,0.715301262118552,0.10525386424821126,-3.6656235716014205
2000-08-18,0.25524986489973417,-2.19273548851871,-1.6429266817547097,1.3079794033240375,0.8122678110921754,-0.5286389280934376,-2.1122819646604007
2000-08-19,-0.295147282979363,-2.277506052099611,-1.278061770605257,2.487374193278053,-0.6745656651674841,0.6131752152196335,-0.16259273686438924
2000-08-20,1.3403765171005317,-1.5749468287193806,-1.854065177768647,-0.1200701910220181,0.6347767418001071,-0.07155851781460759,-5.057747413775286
2000-08-21,1.1864885885931242,-1.418527429659772,0.2685294452889936,-0.194710169571175,-0.3595288847771413,-0.09076995808605609,-4.267728782818297
2000-08-22,2.254186718410956,-0.8392226193437753,0.5068454747662074,-0.9791979224458525,-0.6776132965089028,0.49671879935179464,-1.5446809440870641
2000-08-23,0.22494989351445094,-1.2521635505454736,-0.31200306084775653,-2.0819268116450993,-0.8612569689861608,-0.4054621910678083,-1.2165772472830985
2000-08-24,1.7590449361966907,-1.6479887641520394,-0.457765736224085,-1.0039008918455639,-2.0189322480973475,0.3121884312576304,-7.903038197864055
2000-08-25,0.5534780810894826,-1.7612574745103011,0.19718518095463544,-0.7727687815380525,0.24817478178451746,-0.6218629583953745,-1.6218498620137143
2000-08-26,0.6993001538103446,0.5481559206437577,1.5260525376357323,-1.7466665381582884,1.1365801449938893,1.702141368895313,1.7700196336041873
2000-08-27,-0.08469754611721769,0.05353566013011768,0.5331863811442996,-0.9895270191781287,1.870993544322075,0.5995791918584701,-0.5364908326699263
2000-08-28,-0.053505003020514176,0.20491753860923073,-0.9455183338800776,0.730161300375898,0.09115625643526415,0.9044022162614533,0.47390757532097005
2000-08-29,-0.48796403340584704,0.20823584973654402,-0.46732301812044386,-0.33370110103821926,0.40127039985912577,0.25696107385345784,0.7404321173574091
2000-08-30,0.7467994700866032,-0.22335577374660806,-0.08529295920695099,-0.9949303554670634,-0.818550847397061,-0.20439050731028954,0.251905394523117
2000-08-31,1.3672105420766294,-0.64287204733841,-0.473260611529998,-2.136375753402578,-0.25185391836837634,-0.14935056733045465,-0.3671889468819365
2000-09-01,1.2146090597763648,-1.3311949454759087,0.27441803103585427,-1.5288521567414692,-0.665303567754708,-0.6548389023609699,-2.594925514075637
2000-09-02,1.1625556120485632,-1.1291170341757937,-0.11174108629730872,0.7435142911440444,0.6953931582575335,-1.5639253922215988,-3.1903845218576095
2000-09-03,-1.2079563827558406,-0.35935027487360227,1.1225262261609714,-0.11854107744997155,-0.6121426810485823,-2.2746551924079763,1.4449373575306272
2000-09-04,0.573506195630247,1.2129324774678354,0.2859081047198353,0.7962700310444175,0.2343494255002993,-1.53529037172777,2.7928781462402736
2000-09-05,0.8851154163329835,0.9657562171571588,0.5711007686928047,-0.6484812736349905,0.25538392410748934,-0.6818937403146631,1.7616304161516039
2000-09-06,-0.2583449900742827,0.35879798915642863,-1.0430901189573794,0.1078023709102538,2.0401691576379952,0.06781721602061647,-1.4410534188172714
2000-09-07,-0.8269160029726578,1.5410144679715705,-0.9788687425899458,1.899284429801075,1.1028282021105813,0.37528324496695153,-1.0783734174626451
2000-09-08,-0.5972718689301375,2.200355527779254,-0.27927343095164314,0.9246218975724505,1.0780339948434956,0.6480576625729867,-3.1484373920354924
2000-09-09,0.0823190285021837,1.038344571695219,1.7084052453473708,0.15648632850783978,-0.5453490622416548,-0.5225263466920453,0.5240752021728061
2000-09-10,2.2680130481827367,0.10215559898240506,0.5893661034432209,-0.922927523848672,-0.05777854057601753,-0.5184177102819714,-0.41658309490153766
2000-09-11,0.5446422688921054,-0.1585065929732911,-0.751846908887713,-1.1756364823482643,-1.7731522012165672,0.2868836519709379,-0.1522435757184969
2000-09-12,0.5206236551387663,-1.4937683482806285,-0.8706759404476527,-0.7606415672334385,-1.713766130715221,1.0842190690570113,-0.2176292293884763
2000-09-13,-0.004129556528343459,0.0249301875426714,0.45299864593970574,0.5895238731168955,-0.9109042662256152,-0.8954286756932379,1.3484940534954433
2000-09-14,-1.792585412833867,0.4600320635085564,-0.6700510006317018,0.686189927974924,-1.3075310825504054,0.5293621303126622,-1.971824886190777
2000-09-15,-0.3383469269861835,1.7065691236197122,-0.2573814756644867,1.5669031813017198,-1.6557783117643243,0.4108544763099726,-2.628672000690318
2000-09-16,0.4409058689761696,1.3278283114919758,-1.9305004983717526,1.2009187683521936,-2.1555939001759117,-0.36348575819794293,-0.5729147215676793
2000-09-17,1.209005988407447,1.7747292487643613,-0.31051765032685974,2.3706716609505687,-0.13313071015693057,0.2195226862967588,3.3931502586365543
2000-09-18,1.3323207085449809,2.227404790427071,-1.8524476877533336,2.4244950105407814,-1.5402143441978655,0.7151947852987759,4.254951985249253
2000-09-19,0.28577073324353025,1.9641852032642912,-1.1264866329919805,0.8404146005621544,0.8633424290327572,0.8003433718955522,0.8723528777394778
2000-09-20,0.47615256525969174,1.1419412205831379,-0.27292076470571747,1.3763743192837032,-0.37900270915637946,-0.1595010530482206,1.4532046578324822
2000-09-21,0.2911409718283418,0.15302960382064223,-0.9581786582508884,-0.021090455356844284,-0.5540699308880961,-0.4381412565312978,-1.7681929962765925
2000-09-22,1.8321059479111061,0.12040534354936057,-1.7457041482579565,-0.8782885060368016,-1.107034595134419,-1.1119113814230845,0.08464195172489858
2000-09-23,0.7508301748277277,-0.03548742086753164,-0.2737799252361952,0.5112543277969641,0.9693556142247238,-1.3156922841537408,-1.1954150308801719
2000-09-24,-2.268606914375378,0.41535571952033173,0.6113414981151541,0.7387291416412194,-0.008116641525842905,-1.709801415647258,-1.1462482397807305
2000-09-25,-0.9760259378962209,1.2992182203062261,-0.11570522773696418,-0.06202598416373378,0.3431151013290121,-1.2009024331063094,-3.3030046098887893
2000-09-26,-1.1595264025119578,1.37456706679068,0.4906454133819541,-0.3258003557259581,-0.8059236997044446,-0.3519218053278592,-1.7870251651678892
2000-09-27,-1.0016540592283403,1.6189124058511184,0.5822714212534869,-2.528362812883732,-0.9255825070910507,-1.1566829423432505,-2.2305978190314764
2000-09-28,-0.9380640460219165,1.4362932849759993,0.9142392317382952,-2.1027190843171057,-2.081113335753612,-0.11819117620815717,-3.138296473274374
2000-09-29,-1.9817260891628,0.7531844217189261,1.3185827492897948,-2.018879387498772,-0.6265358482079737,-1.508961833415414,-2.4155308903987884
2000-09-30,-0.874290137129724,-0.8899313544871863,1.8113846669496265,-1.1819695515105975,-1.0879363865045726,-1.1076636182475976,0.5503957604130894
2000-10-01,-0.8060872634070084,-0.8118576192159555,1.4202687194572539,-0.2938890667004127,-0.5896423373810791,-1.1801996464197595,2.172620991947289
2000-10-02,-1.5139916197921597,0.20201579583413332,-0.6096878789770048,-1.2813298230794286,-0.9724690075808775,-2.224734362620805,-0.864955431633907
2000-10-03,-1.1724318501629947,1.0176571308974978,0.9121904836030242,-1.5732125097455318,0.4226476592617099,-2.100179859807594,-1.0440601841375776
2000-10-04,-0.7983138443573214,1.5142130218465382,0.4710274322765568,-0.4638342706820187,2.028679890599654,-0.6861897832955588,-1.927375349528488
2000-10-05,-0.7510145292798335,2.0072268107408804,-0.45258437924266737,-0.17216871200492762,0.21448323539607317,-2.045406519401374,-3.117481777273665
