scenario,seed,model,true_role,oShapley_VI,VI_rank,GPBSV_MSE,GPBSV_RMSE,interpretation,avg_abs_tstat,frac_signif_5pct,avg_std_beta,ape_abs_beta,perm_import_train,pdp_range,feature,enet_std_coef,enet_ape_abs_coef,rf_oob_vi,rf_ape
persistent_rho099_rolling20,100,ols,signal,0.8163793080886341,1,-0.9446233946258568,-0.3500419728762985,beneficial,3.7039912972089613,0.9022556390977444,0.6720284832763775,0.9938799046726656,1.4204359918280027,2.591904125408857,x1,,,,
persistent_rho099_rolling20,100,ols,trap,0.2598380496478169,2,0.15229492636892458,0.057697602431628935,harmful,0.8209760188784879,0.08270676691729323,0.1496611986806498,1.050395753227865,0.04763289909226333,0.3925764227044122,x2,,,,
persistent_rho099_rolling20,100,ols,noise,0.1891885319619694,4,0.0967843272652188,0.03665438932402685,harmful,0.7989266891929583,0.02506265664160401,0.15195280342715548,0.22916713777232106,0.07798106787917687,0.4957503462482815,x3,,,,
persistent_rho099_rolling20,100,ols,noise,0.1978310863324565,3,0.026793392203038342,0.010888253282211751,harmful,0.9528029794686448,0.09774436090225563,0.16700777787473828,0.23234366018348046,0.10399149633756502,0.7327060212907714,x4,,,,
persistent_rho099_rolling20,101,ols,signal,0.7597814037144452,1,-0.7454900763344106,-0.2858789489965601,beneficial,3.467427691463768,0.93734335839599,0.6542313804281894,0.9288835102195351,2.078062796513306,3.255954532136525,x1,,,,
persistent_rho099_rolling20,101,ols,trap,0.22607191185417644,2,0.12479407483766247,0.050028827488577766,harmful,0.7128202217296997,0.045112781954887216,0.13981087943815093,0.9021872990415128,0.1534164055299105,0.6421078092708888,x2,,,,
persistent_rho099_rolling20,101,ols,noise,0.1876928156467039,4,0.09636946606828964,0.03673734861584918,harmful,0.8243263628974911,0.05012531328320802,0.15683843118937707,0.21373914471436492,0.24624338554355335,1.0298666857397685,x3,,,,
persistent_rho099_rolling20,101,ols,noise,0.2161337593961194,3,0.04448686447118126,0.01757861401470029,harmful,0.9811496827984368,0.12030075187969926,0.1840669645555163,0.25934381679166824,0.3271672243419839,0.993112069411635,x4,,,,
persistent_rho099_rolling20,102,ols,signal,0.8252098687676641,1,-1.096318273571831,-0.4030212463759988,beneficial,3.4316731519655246,0.8320802005012531,0.6541331955010444,0.974960118160424,2.578361005581227,3.3360111193369297,x1,,,,
persistent_rho099_rolling20,102,ols,trap,0.2846124827675759,2,0.2304373630669345,0.08534567187836772,harmful,0.8612186544752741,0.06516290726817042,0.16316944421203436,1.0085841052909683,0.18441497470757198,0.6474278013216257,x2,,,,
persistent_rho099_rolling20,102,ols,noise,0.18213514475562845,4,0.09233922649300604,0.03403250589678531,harmful,0.8337656188865545,0.07268170426065163,0.15150192519403993,0.2170915340692671,0.08222376724122936,0.5469977910735851,x3,,,,
persistent_rho099_rolling20,102,ols,noise,0.19410494223624894,3,0.06868537676401287,0.026887264929250927,harmful,0.8121652861224765,0.06265664160401002,0.15649803984487132,0.24388007039549275,0.12656368178315133,0.6592920154593906,x4,,,,
persistent_rho099_rolling20,103,ols,signal,0.8543211156527829,1,-0.9974524345634308,-0.3630487181289552,beneficial,3.766897868607341,0.9348370927318296,0.6772975874972075,1.006837104531698,1.822449509005916,2.7145207951287427,x1,,,,
persistent_rho099_rolling20,103,ols,trap,0.24751743099865434,2,0.2207601072751971,0.07977024558162189,harmful,0.7341295331405713,0.06015037593984963,0.13716387452136494,0.9913487807003776,0.20898564793672053,0.7556112320582539,x2,,,,
persistent_rho099_rolling20,103,ols,noise,0.18111166562697567,4,0.06217574838734177,0.02235522138213645,harmful,0.8645047819421094,0.11278195488721805,0.1468526402218484,0.2316180985345083,0.07104162946718705,0.3769346368142283,x3,,,,
persistent_rho099_rolling20,103,ols,noise,0.23837130543304,3,0.049665047292627613,0.018496935474416963,harmful,1.1590597862620924,0.19548872180451127,0.21435217709902246,0.2984228209059084,0.09018802663441104,0.29913514292451004,x4,,,,
persistent_rho099_rolling20,104,ols,signal,0.8500759620059513,1,-1.1817838945781758,-0.4224077272360349,beneficial,3.7803865628275672,0.8847117794486216,0.6600420258200946,0.9792338965007444,1.86959445066972,2.7963389423871345,x1,,,,
persistent_rho099_rolling20,104,ols,trap,0.2723753872084033,2,0.23107707927011814,0.0807785961892944,harmful,0.8608880027430196,0.08270676691729323,0.16205040614538946,1.1826529132578218,0.215533342455018,0.8189383428165481,x2,,,,
persistent_rho099_rolling20,104,ols,noise,0.19992388215574292,3,0.06381858005986145,0.02328734323392389,harmful,0.9558773199281304,0.09523809523809523,0.16787266715534616,0.2587006295517192,0.3976828092642161,1.2827367019842757,x3,,,,
persistent_rho099_rolling20,104,ols,noise,0.17264385370876814,4,0.0731087195622429,0.027311932152187458,harmful,0.7370884338938373,0.047619047619047616,0.13588564557363814,0.19720750136047305,0.04276892037155796,0.3692812225990487,x4,,,,
persistent_rho099_rolling20,105,ols,signal,0.8089460884390115,1,-0.9424666768367104,-0.35784779421540913,beneficial,3.545602871159522,0.8847117794486216,0.6547799986396116,1.042371958392203,1.4637660239476191,2.5418193763520924,x1,,,,
persistent_rho099_rolling20,105,ols,trap,0.24494983133958365,2,0.14197227485239158,0.05334108345516445,harmful,0.7842079499186682,0.04260651629072682,0.15526373193346904,1.0923162276557696,0.061200195420247,0.3717479471611497,x2,,,,
persistent_rho099_rolling20,105,ols,noise,0.16291852165671675,4,0.06968011993299844,0.027106025974046898,harmful,0.6841895182491446,0.030075187969924814,0.1357419296420913,0.1837965814688854,0.07104638633325984,0.5096923233833349,x3,,,,
persistent_rho099_rolling20,105,ols,noise,0.19781666949227067,3,0.042115408680223315,0.017819642263611945,harmful,0.8789589875623204,0.09774436090225563,0.1702716131635354,0.2465868372458961,0.06866670684920757,0.55656548213329,x4,,,,
persistent_rho099_rolling20,106,ols,signal,0.7734665572786515,1,-0.8200086082765552,-0.31574766946016003,beneficial,3.436809595336134,0.8521303258145363,0.6505493864244732,0.9851451736976724,1.5979460186116914,2.4164147184560067,x1,,,,
persistent_rho099_rolling20,106,ols,trap,0.2509647462411543,2,0.1723697758409436,0.06687962308330872,harmful,0.7688336108576167,0.02756892230576441,0.153556460124236,0.8692066440184062,0.15747754222858015,0.6544112004072262,x2,,,,
persistent_rho099_rolling20,106,ols,noise,0.19179759504441754,3,0.08329220208582233,0.03205169923129611,harmful,0.8627035112711674,0.06265664160401002,0.17110597175721254,0.238164981463444,0.09185158832575242,0.7134610730484212,x3,,,,
persistent_rho099_rolling20,106,ols,noise,0.16730745107504336,4,0.08421784874103476,0.032863736226506686,harmful,0.7550732438541162,0.07769423558897243,0.1378055040336188,0.198248955750296,0.06296656394367584,0.5621839946170806,x4,,,,
persistent_rho099_rolling20,107,ols,signal,0.8195179364864169,1,-0.9561161478138084,-0.3563870979792118,beneficial,3.577609861966133,0.8671679197994987,0.6650303759121621,0.9288067985039004,2.099029983949517,2.610448048457351,x1,,,,
persistent_rho099_rolling20,107,ols,trap,0.2741861910085787,2,0.19974502146519632,0.07369568533535115,harmful,0.8098500524711537,0.06015037593984963,0.15860982693050132,1.0531060030024566,0.09505451169032872,0.5675540801053247,x2,,,,
persistent_rho099_rolling20,107,ols,noise,0.17587772701551152,4,0.09699389164242746,0.03666657947427618,harmful,0.74638202754788,0.02756892230576441,0.13926162952009544,0.1966202051030372,0.1110390873124342,0.4915635434897184,x3,,,,
persistent_rho099_rolling20,107,ols,noise,0.20423348354184387,3,0.06624358090660629,0.025930616550562387,harmful,0.9933729607513196,0.08521303258145363,0.17953342341919482,0.26447888069797504,0.14014300971329866,0.616329987989175,x4,,,,
persistent_rho099_rolling20,108,ols,signal,0.7668354802147294,1,-1.0737602631020526,-0.4109819294118085,beneficial,3.690289798247016,0.8922305764411027,0.661663787451862,0.9726098139206768,1.683207417402913,2.9407039183992483,x1,,,,
persistent_rho099_rolling20,108,ols,trap,0.29126773617540863,2,0.04439496626095856,0.018850028768662805,harmful,1.0878020676476772,0.16791979949874686,0.19573036288402945,1.1142900085507697,0.6051213425232509,1.3410194647127844,x2,,,,
persistent_rho099_rolling20,108,ols,noise,0.14197350538492334,4,0.10279314587453556,0.03990622574410886,harmful,0.7152774415163721,0.017543859649122806,0.1260563558323486,0.18165817885720367,0.052090333270894136,0.4200626170000836,x3,,,,
persistent_rho099_rolling20,108,ols,noise,0.1948937305972437,3,0.049245065997809784,0.018976199149981228,harmful,0.934222074129064,0.045112781954887216,0.16884142676466554,0.255665361162603,0.2005380401843011,0.8609653086683972,x4,,,,
persistent_rho099_rolling20,109,ols,signal,0.8912356435346569,1,-1.0771401452484042,-0.4107677608408555,beneficial,4.3288257442359255,0.9649122807017544,0.7142023782498418,1.0465508338202152,1.6831751825742636,2.900752730656098,x1,,,,
persistent_rho099_rolling20,109,ols,trap,0.2555318207997835,2,0.1633200074154684,0.06025101002968066,harmful,0.8354268473759521,0.06516290726817042,0.1495855290236856,0.97069113910146,0.13785087359732404,0.6610080324833044,x2,,,,
persistent_rho099_rolling20,109,ols,noise,0.2031650630749494,4,0.028697479790820726,0.01267507383907616,harmful,1.017661148861278,0.09273182957393483,0.16769282712754635,0.2497985473305688,0.2408403684815103,0.9680800818869576,x3,,,,
persistent_rho099_rolling20,109,ols,noise,0.2145841918563528,3,0.047435869358724236,0.01862944098817091,harmful,1.071210834316513,0.16040100250626566,0.17928363895043878,0.24063123467229736,0.03881178823699122,0.3951423594535522,x4,,,,
persistent_rho099_rolling20,110,ols,signal,0.7978170256574542,1,-0.7900287084184103,-0.3027497182938693,beneficial,3.4754337201216865,0.9047619047619048,0.6779163538170119,1.0167627826186076,2.3049581496369367,3.1228058255826183,x1,,,,
persistent_rho099_rolling20,110,ols,trap,0.2551529409494857,2,0.15648956678256604,0.06005293274901233,harmful,0.7969271437610035,0.05764411027568923,0.15427383414322482,1.0655863933622771,0.15134288748385433,0.7490060613611549,x2,,,,
persistent_rho099_rolling20,110,ols,noise,0.15053340239327548,4,0.05310820454649205,0.021330658890410498,harmful,0.6684949266389377,0.02005012531328321,0.13242241105514754,0.17548449916569409,0.06752168411833293,0.487203190455519,x3,,,,
persistent_rho099_rolling20,110,ols,noise,0.19983871392068964,3,0.09129628762893137,0.03541043867443317,harmful,0.9088141049292476,0.06766917293233082,0.1739235217437763,0.2446445870945256,0.05113657512650895,0.4356063813274169,x4,,,,
persistent_rho099_rolling20,111,ols,signal,0.8252784373827681,1,-0.9773744974424532,-0.3741971987851093,beneficial,3.911174623136996,0.9473684210526316,0.6959191492914111,1.094087709168427,1.5954141808416964,2.513893646347122,x1,,,,
persistent_rho099_rolling20,111,ols,trap,0.24358035283879406,2,0.15164020688908908,0.055546003814163684,harmful,0.7684813118251007,0.06265664160401002,0.1421123258234973,0.8210110042388784,0.14937103567219026,0.8059744470360606,x2,,,,
persistent_rho099_rolling20,111,ols,noise,0.1938643604353063,4,0.05391819010141893,0.021359323588806642,harmful,0.9376865002869964,0.06015037593984963,0.1707244511340125,0.241398537826785,0.2844334880808431,0.9757825115827088,x3,,,,
persistent_rho099_rolling20,111,ols,noise,0.2357669108409134,3,0.07353916128095625,0.027956074686000604,harmful,1.1953544340517737,0.17543859649122806,0.2137249243010231,0.3023987829501746,0.17800571653540814,0.6533441873165557,x4,,,,
persistent_rho099_rolling20,112,ols,signal,0.7462657627639209,1,-0.7894900421888267,-0.3091254399078309,beneficial,3.5306506107944124,0.8120300751879699,0.6473471802048879,0.8514568106446742,1.829580032711708,2.625137650396196,x1,,,,
persistent_rho099_rolling20,112,ols,trap,0.259516122929428,2,0.1425722838495683,0.05546876489885565,harmful,0.910330794792384,0.09273182957393483,0.16670433116298386,1.0799398887158909,0.12787813555208674,0.6640476082302326,x2,,,,
persistent_rho099_rolling20,112,ols,noise,0.2177254963516196,3,0.01937443426388292,0.009606801643101608,near-zero,1.039611231139915,0.10025062656641603,0.19232485912577335,0.2736605925153756,0.14838802438205145,0.6480405442581038,x3,,,,
persistent_rho099_rolling20,112,ols,noise,0.15325533664274849,4,0.08529497403707338,0.03397573807235578,harmful,0.744096890489952,0.03258145363408521,0.13544368841602367,0.2026149222325586,0.17426588580070626,0.8052225091507411,x4,,,,
persistent_rho099_rolling20,113,ols,signal,0.8535865367978787,1,-0.9917622175039748,-0.3747339698473456,beneficial,3.875703023164329,0.9348370927318296,0.6909921206328947,1.0429020288218789,2.556120152552701,3.4366795357339686,x1,,,,
persistent_rho099_rolling20,113,ols,trap,0.289117815031277,2,0.15016746350823135,0.060213389994748415,harmful,0.905802751289712,0.10275689223057644,0.16737246397060465,1.2898923990524258,0.030382593781987557,0.3313159409286831,x2,,,,
persistent_rho099_rolling20,113,ols,noise,0.1786211495206508,3,0.07571287174320998,0.029490526611721024,harmful,0.8189744019868485,0.047619047619047616,0.14805979111705722,0.22869511699770975,0.2074158964785223,0.8532747557409037,x3,,,,
persistent_rho099_rolling20,113,ols,noise,0.1611262129956096,4,0.08787319598713644,0.03242935196341696,harmful,0.7101530224771038,0.047619047619047616,0.1302799286542625,0.19256271516827864,0.17555387864306154,0.7101926570269257,x4,,,,
persistent_rho099_rolling20,114,ols,signal,0.7509447353245017,1,-0.7580822143656505,-0.2956491812461194,beneficial,3.5679297965503567,0.8872180451127819,0.6394721245254239,0.9864044773671318,1.6190418674909606,2.3387016732026837,x1,,,,
persistent_rho099_rolling20,114,ols,trap,0.2929772278351934,2,0.09263390707973038,0.037650514735044084,harmful,0.9681037539938164,0.13283208020050125,0.18172469602879213,1.2174360257890104,0.16934263696973684,0.7903881663975068,x2,,,,
persistent_rho099_rolling20,114,ols,noise,0.18244804359557695,3,0.1289441005687895,0.0501447994724734,harmful,0.9091908082818416,0.07518796992481203,0.16509849921940206,0.2315277074176548,0.18106939582146905,0.8598621827362705,x3,,,,
persistent_rho099_rolling20,114,ols,noise,0.15052731700607352,4,0.08491439075317946,0.03359413162142175,harmful,0.7016219723365281,0.022556390977443608,0.12787785309845606,0.17190715228638492,0.17069821538908894,0.6963568438663739,x4,,,,
persistent_rho099_rolling20,115,ols,signal,0.7253794026706092,1,-0.8189212542172564,-0.3091213071760973,beneficial,3.3200888679592384,0.8671679197994987,0.640495182589532,0.998900376293536,1.8085916495676213,2.3561710965996756,x1,,,,
persistent_rho099_rolling20,115,ols,trap,0.3194009155860101,2,0.265385484319381,0.0983420189362406,harmful,0.918417728914294,0.11278195488721805,0.1900404475185384,1.1872363712620646,0.1108288389400223,0.5358110317372583,x2,,,,
persistent_rho099_rolling20,115,ols,noise,0.19966167633629556,3,0.09519520588479972,0.036682765972133165,harmful,0.8869060905428827,0.08521303258145363,0.16780496105035825,0.22604887195165335,0.0970668253747197,0.573706424812352,x3,,,,
persistent_rho099_rolling20,115,ols,noise,0.17158849520786187,4,0.061324817389258324,0.02372924811813437,harmful,0.8366340617901419,0.06265664160401002,0.1572643254768889,0.21950981549932386,0.18411664465523733,0.6064928702883579,x4,,,,
persistent_rho099_rolling20,116,ols,signal,0.8122500115779913,1,-1.0538946414396866,-0.41403192630244173,beneficial,3.8862642579721833,0.9097744360902256,0.6889872973074533,1.020348673352288,1.7614540087877864,2.716446942202241,x1,,,,
persistent_rho099_rolling20,116,ols,trap,0.2529414881848153,2,0.15689814642500474,0.0627494850213819,harmful,0.8373761818668527,0.04010025062656642,0.15456054823956125,0.8563231870085167,0.06855421330856874,0.4681058502842916,x2,,,,
persistent_rho099_rolling20,116,ols,noise,0.1658766968493986,3,0.06784785343140927,0.02807594392764595,harmful,0.7721939880856497,0.012531328320802004,0.13893782241816052,0.20164957022234248,0.08265461511313467,0.4666823172771217,x3,,,,
persistent_rho099_rolling20,116,ols,noise,0.16198001847977933,4,0.10310056099126222,0.03968867618009253,harmful,0.7500855551351748,0.04010025062656642,0.13983544659439584,0.18796745807645268,0.0402264951834813,0.3406768546003808,x4,,,,
persistent_rho099_rolling20,117,ols,signal,0.832723801778962,1,-0.9246162532930086,-0.3615527094642929,beneficial,3.988708377840513,0.8721804511278195,0.6768607040881429,0.9735643779197573,1.4024156705127957,2.392050855586077,x1,,,,
persistent_rho099_rolling20,117,ols,trap,0.2432085453530725,2,0.1243328916661202,0.05051965069955205,harmful,0.7975507844412262,0.06516290726817042,0.15059771604356798,0.9727305979483534,0.03379618198956705,0.28769545777964195,x2,,,,
persistent_rho099_rolling20,117,ols,noise,0.2092609519035396,3,0.08045189041596675,0.030673383414301564,harmful,1.0495990205496584,0.11779448621553885,0.18679861043265053,0.2495951141052983,0.35997177467301394,1.0430593720371055,x3,,,,
persistent_rho099_rolling20,117,ols,noise,0.16947905997601814,4,0.0635998550070464,0.025136240941211276,harmful,0.8588508545065705,0.04010025062656642,0.1505233874656741,0.2349030051971339,0.054122891787635234,0.4845654694452325,x4,,,,
persistent_rho099_rolling20,118,ols,signal,0.7863299702024847,1,-0.8604950812847488,-0.32947895420225565,beneficial,3.3611599500487093,0.8471177944862155,0.6494819434836726,0.9791938730180322,1.489699814448738,2.2740277784916403,x1,,,,
persistent_rho099_rolling20,118,ols,trap,0.2327124940681866,2,0.1904306055146252,0.07364117190276798,harmful,0.7376663004469253,0.030075187969924814,0.14485819181270582,0.9006005231577201,0.07060525344197185,0.541935309716854,x2,,,,
persistent_rho099_rolling20,118,ols,noise,0.1930107024758503,3,0.0873646833632134,0.03316601226792649,harmful,0.9242741861740044,0.08270676691729323,0.17046048475635506,0.2607144737275525,0.16687673772538633,0.5333029033383277,x3,,,,
persistent_rho099_rolling20,118,ols,noise,0.1545367475728268,4,0.057107244758717375,0.022353579984620068,harmful,0.7196467103211104,0.045112781954887216,0.1411764010076242,0.19375608460605884,0.0928303059097033,0.6118834468985112,x4,,,,
persistent_rho099_rolling20,119,ols,signal,0.850578489092287,1,-1.045203500251336,-0.4043967160776869,beneficial,3.84657093943723,0.9172932330827068,0.6904119436561459,1.0098919755468438,1.4470721664233783,2.41152000444997,x1,,,,
persistent_rho099_rolling20,119,ols,trap,0.2282259770357033,2,0.17946666985778242,0.0686275485078695,harmful,0.7326808479590753,0.03258145363408521,0.14245628347372466,1.036419911271217,0.01867788846533712,0.2471276120456504,x2,,,,
persistent_rho099_rolling20,119,ols,noise,0.13261218210307776,4,0.033178485446194124,0.014275652249430915,harmful,0.6062601321545984,0.04010025062656642,0.10448013476109676,0.1645765370930099,0.13338142157016225,0.6741170638418791,x3,,,,
persistent_rho099_rolling20,119,ols,noise,0.16598080877717675,3,0.07342489924911502,0.02883326533931935,harmful,0.7910710513405576,0.03258145363408521,0.14660099955187958,0.20800711437105565,0.06640091163982967,0.46089806119925997,x4,,,,
persistent_rho099_rolling20,100,enet,signal,0.7121978383545895,1,-0.9520512236608092,-0.3593766107929926,beneficial,,,,,1.2689627697239856,2.321322309605531,x1,0.5441695478830649,0.7539049749019555,,
persistent_rho099_rolling20,100,enet,trap,0.17314185336576324,2,0.0659688115009317,0.02616635506537343,harmful,,,,,0.03402170007946458,0.2467437508045583,x2,0.06455649313084408,0.4431167276073271,,
persistent_rho099_rolling20,100,enet,noise,0.12668652128139335,4,0.0510416307011656,0.019889640806752443,harmful,,,,,0.06105580170831978,0.3564524640957505,x3,0.08987359736309057,0.1177334912643824,,
persistent_rho099_rolling20,100,enet,noise,0.1406374469784841,3,0.02011520819502428,0.008284564409088816,harmful,,,,,0.05252958668052225,0.4824846240719058,x4,0.11822700854627854,0.19534788283167645,,
persistent_rho099_rolling20,101,enet,signal,0.7596767214648141,1,-0.745526805769963,-0.2859013517520557,beneficial,,,,,2.077453475311393,3.2553447785661747,x1,0.7920775884801918,1.0423889618832702,,
persistent_rho099_rolling20,101,enet,trap,0.22596439644085484,2,0.1246991013914363,0.0499937960947042,harmful,,,,,0.1532944722747666,0.6417921307034886,x2,0.18368709661214047,0.913880948381834,,
persistent_rho099_rolling20,101,enet,noise,0.18761158735535172,4,0.0963249096601502,0.03672147657270943,harmful,,,,,0.2461370351479335,1.0295068232493436,x3,0.26782577307298594,0.4024510565375291,,
persistent_rho099_rolling20,101,enet,noise,0.2160498394367521,3,0.04443991409234695,0.017561244372846216,harmful,,,,,0.3269400961334684,0.9926160803630636,x4,0.26282852848282146,0.3467927067291871,,
persistent_rho099_rolling20,102,enet,signal,0.7199466266313089,1,-1.0626196280032674,-0.3999736123490144,beneficial,,,,,2.205431456450282,2.9432078812261806,x1,0.6356733680822108,0.8491030610567742,,
persistent_rho099_rolling20,102,enet,trap,0.18320832799866527,2,0.11085695675836976,0.04279071662785329,harmful,,,,,0.10166912041621737,0.4488989586678655,x2,0.10829753262403917,0.673780919600268,,
persistent_rho099_rolling20,102,enet,noise,0.1224603492558576,4,0.04601277751473413,0.017460183899836314,harmful,,,,,0.06259849795856877,0.3660574449709699,x3,0.09087898630464622,0.1564115326820817,,
persistent_rho099_rolling20,102,enet,noise,0.13556896007713673,3,0.03163650898456692,0.01298258519856308,harmful,,,,,0.10870022597378944,0.4464284520206837,x4,0.1001438723412904,0.18145296500635505,,
persistent_rho099_rolling20,103,enet,signal,0.7488637571647756,1,-0.9881172150468079,-0.3673928662160391,beneficial,,,,,1.5333912439956867,2.365506627231224,x1,0.5931093320990611,0.9708498573404466,,
persistent_rho099_rolling20,103,enet,trap,0.16889987294054254,2,0.13094698501670649,0.048263509977678434,harmful,,,,,0.1485353376313569,0.4825037446969385,x2,0.12397514594251804,1.0443540543364032,,
persistent_rho099_rolling20,103,enet,noise,0.12192896361042,4,0.03122536358249825,0.011267701757987934,harmful,,,,,0.04610059796819168,0.21874377414892493,x3,0.05500542479739802,0.08535179919873638,,
persistent_rho099_rolling20,103,enet,noise,0.1638071714100177,3,0.016528011450947212,0.00620752354566367,near-zero,,,,,0.06440894961944361,0.18297740192014456,x4,0.05328833918081288,0.08463487321867888,,
persistent_rho099_rolling20,104,enet,signal,0.7502412709391741,1,-1.1655833862031215,-0.428100001884615,beneficial,,,,,1.5824975133850063,2.4621095293342368,x1,0.5576250783947758,0.8671499572526363,,
persistent_rho099_rolling20,104,enet,trap,0.17460145100473298,2,0.10614906801488996,0.038377802272104584,harmful,,,,,0.19395806825273734,0.6219617262795714,x2,0.1488231669940141,1.2367600073168643,,
persistent_rho099_rolling20,104,enet,noise,0.14085060687056392,3,0.03284447870824786,0.012424429050469648,harmful,,,,,0.2847669466522462,0.9718671950267376,x3,0.22438326287720092,0.3396721384450003,,
persistent_rho099_rolling20,104,enet,noise,0.11181318465010476,4,0.045789036537827406,0.017721907779319514,harmful,,,,,0.031963407422945095,0.2354602389031743,x4,0.05465397195281476,0.07058483036822191,,
persistent_rho099_rolling20,105,enet,signal,0.7095276569191501,1,-0.9400870558448152,-0.3631146405203951,beneficial,,,,,1.2959321694502348,2.258691304832776,x1,0.5543037500661898,0.8783568416647739,,
persistent_rho099_rolling20,105,enet,trap,0.15216695757581916,2,0.072736321874949,0.027995197953301684,harmful,,,,,0.058657780051948924,0.26504114417468083,x2,0.07130931418161998,0.4675957553355519,,
persistent_rho099_rolling20,105,enet,noise,0.10657683323741923,4,0.042870082273304834,0.017147347659817555,harmful,,,,,0.07463919746995692,0.3703397301715404,x3,0.08321640983179894,0.11318096803712654,,
persistent_rho099_rolling20,105,enet,noise,0.12671025572466213,3,0.021644346547438287,0.009715475203618934,harmful,,,,,0.04401744801945813,0.3428260873818965,x4,0.08761261864951468,0.1175080636917644,,
persistent_rho099_rolling20,106,enet,signal,0.6736740909843035,1,-0.7953583861716131,-0.3153887213771055,beneficial,,,,,1.1930523890617049,2.0066894176369545,x1,0.5308461036053603,0.7796285373279073,,
persistent_rho099_rolling20,106,enet,trap,0.15255858787087928,2,0.07018156804453976,0.028588833362787624,harmful,,,,,0.11748940274663915,0.4543247883658571,x2,0.1154592030171554,0.8402495701632665,,
persistent_rho099_rolling20,106,enet,noise,0.1233873889323944,3,0.04056612511759089,0.01646051928253291,harmful,,,,,0.06147628863880284,0.4558284070668662,x3,0.106223079545696,0.17553372779640392,,
persistent_rho099_rolling20,106,enet,noise,0.11107484026429146,4,0.034392681588260775,0.014126908687324531,harmful,,,,,0.029384214740394432,0.30258484770825217,x4,0.07425497128265053,0.110722381555075,,
persistent_rho099_rolling20,107,enet,signal,0.7135309097296259,1,-0.933221248305756,-0.3566249487818443,beneficial,,,,,1.7683314418024323,2.243372354549061,x1,0.5498613529949891,0.7494358690117793,,
persistent_rho099_rolling20,107,enet,trap,0.16833050408600905,2,0.09120997133702743,0.035429076582028866,harmful,,,,,0.06506071627574958,0.37146802159793896,x2,0.09216887865900646,0.6639700635734413,,
persistent_rho099_rolling20,107,enet,noise,0.11040459511074092,4,0.05726693459684201,0.02222656097320229,harmful,,,,,0.07436816891487194,0.32108721746642666,x3,0.061789208004608125,0.1245454282217172,,
persistent_rho099_rolling20,107,enet,noise,0.1446243585523135,3,0.04135928114629088,0.016595602382239075,harmful,,,,,0.10502649685351162,0.4059900475747733,x4,0.0989394058490765,0.15540766854760305,,
persistent_rho099_rolling20,108,enet,signal,0.6712324734136604,1,-1.0440882017215514,-0.4058829762386105,beneficial,,,,,1.3847915312088221,2.5286785562794813,x1,0.5904937717033747,0.9521671218308144,,
persistent_rho099_rolling20,108,enet,trap,0.21415043382756094,2,-0.019197751567918874,-0.005901980921299745,near-zero,,,,,0.4258223919870148,1.016573556786621,x2,0.2743557256773688,1.668188213381671,,
persistent_rho099_rolling20,108,enet,noise,0.08464600800692214,4,0.05888283288337433,0.022988182654825585,harmful,,,,,0.023930244423115057,0.18098223686756104,x3,0.04361672522978258,0.06942412201974449,,
persistent_rho099_rolling20,108,enet,noise,0.1289932085520453,3,0.02112271839563273,0.00850612835843203,harmful,,,,,0.11354829707625172,0.5467341759587605,x4,0.13500820406009353,0.1902808197195992,,
persistent_rho099_rolling20,109,enet,signal,0.790743052060955,1,-1.0782538903738017,-0.4213847110495743,beneficial,,,,,1.4890735958223886,2.5653715109936956,x1,0.6081518800345134,0.95477451514845,,
persistent_rho099_rolling20,109,enet,trap,0.1382357574883381,4,0.07314215575031599,0.0274681925001176,harmful,,,,,0.09078596705865637,0.3933709937636495,x2,0.09473537432021542,0.4514182481223382,,
persistent_rho099_rolling20,109,enet,noise,0.14437847522846187,3,0.012121749106441884,0.0058506805673796255,near-zero,,,,,0.16135460552592507,0.6761234130284215,x3,0.16815356662574682,0.23963088855183334,,
persistent_rho099_rolling20,109,enet,noise,0.14906716868821784,2,0.009899914487953798,0.003944616476384917,near-zero,,,,,0.012174135307062291,0.12566280586526965,x4,0.03460399928061121,0.05105632132263259,,
persistent_rho099_rolling20,110,enet,signal,0.6890874740733551,1,-0.7920532500381819,-0.31109647645809835,beneficial,,,,,1.9149189573779748,2.7222186509876334,x1,0.6374039542332095,0.9713086480130684,,
persistent_rho099_rolling20,110,enet,trap,0.15843687897329078,2,0.05865404353630696,0.023520510783491263,harmful,,,,,0.10763519781381,0.5439671233229373,x2,0.12293076599434899,1.028790765100841,,
persistent_rho099_rolling20,110,enet,noise,0.08884180522880791,4,0.02659116721075006,0.011204387774402842,harmful,,,,,0.02530922930322749,0.21053601405156924,x3,0.047532961759942434,0.06955389173672105,,
persistent_rho099_rolling20,110,enet,noise,0.13195389285339218,3,0.05522796128595688,0.02204831593830487,harmful,,,,,0.04362273180330669,0.2973762139663497,x4,0.06509598093597681,0.08972058864939936,,
persistent_rho099_rolling20,111,enet,signal,0.713986952538057,1,-0.9514372300622932,-0.3726591416233564,beneficial,,,,,1.3499803173325449,2.2176659056338126,x1,0.5108484417911439,0.8269284921205766,,
persistent_rho099_rolling20,111,enet,trap,0.14866838199622928,3,0.07561440980455272,0.028842068283631662,harmful,,,,,0.07379888078514671,0.4636034835767388,x2,0.10191292979398532,0.6823922712570221,,
persistent_rho099_rolling20,111,enet,noise,0.12564318593050744,4,0.03946598545196292,0.015955043585093937,harmful,,,,,0.24521525010528095,0.8060998118123022,x3,0.19341942249924785,0.2902803990030989,,
persistent_rho099_rolling20,111,enet,noise,0.16125609330144014,2,0.03321015455642844,0.012474194630974609,harmful,,,,,0.1267298913442187,0.4738686174168446,x4,0.1162070797558181,0.19445831617035075,,
persistent_rho099_rolling20,112,enet,signal,0.6513627731339547,1,-0.7985865824937709,-0.31935771951119674,beneficial,,,,,1.5142376609406718,2.2710075991544665,x1,0.6088633434254698,0.7767100316774671,,
persistent_rho099_rolling20,112,enet,trap,0.1660099122350147,2,0.07130988170620653,0.028846124225206837,harmful,,,,,0.07663866633996776,0.4258242461640635,x2,0.1138204895620646,0.9047509706886776,,
persistent_rho099_rolling20,112,enet,noise,0.16388988932005147,3,-0.002988226748336041,0.000295151647026477,near-zero,,,,,0.12991940855461742,0.5339220322898853,x3,0.1500047351389104,0.2118821152288161,,
persistent_rho099_rolling20,112,enet,noise,0.09752935155764758,4,0.0492523853489958,0.02010001161565969,harmful,,,,,0.12753395734205486,0.6040857247125416,x4,0.17286843384375006,0.25045930700597024,,
persistent_rho099_rolling20,113,enet,signal,0.7555749826874222,1,-0.9960678593322916,-0.3835380854898191,beneficial,,,,,2.1359862664311837,2.9911418890258377,x1,0.6718790157220467,1.0601929549771327,,
persistent_rho099_rolling20,113,enet,trap,0.2010908487854557,2,0.07857242211113888,0.032902735641290766,harmful,,,,,0.017999182524051287,0.16282348429930765,x2,0.03708344041103887,0.3581097086698152,,
persistent_rho099_rolling20,113,enet,noise,0.11202901662004768,3,0.0385457534870556,0.015542397585802456,harmful,,,,,0.1348915786779643,0.5718755582544499,x3,0.1374099022152516,0.2183559960541661,,
persistent_rho099_rolling20,113,enet,noise,0.09595821078756912,4,0.050538553056373454,0.018977628012893898,harmful,,,,,0.11508670969236773,0.4328185119880358,x4,0.09805046794367957,0.17188786068102402,,
persistent_rho099_rolling20,114,enet,signal,0.6624090768810285,1,-0.7759480718650642,-0.30841210601711483,beneficial,,,,,1.3633992818865732,2.0549765897162846,x1,0.5656747402415816,0.9016450824880335,,
persistent_rho099_rolling20,114,enet,trap,0.20160577181944606,2,0.03238472685503577,0.01407873253135378,harmful,,,,,0.11021033543420077,0.5649214734161071,x2,0.148573499944148,1.2112993225455333,,
persistent_rho099_rolling20,114,enet,noise,0.12125294152881805,3,0.09498611212413101,0.037675433219349054,harmful,,,,,0.10108393604957357,0.5532359365500007,x3,0.15102225936237385,0.20711012962180614,,
persistent_rho099_rolling20,114,enet,noise,0.09285001967805648,4,0.05695115831207465,0.023006032531050137,harmful,,,,,0.12113558024686448,0.4681966363542847,x4,0.11987278876347778,0.1709209438851878,,
persistent_rho099_rolling20,115,enet,signal,0.7144411986887114,1,-0.8163485681399462,-0.3096216964223276,beneficial,,,,,1.7589363298732672,2.3041054431934023,x1,0.6493847533692302,0.9184125555742886,,
persistent_rho099_rolling20,115,enet,trap,0.3051644841109425,2,0.24481012784278725,0.09114998178578727,harmful,,,,,0.0965872848085654,0.490632896108549,x2,0.180685250290712,1.1736428143502642,,
persistent_rho099_rolling20,115,enet,noise,0.19166892126003215,3,0.08944942696956555,0.034655412160103816,harmful,,,,,0.08598256974662441,0.5382128203257224,x3,0.14816956904068918,0.20489590575798594,,
persistent_rho099_rolling20,115,enet,noise,0.16376313229660994,4,0.05810202072648076,0.02256940204400736,harmful,,,,,0.1790157348976928,0.5764975687737642,x4,0.17396119786038833,0.2565138032075285,,
persistent_rho099_rolling20,116,enet,signal,0.7103779132033429,1,-1.0162071964516934,-0.4093934914827459,beneficial,,,,,1.5484425129765471,2.4204177895747367,x1,0.6220989170438973,0.9039322099065864,,
persistent_rho099_rolling20,116,enet,trap,0.1574871525398462,2,0.07337237655887788,0.031092173372390362,harmful,,,,,0.04234539579735073,0.3023403977759645,x2,0.07790308284593958,0.5068118335262881,,
persistent_rho099_rolling20,116,enet,noise,0.10503681357482474,3,0.026449637827438064,0.011766507530998609,harmful,,,,,0.06875851417063834,0.28459074947229496,x3,0.0697498518101122,0.12245946498796376,,
persistent_rho099_rolling20,116,enet,noise,0.09748631594370326,4,0.05459728624265872,0.021764917514447996,harmful,,,,,0.017114534378003216,0.17832411363263628,x4,0.052521808037125695,0.0705360719008097,,
persistent_rho099_rolling20,117,enet,signal,0.7396036442556132,1,-0.9399533739434832,-0.3748279516941679,beneficial,,,,,1.1970939800052611,2.0625651386473867,x1,0.5258136903176042,0.7457036567475821,,
persistent_rho099_rolling20,117,enet,trap,0.14346459538473014,2,0.07628668312312324,0.032102694958629115,harmful,,,,,0.005590559567805607,0.04033848412534402,x2,0.011474772571352338,0.05658355246951016,,
persistent_rho099_rolling20,117,enet,noise,0.14276381303445684,3,0.048501911868143656,0.018907677636727464,harmful,,,,,0.2571256486070757,0.7132991102312382,x3,0.18825997656399324,0.2830714639954761,,
persistent_rho099_rolling20,117,enet,noise,0.11080615863406608,4,0.03719115634253089,0.014777539305704938,harmful,,,,,0.025903181044234908,0.22444862028144816,x4,0.06101785551082739,0.0795486134442224,,
persistent_rho099_rolling20,118,enet,signal,0.6878137531482336,1,-0.8533689676772821,-0.3348636673596265,beneficial,,,,,1.295435230347893,1.9818211453588213,x1,0.5082538869701557,0.7958697676884727,,
persistent_rho099_rolling20,118,enet,trap,0.14594280561298084,2,0.09780560439158144,0.039180865092490025,harmful,,,,,0.03447724293661386,0.3145908738581684,x2,0.08462272488995251,0.6374801136300834,,
persistent_rho099_rolling20,118,enet,noise,0.13262913120717615,3,0.04583287303288515,0.017706198281297117,harmful,,,,,0.1266384820964006,0.35152060038794386,x3,0.10309290087227704,0.11726467663361392,,
persistent_rho099_rolling20,118,enet,noise,0.10265655653836846,4,0.031169585197371518,0.012803254124663582,harmful,,,,,0.08378562738945254,0.4863384481244429,x4,0.11639186465448274,0.17882888562429716,,
persistent_rho099_rolling20,119,enet,signal,0.7478466779803038,1,-1.026563066198391,-0.4064617059356203,beneficial,,,,,1.2998172771857082,2.1518739723999167,x1,0.6093161196069923,0.8091529643337452,,
persistent_rho099_rolling20,119,enet,trap,0.14284901837186412,2,0.09464806186462801,0.03783167750025236,harmful,,,,,0.013712968925118644,0.14968534123733984,x2,0.040955894712370836,0.2681751071293725,,
persistent_rho099_rolling20,119,enet,noise,0.08691412641706557,4,0.002804086456154952,0.00220470699844453,near-zero,,,,,0.09688376601058783,0.4931523874427917,x3,0.1379952814940846,0.2002117614529678,,
persistent_rho099_rolling20,119,enet,noise,0.10718324615642222,3,0.04508292713026407,0.018148363664318167,harmful,,,,,0.050878005493514684,0.3038949538778922,x4,0.09253198032666436,0.11941458276169906,,
persistent_rho099_rolling20,100,rf,signal,0.5943606854877461,1,-0.7409598331866412,-0.2737075903623125,beneficial,,,,,1.3983571370012904,1.694003154367086,x1,,,0.9712989826554284,0.6419969973980589
persistent_rho099_rolling20,100,rf,trap,0.09251621678434292,2,-0.013591624072397107,-0.00474434785160293,near-zero,,,,,0.03472688642750845,0.10799407065023096,x2,,,0.01178427857184221,0.2584578263890739
persistent_rho099_rolling20,100,rf,noise,0.05867997773880889,4,0.02195908029200393,0.008341875484501278,harmful,,,,,0.153362856829467,0.33144494194797164,x3,,,0.09644354478305699,0.13867256837375527
persistent_rho099_rolling20,100,rf,noise,0.07620317981000803,3,0.013238212999545524,0.005166114920139857,near-zero,,,,,0.0247911519540528,0.12790616218784046,x4,,,-0.02095785360811469,0.08958108272611821
persistent_rho099_rolling20,101,rf,signal,0.5703566099564931,1,-0.5919453394429011,-0.22682011527003704,beneficial,,,,,1.4401396742609216,1.9824547181125864,x1,,,0.9763232482816866,0.6939260192684167
persistent_rho099_rolling20,101,rf,trap,0.09335350036644137,2,0.004234832829485179,0.0019884748032973133,near-zero,,,,,0.053869745807204564,0.1944217002185412,x2,,,0.011635522288860395,0.20646985195957865
persistent_rho099_rolling20,101,rf,noise,0.058628293223246114,4,0.013359289730850795,0.005131296700625015,near-zero,,,,,0.0480977978087184,0.20647058260913315,x3,,,-0.01279781663220563,0.12678822686493446
persistent_rho099_rolling20,101,rf,noise,0.08226250673651632,3,0.004661489773431487,0.0018629031148145727,near-zero,,,,,0.038218192398677485,0.19503749142798973,x4,,,-0.04067355360186945,0.11945713092253485
persistent_rho099_rolling20,102,rf,signal,0.6279032007755604,1,-0.6883271484035153,-0.25137043066050524,beneficial,,,,,1.96556089512942,2.0341679872339293,x1,,,1.3717266335461928,0.7104105210305995
persistent_rho099_rolling20,102,rf,trap,0.09889204400846244,2,-0.0017478382907290134,-0.0005332516653113804,near-zero,,,,,0.06514751494394881,0.2015395594002059,x2,,,0.04562119232392059,0.3122650185239733
persistent_rho099_rolling20,102,rf,noise,0.07962588036741053,3,-0.009055302371476474,-0.003175575956006137,near-zero,,,,,0.08500270064386739,0.19217038073273912,x3,,,0.02874370152974969,0.0856468894250145
persistent_rho099_rolling20,102,rf,noise,0.07776980513291837,4,0.0056059260430611465,0.002300262743516997,near-zero,,,,,0.04840608751124168,0.11857009614406652,x4,,,0.00812861414042113,0.07159699665198442
persistent_rho099_rolling20,103,rf,signal,0.6175947078809112,1,-0.7203564447847676,-0.2644480232300672,beneficial,,,,,1.599241821269867,2.0430212451967247,x1,,,1.125242232968978,0.7284179066362235
persistent_rho099_rolling20,103,rf,trap,0.10441060489713576,2,-0.007928107956508173,-0.0026335565202031275,near-zero,,,,,0.05069401992386675,0.16193122448014502,x2,,,0.0026920442461856433,0.3001947846109728
persistent_rho099_rolling20,103,rf,noise,0.06041114057750078,4,0.028797578474293494,0.010729117549986686,harmful,,,,,0.14876902321049973,0.3488618160966773,x3,,,0.025333920076747226,0.2456322382389699
persistent_rho099_rolling20,103,rf,noise,0.07829222982675613,3,-0.006580853641387718,-0.0024945363037910053,near-zero,,,,,0.07447833504329958,0.14754845709741513,x4,,,-0.027832661534328,0.05109556882299828
persistent_rho099_rolling20,104,rf,signal,0.6278091042497855,1,-0.8223458420094232,-0.2923615037352251,beneficial,,,,,1.3461407443845126,1.7098986117185866,x1,,,0.9523826587901378,0.4902153480669799
persistent_rho099_rolling20,104,rf,trap,0.11220481637085647,2,0.02130536343255573,0.007885010975268338,harmful,,,,,0.15888079846518316,0.41384233379393176,x2,,,0.01995729012791394,0.9788737003634662
persistent_rho099_rolling20,104,rf,noise,0.07641196667419123,3,0.02788771025226749,0.010273311296385734,harmful,,,,,0.12953205138278975,0.31401330533953026,x3,,,0.03542975570877161,0.15795642170194069
persistent_rho099_rolling20,104,rf,noise,0.06683761260685918,4,0.024532703662460614,0.008988418649272634,harmful,,,,,0.05965380222724685,0.1937917606382234,x4,,,-0.00440264468016666,0.0853743928214422
persistent_rho099_rolling20,105,rf,signal,0.6295464062092379,1,-0.7095760300426474,-0.26542287829772265,beneficial,,,,,1.218828301487665,1.6965117892309307,x1,,,0.8858426969445397,0.5561611756190712
persistent_rho099_rolling20,105,rf,trap,0.06348842368909982,3,0.02436920075819267,0.009270557210423629,harmful,,,,,0.14900599090401334,0.4161427235895465,x2,,,0.027877526429133142,1.2625214410360992
persistent_rho099_rolling20,105,rf,noise,0.06169789668618322,4,0.0222157499865958,0.008370326335591446,harmful,,,,,0.10283069538327512,0.2805725491818915,x3,,,0.06498044759318868,0.0625665973587698
persistent_rho099_rolling20,105,rf,noise,0.07068073340256711,2,0.03035877324545037,0.011363304437481065,harmful,,,,,0.06253676213086153,0.2364774146140167,x4,,,-0.024475618088291358,0.0999560896505134
persistent_rho099_rolling20,106,rf,signal,0.6282477339808117,1,-0.6672509046373086,-0.2631813577495992,beneficial,,,,,0.9325581796254576,1.398420939621963,x1,,,0.6107615703394705,0.5273500322724186
persistent_rho099_rolling20,106,rf,trap,0.09983059680655436,2,-0.0013828076957099688,-0.0002341138643363672,near-zero,,,,,0.20460488026831572,0.4344526177335627,x2,,,0.0412068206233014,0.9019677298548826
persistent_rho099_rolling20,106,rf,noise,0.06062608613889059,3,0.017402770498648055,0.006682482178406197,near-zero,,,,,0.10973922397814803,0.27108398125160793,x3,,,-0.014146588510504132,0.10712000549466186
persistent_rho099_rolling20,106,rf,noise,0.05715952712571865,4,0.0076401949685161626,0.003107648923500538,near-zero,,,,,0.07404725975283552,0.15953379061824996,x4,,,0.021088772799729958,0.15410709700295805
persistent_rho099_rolling20,107,rf,signal,0.583396335916462,1,-0.6884842041221608,-0.2577031588747342,beneficial,,,,,1.5306877013691118,1.6968215238138655,x1,,,1.1132909893134513,0.44172008628918996
persistent_rho099_rolling20,107,rf,trap,0.08239432142899432,3,-0.004898677719446888,-0.0012080987604885796,near-zero,,,,,0.07293581246679272,0.24482596848240254,x2,,,0.028978402528836038,0.5090083022226013
persistent_rho099_rolling20,107,rf,noise,0.0617324272133785,4,0.025474086434455197,0.009539619745073516,harmful,,,,,0.04913623261048295,0.1559010719035902,x3,,,0.0012168820674791476,0.07726546638074447
persistent_rho099_rolling20,107,rf,noise,0.08824484689592378,2,0.04084321824005538,0.015595449133828244,harmful,,,,,0.036338801871143016,0.1100633492457166,x4,,,-0.007451455298748221,0.0734373522177409
persistent_rho099_rolling20,108,rf,signal,0.5210991729647957,1,-0.6870776610925898,-0.25564517885602817,beneficial,,,,,1.3163826715462434,1.9403785421223572,x1,,,0.7549493621651473,0.9813284199994672
persistent_rho099_rolling20,108,rf,trap,0.14698313438967076,2,-0.09328681055566107,-0.0345488620019862,beneficial,,,,,0.3824245049167192,0.4742317747674057,x2,,,0.2302071937131691,0.5894211357821059
persistent_rho099_rolling20,108,rf,noise,0.04885628584005583,4,0.03017036420342125,0.011351281098667312,harmful,,,,,0.03386631444979197,0.13893531295732114,x3,,,-0.02835524612492494,0.033610605764731856
persistent_rho099_rolling20,108,rf,noise,0.07403598980112149,3,0.010887827862558552,0.004249417010703136,near-zero,,,,,0.10621362854055696,0.3064828152261345,x4,,,0.011214662986733705,0.14743019581207886
persistent_rho099_rolling20,109,rf,signal,0.6934285558420604,1,-0.8303423030633003,-0.3134784642748727,beneficial,,,,,1.5616358541981974,1.9650010235158328,x1,,,1.0018050312177662,1.2313603750217277
persistent_rho099_rolling20,109,rf,trap,0.05255572173782106,4,0.01210998242353062,0.00469467546698495,near-zero,,,,,0.03161484922494116,0.10343437023154094,x2,,,-0.025765802750982458,0.16061237323548258
persistent_rho099_rolling20,109,rf,noise,0.05853796846881764,3,0.011005617494857506,0.004337340691541721,near-zero,,,,,0.05681292726345765,0.16684023558993158,x3,,,-0.022144269543882104,0.07278073888517099
persistent_rho099_rolling20,109,rf,noise,0.08598993522374375,2,0.017395597371405516,0.0065167595705090545,near-zero,,,,,0.060392994697620016,0.14988466164755904,x4,,,-0.004656532415069854,0.08981546493589039
persistent_rho099_rolling20,110,rf,signal,0.637812736214164,1,-0.6248721476399075,-0.24200638142847555,beneficial,,,,,1.7542519194629689,2.103696286095257,x1,,,1.2868903648646843,0.8200445280562686
persistent_rho099_rolling20,110,rf,trap,0.07709211358015626,2,0.006569144126518731,0.0028876632443555496,near-zero,,,,,0.1661520261925856,0.4296406375495515,x2,,,0.13227346919356014,1.2348055761960597
persistent_rho099_rolling20,110,rf,noise,0.06863086582459149,3,0.0055753358252494676,0.002330625744598497,near-zero,,,,,0.01777705553659565,0.0824615042345514,x3,,,-0.02276866281529617,0.05854504043276922
persistent_rho099_rolling20,110,rf,noise,0.0516242624996492,4,0.015428826257320652,0.0060511111164059045,near-zero,,,,,0.03004310259444506,0.12384009822539288,x4,,,0.013000638283992377,0.05011701972158422
persistent_rho099_rolling20,111,rf,signal,0.6320196290166752,1,-0.6285141084798972,-0.2371228046784753,beneficial,,,,,1.274516144788009,1.6884985298938442,x1,,,0.7907674656828096,0.715200245116999
persistent_rho099_rolling20,111,rf,trap,0.06754927461834208,2,0.018052767815072864,0.007080798569122356,near-zero,,,,,0.06814441969362868,0.1777985597478809,x2,,,-0.05162323908554421,0.6300654742101109
persistent_rho099_rolling20,111,rf,noise,0.05392931552667297,4,0.037460149653899225,0.0141947965453608,harmful,,,,,0.3678042836009886,0.6114720324645716,x3,,,0.08660050001969062,0.32198347887342604
persistent_rho099_rolling20,111,rf,noise,0.06130433689441564,3,0.00208416839963377,0.0006261310295526144,near-zero,,,,,0.053772228247500366,0.17373903686223352,x4,,,-0.019080399912427902,0.10012949664429054
persistent_rho099_rolling20,112,rf,signal,0.5807215957735957,1,-0.6003985704800868,-0.23578705886991974,beneficial,,,,,1.3114430746119032,1.9282492201349453,x1,,,0.6244634236642573,0.7577208101311887
persistent_rho099_rolling20,112,rf,trap,0.07876249740350688,3,0.013380535902077443,0.005408469073791613,near-zero,,,,,0.0527540125372945,0.2087340820741649,x2,,,-0.035907273153682195,0.7172867149628909
persistent_rho099_rolling20,112,rf,noise,0.09329240208038887,2,-0.02976239732931261,-0.011510862947660749,beneficial,,,,,0.10636629098609164,0.2821535718931747,x3,,,0.053449476855211384,0.06927362895599884
persistent_rho099_rolling20,112,rf,noise,0.04597987426689447,4,0.009054692382797986,0.003762512162137371,near-zero,,,,,0.032843023581786326,0.14215086733734675,x4,,,0.000551794652328784,0.0397957605184335
persistent_rho099_rolling20,113,rf,signal,0.7188692622694655,1,-0.8288261308055596,-0.3155583670612856,beneficial,,,,,2.0697032482903026,2.195109513576047,x1,,,1.5532233636045931,0.8749468518885011
persistent_rho099_rolling20,113,rf,trap,0.07750935298589783,2,-0.002254179089552718,-0.000574222548811435,near-zero,,,,,0.04043755722502261,0.1685037674471857,x2,,,-0.008167904656675634,0.3189353514523424
persistent_rho099_rolling20,113,rf,noise,0.0455890987754251,3,-0.0014138563332432529,-0.00042610376500877404,near-zero,,,,,0.033750970786715635,0.1204680014947375,x3,,,-0.014634098288940169,0.04192434024063875
persistent_rho099_rolling20,113,rf,noise,0.040406718187796516,4,0.017721167621166926,0.006645713952465222,near-zero,,,,,0.034365113751934365,0.08110761653413694,x4,,,0.004936046241078178,0.04238973543332432
persistent_rho099_rolling20,114,rf,signal,0.5918286660220667,1,-0.6095726696671132,-0.2377471470489409,beneficial,,,,,1.3961328410130518,1.6111738513634446,x1,,,1.0458810996172685,0.8819769657481882
persistent_rho099_rolling20,114,rf,trap,0.08358591469371955,2,0.0023904303102578995,0.0009738354529920746,near-zero,,,,,0.02778979116595622,0.09762503154542017,x2,,,0.012781698508480951,0.1869322001752058
persistent_rho099_rolling20,114,rf,noise,0.0805286125969409,3,0.08105034937809895,0.03172368012339391,harmful,,,,,0.10061024715957774,0.2725814225905097,x3,,,-0.0022824225477626075,0.1249170704499182
persistent_rho099_rolling20,114,rf,noise,0.06225393486702981,4,0.021180125966353863,0.008333971431973175,harmful,,,,,0.0547475557651379,0.16535265817005712,x4,,,-0.010751987775968459,0.060372678401525125
persistent_rho099_rolling20,115,rf,signal,0.5243261736579494,1,-0.5377886995675979,-0.20662390298058025,beneficial,,,,,1.0773044533014875,1.4158526716214712,x1,,,0.6477987202316847,0.5940463550103895
persistent_rho099_rolling20,115,rf,trap,0.10166330929404124,2,0.023221034883527714,0.009116823341554631,harmful,,,,,0.050501796753339455,0.18089659094449964,x2,,,-0.023705844551443585,0.6657796655405768
persistent_rho099_rolling20,115,rf,noise,0.09007049787342962,3,0.011867049603570023,0.0046548016720541095,near-zero,,,,,0.05518444645368183,0.1819230382035401,x3,,,-0.027430441955614338,0.12245750271192105
persistent_rho099_rolling20,115,rf,noise,0.06488901958620558,4,0.034721239878987835,0.013384048429649737,harmful,,,,,0.20740843371273293,0.4264140415700796,x4,,,0.07262103081969692,0.2343220907933129
persistent_rho099_rolling20,116,rf,signal,0.6413459424718567,1,-0.7850235445360754,-0.30909133852659026,beneficial,,,,,1.4486096719824135,1.9346228132384533,x1,,,0.7826139955456999,0.6915624411608653
persistent_rho099_rolling20,116,rf,trap,0.06049637004396743,3,0.014483956164583272,0.0059867611054259424,near-zero,,,,,0.06589314582431605,0.18313473927837093,x2,,,0.008894859326536175,0.6045754574989434
persistent_rho099_rolling20,116,rf,noise,0.05549371863722005,4,-0.008613537007846457,-0.0031977108882673398,near-zero,,,,,0.032286342529343995,0.11244725208763247,x3,,,-0.013017141781421588,0.05383607211123674
persistent_rho099_rolling20,116,rf,noise,0.06349570905400856,2,0.014375941809416318,0.005622439736185004,near-zero,,,,,0.10404904131993972,0.4064586077699693,x4,,,0.04754218229833519,0.120321785092232
persistent_rho099_rolling20,117,rf,signal,0.6525419230741083,1,-0.7391581449003565,-0.28743100468230626,beneficial,,,,,0.9835093940832036,1.4027565617465725,x1,,,0.5917906554221409,0.565284563062761
persistent_rho099_rolling20,117,rf,trap,0.061639336076945175,3,0.006039779861633149,0.0026279789134238157,near-zero,,,,,0.03868596623051258,0.10633143600996264,x2,,,-0.04059373275487543,0.3148241771673438
persistent_rho099_rolling20,117,rf,noise,0.06256996906564745,2,0.034807789061474664,0.013414269768796368,harmful,,,,,0.11011347677489472,0.252497007137394,x3,,,-0.01873232240299485,0.15087440414947545
persistent_rho099_rolling20,117,rf,noise,0.0609805304529783,4,0.039653003226853084,0.015414895033525134,harmful,,,,,0.13355673251828135,0.3261088379503909,x4,,,-0.0030875124587050576,0.17753907835301458
persistent_rho099_rolling20,118,rf,signal,0.6173916890484278,1,-0.6782600238989727,-0.2630161356595586,beneficial,,,,,1.160942349561013,1.6356417602976985,x1,,,0.6051831255346007,0.6397136534701575
persistent_rho099_rolling20,118,rf,trap,0.0830552754289438,2,0.01210488747262146,0.004914737246781959,near-zero,,,,,0.06177494256947726,0.20719890897590004,x2,,,-0.03424664430834766,0.5459092356303419
persistent_rho099_rolling20,118,rf,noise,0.06708248624431236,3,0.022398287812476717,0.008540126846930299,harmful,,,,,0.08473697547480405,0.26143937929604144,x3,,,0.02227028505204259,0.057746473620105834
persistent_rho099_rolling20,118,rf,noise,0.06628022695158893,4,0.0266860908804514,0.010324006624911891,harmful,,,,,0.041626899473820964,0.1692740341319856,x4,,,-0.04445761905615307,0.09477522091819476
persistent_rho099_rolling20,119,rf,signal,0.6237747403298588,1,-0.6879351007565239,-0.2608515440909493,beneficial,,,,,1.0763422810787453,1.5136031002089891,x1,,,0.6336769635979992,0.4659012232900636
persistent_rho099_rolling20,119,rf,trap,0.08516083226391451,2,0.02266527428147876,0.008903026706371551,harmful,,,,,0.04440220159880838,0.17361047978456862,x2,,,-0.014195909377056504,0.7780960775491474
persistent_rho099_rolling20,119,rf,noise,0.05221782121099397,4,-0.010417494769997008,-0.003861156452127153,near-zero,,,,,0.08892807724429795,0.23920372977166898,x3,,,0.060353291322063025,0.10289333317023974
persistent_rho099_rolling20,119,rf,noise,0.05548281593288159,3,0.010570004842011777,0.004081373479250725,near-zero,,,,,0.05239044086449418,0.16574299022733013,x4,,,-0.01576913219787299,0.03876492014867671
