scenario,seed,model,n_periods,enet_alpha,mse_baseline,mse_full,mse_drop_x2,improve_pct,x2_pbsv_mse,x2_oshapley_rank,primary_success,smoking_gun_top2,strict_rank1,model_beats_baseline,drop_x2_improves,mas,mas_p,rank_x2_abs_t,rank_x2_std_beta,rank_x2_ape,rank_x2_perm,rank_x2_pdp,rank_x2_std_coef,rank_x2_oob_vi,rank_x2_rf_ape
persistent_rho099_rolling20,100,ols,399,0.1,2.2150479041918043,1.546297155403129,1.3436057446253789,13.108179761535379,0.15229492636892464,2,False,False,False,True,True,0.07698383705803336,0.486603,3.0,4.0,1.0,4,4,,,
persistent_rho099_rolling20,100,enet,399,0.1,2.2150479041918043,1.4001223309281166,1.3016695623017704,7.031726189316864,0.06596881150093167,2,False,False,False,True,True,0.1623343733234417,0.484075,,,2.0,4,4,4.0,,
persistent_rho099_rolling20,100,rf,399,0.1,2.2150479041918043,1.5008386019631794,1.4802127083584684,1.3742912514197867,-0.013593373629588625,2,False,False,False,True,True,0.7126779199599638,0.177487,,,,3,4,,3.0,2.0
persistent_rho099_rolling20,101,ols,399,0.0001,1.9948475387346836,1.5150078677774064,1.3587117263271873,10.316523417103665,0.12479407483766247,2,False,False,False,True,True,0.09013178080200446,0.479314,4.0,4.0,2.0,4,4,,,
persistent_rho099_rolling20,101,enet,399,0.0001,1.9948475387346836,1.5147846581086537,1.358597164457052,10.310871107356999,0.12469910139143627,2,False,False,False,True,True,0.09024071932762967,0.478038,,,2.0,4,4,4.0,,
persistent_rho099_rolling20,101,rf,399,0.0001,1.9948475387346836,1.4368437013058362,1.4017492566223078,2.4424677960194123,0.0041708055935476265,2,False,False,False,True,True,0.3357602317249738,0.438581,,,,2,4,,2.0,2.0
persistent_rho099_rolling20,102,ols,399,0.1,2.25299472923877,1.5481384219908922,1.319451164198999,14.771757779759996,0.2304373630669345,2,False,False,False,True,True,0.055483112811839486,0.510114,2.0,2.0,1.0,2,3,,,
persistent_rho099_rolling20,102,enet,399,0.1,2.25299472923877,1.3788813444931733,1.2562976579427676,8.890082314911806,0.11085695675836973,2,False,False,False,True,True,0.15339993008934505,0.490149,,,2.0,3,2,2.0,,
persistent_rho099_rolling20,102,rf,399,0.1,2.25299472923877,1.551046879903831,1.547955115027278,0.19933407020842966,-0.001765114830925822,2,False,False,False,True,True,0.908895016141162,0.043742,,,,3,2,,2.0,2.0
persistent_rho099_rolling20,103,ols,399,0.1,2.227430029857677,1.5625784982494124,1.3657678406984002,12.595249312050761,0.2207601072751971,2,False,False,False,True,True,0.10386378162819876,0.472726,4.0,4.0,2.0,2,2,,,
persistent_rho099_rolling20,103,enet,399,0.1,2.227430029857677,1.4180131748610207,1.3063647311387283,7.873582961119884,0.13094698501670649,2,True,False,False,True,True,0.1809477416280577,0.471654,,,1.0,2,2,2.0,,
persistent_rho099_rolling20,103,rf,399,0.1,2.227430029857677,1.523860625020264,1.5062975451662202,1.152538464848796,-0.007928405404322388,2,False,False,False,True,True,0.9277543970214962,0.03413,,,,4,3,,3.0,2.0
persistent_rho099_rolling20,104,ols,399,0.1,2.3827567691416918,1.5689772534557391,1.3504634161524267,13.927151386167417,0.23107707927011817,2,False,False,False,True,True,0.0805058147164448,0.489706,3.0,3.0,1.0,3,3,,,
persistent_rho099_rolling20,104,enet,399,0.1,2.3827567691416918,1.4019559661995353,1.2913179400337582,7.891690526179508,0.10614906801488992,2,False,False,False,True,True,0.1797019049044163,0.483587,,,1.0,3,3,3.0,,
persistent_rho099_rolling20,104,rf,399,0.1,2.3827567691416918,1.6351747467571711,1.5547571756442307,4.917980250882797,0.021294800708432256,2,False,False,False,True,True,0.3244298168515709,0.457354,,,,2,2,,3.0,1.0
persistent_rho099_rolling20,105,ols,399,0.1,2.120952452522706,1.4322535791516098,1.2955551616348284,9.544288770271683,0.14197227485239158,2,False,False,False,True,True,0.09629735931838423,0.481485,3.0,3.0,1.0,4,4,,,
persistent_rho099_rolling20,105,enet,399,0.1,2.120952452522706,1.3181161473735825,1.2458906532370257,5.479448399177111,0.072736321874949,2,False,False,False,True,True,0.19942048209416596,0.488761,,,2.0,3,4,4.0,,
persistent_rho099_rolling20,105,rf,399,0.1,2.120952452522706,1.487764853858282,1.4588028144565706,1.9466812464754044,0.024374040488628106,3,False,False,False,True,True,0.32910153958124333,0.496557,,,,2,2,,3.0,1.0
persistent_rho099_rolling20,106,ols,399,0.1,1.9516374771202927,1.4715086955115377,1.2821482392570394,12.868456491768901,0.1723697758409436,2,False,False,False,True,True,0.07366374461939018,0.489128,3.0,3.0,2.0,2,3,,,
persistent_rho099_rolling20,106,enet,399,0.1,1.9516374771202927,1.3014194656990705,1.2099199048883813,7.030750901020165,0.07018156804453976,2,False,False,False,True,True,0.16495532333151763,0.499817,,,1.0,2,3,2.0,,
persistent_rho099_rolling20,106,rf,399,0.1,1.9516374771202927,1.304094910453746,1.28889830774664,1.1652988279678578,-0.0013889394911438745,2,False,False,False,True,True,0.7149528017397395,0.177307,,,,2,2,,2.0,1.0
persistent_rho099_rolling20,107,ols,399,0.1,2.1243094057554885,1.5311757519559095,1.336259995286942,12.729809521864743,0.19974502146519624,2,False,False,False,True,True,0.0648074108234481,0.500116,3.0,3.0,1.0,4,3,,,
persistent_rho099_rolling20,107,enet,399,0.1,2.1243094057554885,1.3809243445298929,1.2716464255030668,7.913389278688358,0.09120997133702742,2,False,False,False,True,True,0.17372083769056768,0.483002,,,2.0,4,3,3.0,,
persistent_rho099_rolling20,107,rf,399,0.1,2.1243094057554885,1.498857569705243,1.4595427829541732,2.622983500613827,-0.004890222499309568,3,False,False,False,True,True,0.6414268470293878,0.2312,,,,2,2,,2.0,1.0
persistent_rho099_rolling20,108,ols,399,0.1,2.1991303693788007,1.321803284410052,1.1958035935992757,9.53240866450204,0.04439496626095853,2,True,False,False,True,True,0.19444450187849482,0.447663,2.0,2.0,1.0,2,2,,,
persistent_rho099_rolling20,108,enet,399,0.1,2.1991303693788007,1.2158499673683376,1.171308183308328,3.6634276642223034,-0.01919775156791888,2,False,False,False,True,True,0.6857624571664838,0.167161,,,1.0,2,2,2.0,,
persistent_rho099_rolling20,108,rf,399,0.1,2.1991303693788007,1.461408355622171,1.454390492692075,0.48021231732374725,-0.09330454922034097,2,False,False,False,True,True,0.7087200146038144,0.166911,,,,2,2,,2.0,2.0
persistent_rho099_rolling20,109,ols,399,0.1,2.1659651821693684,1.3282783934859779,1.2033258840118775,9.407102463375235,0.16332000741546843,2,False,False,False,True,True,0.08607471368307196,0.499637,4.0,4.0,2.0,3,3,,,
persistent_rho099_rolling20,109,enet,399,0.1,2.1659651821693684,1.1828751111402784,1.1354161804357203,4.01216749406522,0.073142155750316,4,False,False,False,True,True,0.2731381017450428,0.445243,,,2.0,3,3,3.0,,
persistent_rho099_rolling20,109,rf,399,0.1,2.1659651821693684,1.3843119856214505,1.345297914845599,2.8183004395744766,0.012110275357406932,4,False,False,False,True,True,0.3329196321126672,0.488379,,,,4,4,,4.0,2.0
persistent_rho099_rolling20,110,ols,399,0.1,1.9829406669393417,1.4938060174789205,1.3516245127517774,9.518070155260267,0.15648956678256604,2,False,False,False,True,True,0.05210419229768104,0.510508,3.0,3.0,1.0,2,2,,,
persistent_rho099_rolling20,110,enet,399,0.1,1.9829406669393417,1.3313605889341735,1.2786040575797537,3.9626027533723445,0.05865404353630697,2,True,False,False,True,True,0.15825317605794353,0.499704,,,1.0,2,2,2.0,,
persistent_rho099_rolling20,110,rf,399,0.1,1.9829406669393417,1.389946394849088,1.3626824231116252,1.9615124610919195,0.006559530827834816,2,False,False,False,True,True,0.365367070045021,0.457238,,,,2,2,,2.0,1.0
persistent_rho099_rolling20,111,ols,399,0.1,2.0476529357483364,1.3493759965773475,1.257492542095647,6.809329254022608,0.15164020688908905,2,False,False,False,True,True,0.06359520457940104,0.510595,4.0,4.0,2.0,4,3,,,
persistent_rho099_rolling20,111,enet,399,0.1,2.0476529357483364,1.2445062554989872,1.1968740646578975,3.8273966587650055,0.07561440980455272,3,False,False,False,True,True,0.2263324807099223,0.461601,,,2.0,4,4,4.0,,
persistent_rho099_rolling20,111,rf,399,0.1,2.0476529357483364,1.4853262558516305,1.4375204852083054,3.218536698923092,0.018056919445028314,2,False,False,False,True,True,0.37537482650560605,0.468457,,,,3,3,,4.0,2.0
persistent_rho099_rolling20,112,ols,399,0.1,1.9478359894338082,1.4055876393955065,1.2472426429633598,11.265394771132534,0.14257228384956835,2,False,False,False,True,True,0.05205099319423989,0.521093,3.0,3.0,1.0,4,3,,,
persistent_rho099_rolling20,112,enet,399,0.1,1.9478359894338082,1.2668234472469035,1.1852056992815667,6.442708977538332,0.07130988170620654,2,False,False,False,True,True,0.5626715072070432,0.269882,,,1.0,4,4,4.0,,
persistent_rho099_rolling20,112,rf,399,0.1,1.9478359894338082,1.338627423277127,1.311293659071124,2.0419247156230007,0.013369114986341711,3,False,False,False,True,True,0.6930389639137919,0.189527,,,,3,3,,4.0,2.0
persistent_rho099_rolling20,113,ols,399,0.1,2.156071027919137,1.4780623416537408,1.280180878070305,13.387896978826664,0.1501674635082314,2,False,False,False,True,True,0.06812312598400927,0.48449,2.0,2.0,1.0,4,4,,,
persistent_rho099_rolling20,113,enet,399,0.1,2.156071027919137,1.3276598972414133,1.2222688577772352,7.938105209260118,0.07857242211113886,2,False,False,False,True,True,0.15412689210235964,0.489773,,,2.0,4,4,4.0,,
persistent_rho099_rolling20,113,rf,399,0.1,2.156071027919137,1.344585211569742,1.3177419042171743,1.9964006090197475,-0.0022700959195401486,2,False,False,False,True,True,0.936203499412284,0.034059,,,,2,2,,3.0,2.0
persistent_rho099_rolling20,114,ols,399,0.1,1.912322697280483,1.460732881316532,1.2986266572918015,11.097595330271956,0.09263390707973038,2,False,False,False,True,True,0.07003188748597589,0.499907,2.0,2.0,1.0,4,3,,,
persistent_rho099_rolling20,114,enet,399,0.1,1.912322697280483,1.32069662270666,1.2382273988291086,6.244373042200833,0.032384726855035795,2,False,False,False,True,True,0.23362096642994512,0.449624,,,1.0,3,2,3.0,,
persistent_rho099_rolling20,114,rf,399,0.1,1.912322697280483,1.404457525892859,1.3827765190441987,1.5437281974673496,0.0024098259767402954,2,False,False,False,True,True,0.32446904739011306,0.468812,,,,4,4,,2.0,2.0
persistent_rho099_rolling20,115,ols,399,0.01,1.9469655415835463,1.5499497949597292,1.3217301705582871,14.72432366155264,0.26538548431938097,2,False,False,False,True,True,-0.05523619325907947,0.605419,2.0,2.0,1.0,3,4,,,
persistent_rho099_rolling20,115,enet,399,0.01,1.9469655415835463,1.5229785489824337,1.3127488096848774,13.80385425901236,0.24481012784278725,2,False,False,False,True,True,-0.04309424012094265,0.59334,,,1.0,3,4,2.0,,
persistent_rho099_rolling20,115,rf,399,0.01,1.9469655415835463,1.4739425784706222,1.4347077686416914,2.6618954090899005,0.023244621635130178,2,False,False,False,True,True,0.2803439877360072,0.457905,,,,4,4,,3.0,1.0
persistent_rho099_rolling20,116,ols,399,0.1,2.0226144405347224,1.2965663599427115,1.1258542102166373,13.166479942732515,0.15689814642500474,2,False,False,False,True,True,0.09169154166567073,0.490149,2.0,2.0,2.0,3,2,,,
persistent_rho099_rolling20,116,enet,399,0.1,2.0226144405347224,1.1608265447120032,1.0678866427957316,8.006355673002775,0.0733723765588779,2,False,False,False,True,True,0.19805771832169783,0.490227,,,2.0,3,2,2.0,,
persistent_rho099_rolling20,116,rf,399,0.1,2.0226144405347224,1.2575530567039162,1.2288973157828567,2.2786904113745337,0.014481463111490171,3,False,False,False,True,True,0.6798221668667345,0.249351,,,,3,3,,3.0,2.0
persistent_rho099_rolling20,117,ols,399,0.1,1.997173568403962,1.3409419522000867,1.1787098777130953,12.098366690729366,0.1243328916661202,2,False,False,False,True,True,0.07726806592925495,0.499858,4.0,3.0,2.0,4,4,,,
persistent_rho099_rolling20,117,enet,399,0.1,1.997173568403962,1.2191999457942764,1.1252063574553894,7.709448205204161,0.07628668312312326,2,False,False,False,True,True,0.19483491659611396,0.499665,,,4.0,4,4,4.0,,
persistent_rho099_rolling20,117,rf,399,0.1,1.997173568403962,1.3423192195891709,1.3308430026280555,0.8549543799743655,0.006069181032773256,3,False,False,False,True,True,0.3795313653087342,0.468059,,,,4,4,,4.0,2.0
persistent_rho099_rolling20,118,ols,399,0.1,1.9938945382554993,1.4683019906073067,1.270021036823452,13.504098955954117,0.1904306055146253,2,False,False,False,True,True,0.07555590239547638,0.499319,3.0,3.0,2.0,4,3,,,
persistent_rho099_rolling20,118,enet,399,0.1,1.9938945382554993,1.3153336332000554,1.2187981442970093,7.339239753809561,0.09780560439158141,2,False,False,False,True,True,0.17591547596781199,0.490805,,,2.0,4,4,4.0,,
persistent_rho099_rolling20,118,rf,399,0.1,1.9938945382554993,1.3690031377864886,1.3315624370277759,2.7348878702535195,0.012100457928467385,2,False,False,False,True,True,0.35975514240957995,0.446935,,,,3,3,,3.0,2.0
persistent_rho099_rolling20,119,ols,399,0.1,2.0830674971527086,1.323934051454464,1.1612335957105484,12.289166183555297,0.17946666985778242,2,False,False,False,True,True,0.11873176781140582,0.498939,3.0,3.0,1.0,4,4,,,
persistent_rho099_rolling20,119,enet,399,0.1,2.0830674971527086,1.1990395064053643,1.1014850658738171,8.136048896671342,0.09464806186462792,2,False,False,False,True,True,0.21861943664144057,0.49983,,,2.0,4,4,4.0,,
persistent_rho099_rolling20,119,rf,399,0.1,2.0830674971527086,1.428592540886402,1.3765657546687935,3.6418212141390085,0.02271059866224495,2,False,False,False,True,True,0.6362140204300035,0.255691,,,,4,3,,3.0,1.0
persistent_rho099_rolling20,120,ols,399,0.1,2.107131669497615,1.6332005247873258,1.4509953347766618,11.156326932627618,0.17031022298894746,2,False,False,False,True,True,-0.008095193016198099,0.567797,2.0,2.0,1.0,4,4,,,
persistent_rho099_rolling20,120,enet,399,0.1,2.107131669497615,1.4820647467430386,1.386327817665883,6.459699502841923,0.08680607343539887,2,False,False,False,True,True,0.07856248588085857,0.490237,,,2.0,4,4,4.0,,
persistent_rho099_rolling20,120,rf,399,0.1,2.107131669497615,1.5653275465829632,1.5346673336549244,1.9587090890317937,0.023055239797201397,2,False,False,False,True,True,0.24454154731313293,0.488894,,,,4,4,,4.0,2.0
persistent_rho099_rolling20,121,ols,399,0.1,2.0921713128290125,1.5252215813866103,1.289763089875917,15.4376580022316,0.21491658757945908,2,False,False,False,True,True,-0.047279038765360326,0.594278,3.0,3.0,1.0,2,2,,,
persistent_rho099_rolling20,121,enet,399,0.1,2.0921713128290125,1.3829812010016638,1.249355423382478,9.662154302777472,0.12433651423581538,2,True,False,False,True,True,0.03460433659600615,0.531636,,,1.0,2,2,2.0,,
persistent_rho099_rolling20,121,rf,399,0.1,2.0921713128290125,1.4807320058078814,1.4203770899045318,4.076018865440828,0.031079285075184346,2,False,False,False,True,True,0.8122642155672801,0.090982,,,,3,3,,3.0,1.0
persistent_rho099_rolling20,122,ols,399,0.1,2.0490272981964277,1.4803840832642758,1.3631605540681888,7.918453766241991,0.09826004386782702,2,False,False,False,True,True,0.11002726859973966,0.489054,3.0,3.0,2.0,2,2,,,
persistent_rho099_rolling20,122,enet,399,0.1,2.0490272981964277,1.342970462566195,1.2858513311454673,4.253193425533896,0.052760932026976244,2,True,False,False,True,True,0.1828839421113979,0.499302,,,1.0,2,2,2.0,,
persistent_rho099_rolling20,122,rf,399,0.1,2.0490272981964277,1.4847728840138603,1.483752218273925,0.06874221309700956,0.0008407707270772586,2,False,False,False,True,True,0.36329456174224517,0.445462,,,,4,3,,3.0,2.0
persistent_rho099_rolling20,123,ols,399,0.1,2.0553880348252243,1.3380008992445915,1.2279124468406322,8.227830972767888,0.11780186426129631,2,False,False,False,True,True,0.0720359150779113,0.480496,3.0,3.0,2.0,3,3,,,
persistent_rho099_rolling20,123,enet,399,0.1,2.0553880348252243,1.2359099432979186,1.1737573528478165,5.028893147687875,0.05780394013458597,2,False,False,False,True,True,0.2163667917617771,0.459447,,,2.0,3,3,3.0,,
persistent_rho099_rolling20,123,rf,399,0.1,2.0553880348252243,1.429381764044591,1.3685170003367235,4.258118106645209,0.016834297890700706,2,False,False,False,True,True,0.3041870484439272,0.468865,,,,4,4,,4.0,2.0
persistent_rho099_rolling20,124,ols,399,0.1,2.095199019082667,1.3401369590233392,1.182321280942534,11.776085796172469,0.18387558184938374,2,False,False,False,True,True,0.097722932743608,0.490843,4.0,3.0,2.0,4,4,,,
persistent_rho099_rolling20,124,enet,399,0.1,2.095199019082667,1.2067360928284387,1.1239430244921196,6.860909259974362,0.09019761803055439,2,False,False,False,True,True,0.1978727623445934,0.493057,,,2.0,4,4,4.0,,
persistent_rho099_rolling20,124,rf,399,0.1,2.095199019082667,1.396123184125379,1.3580305977811333,2.7284545359161307,0.0055969850359121,3,False,False,False,True,True,0.7219481148672462,0.166575,,,,3,3,,3.0,2.0
