date,soc_ics,soc_ice,soc_icc
1951-02-01,,,67.700000000000003
1951-03-01,,,
1951-04-01,,,
1951-05-01,,,60.200000000000003
1951-06-01,,,
1951-07-01,,,
1951-08-01,,,
1951-09-01,,,
1951-10-01,,,
1951-11-01,,,63.600000000000001
1951-12-01,,,
1952-01-01,,,
1952-02-01,,,66.200000000000003
1952-03-01,,,
1952-04-01,,,
1952-05-01,,,70.400000000000006
1952-06-01,,,
1952-07-01,,,
1952-08-01,,,
1952-09-01,,,
1952-10-01,,,
1952-11-01,86.200000000000003,92.400000000000006,73.400000000000006
1952-12-01,,,
1953-01-01,,,
1953-02-01,90.700000000000003,95.5,78.700000000000003
1953-03-01,,,
1953-04-01,,,
1953-05-01,,,
1953-06-01,,,
1953-07-01,,,
1953-08-01,80.799999999999997,,
1953-09-01,,,
1953-10-01,,,
1953-11-01,80.700000000000003,83.900000000000006,73.400000000000006
1953-12-01,,,
1954-01-01,,,
1954-02-01,82,85.299999999999997,75.700000000000003
1954-03-01,,,
1954-04-01,,,
1954-05-01,82.900000000000006,86.099999999999994,81.400000000000006
1954-06-01,,,
1954-07-01,,,
1954-08-01,,,
1954-09-01,,,
1954-10-01,,,
1954-11-01,87,89.700000000000003,83.200000000000003
1954-12-01,,,
1955-01-01,,,
1955-02-01,95.900000000000006,,
1955-03-01,,,
1955-04-01,,,
1955-05-01,99.099999999999994,99.900000000000006,95
1955-06-01,,,
1955-07-01,,,
1955-08-01,,,
1955-09-01,,,
1955-10-01,,,
1955-11-01,99.700000000000003,103.8,94.599999999999994
1955-12-01,,,
1956-01-01,,,
1956-02-01,,,
1956-03-01,,,
1956-04-01,,,
1956-05-01,98.200000000000003,103.3,
1956-06-01,,,
1956-07-01,,,
1956-08-01,99.900000000000006,105.2,93.099999999999994
1956-09-01,,,
1956-10-01,,,
1956-11-01,100.2,105.2,94.200000000000003
1956-12-01,,,
1957-01-01,,,
1957-02-01,,,
1957-03-01,,,
1957-04-01,,,
1957-05-01,92.900000000000006,96.200000000000003,88.900000000000006
1957-06-01,,,
1957-07-01,,,
1957-08-01,,,
1957-09-01,,,
1957-10-01,,,
1957-11-01,83.700000000000003,86.299999999999997,79.5
1957-12-01,,,
1958-01-01,,,
1958-02-01,78.5,,
1958-03-01,,,
1958-04-01,,,
1958-05-01,80.900000000000006,82.900000000000006,78
1958-06-01,,,
1958-07-01,,,
1958-08-01,,,
1958-09-01,,,
1958-10-01,,,
1958-11-01,90.799999999999997,94.099999999999994,86.700000000000003
1958-12-01,,,
1959-01-01,,,
1959-02-01,,,
1959-03-01,,,
1959-04-01,,,
1959-05-01,95.299999999999997,97.5,92.700000000000003
1959-06-01,,,
1959-07-01,,,
1959-08-01,,,
1959-09-01,,,
1959-10-01,,,
1959-11-01,93.799999999999997,95.799999999999997,87
1959-12-01,,,
1960-01-01,,,
1960-02-01,100,104.59999999999999,99.599999999999994
1960-03-01,,,
1960-04-01,,,
1960-05-01,93.299999999999997,98.599999999999994,91.599999999999994
1960-06-01,,,
1960-07-01,,,
1960-08-01,97.200000000000003,97.5,96.900000000000006
1960-09-01,,,
1960-10-01,,,
1960-11-01,90.099999999999994,93.400000000000006,89.299999999999997
1960-12-01,,,
1961-01-01,,,
1961-02-01,91.599999999999994,94.900000000000006,93.200000000000003
1961-03-01,,,
1961-04-01,,,
1961-05-01,92.5,98.099999999999994,90.900000000000006
1961-06-01,,,
1961-07-01,,,
1961-08-01,99.200000000000003,98.5,100.2
1961-09-01,,,
1961-10-01,,,
1961-11-01,93,96.799999999999997,94
1961-12-01,,,
1962-01-01,,,
1962-02-01,99.900000000000006,103.40000000000001,100.8
1962-03-01,,,
1962-04-01,,,
1962-05-01,95.400000000000006,96.5,94.200000000000003
1962-06-01,,,
1962-07-01,,,
1962-08-01,91.599999999999994,93.400000000000006,95.599999999999994
1962-09-01,,,
1962-10-01,,,
1962-11-01,95,99.200000000000003,95.5
1962-12-01,,,
1963-01-01,,,
1963-02-01,98.400000000000006,99.900000000000006,103.2
1963-03-01,,,
1963-04-01,,,
1963-05-01,91.700000000000003,94.099999999999994,94.299999999999997
1963-06-01,,,
1963-07-01,,,
1963-08-01,96.400000000000006,97,102.3
1963-09-01,,,
1963-10-01,,,
1963-11-01,94.400000000000006,97,97.599999999999994
1963-12-01,,,
1964-01-01,,,
1964-02-01,99.5,99.400000000000006,99.5
1964-03-01,,,
1964-04-01,,,
1964-05-01,98.5,97.200000000000003,99.900000000000006
1964-06-01,,,
1964-07-01,,,
1964-08-01,100.59999999999999,,
1964-09-01,,,
1964-10-01,,,
1964-11-01,99.900000000000006,,
1964-12-01,,,
1965-01-01,,,
1965-02-01,102,103,100.40000000000001
1965-03-01,,,
1965-04-01,,,
1965-05-01,105.40000000000001,103.09999999999999,109
1965-06-01,,,
1965-07-01,,,
1965-08-01,103.40000000000001,104.3,102.90000000000001
1965-09-01,,,
1965-10-01,,,
1965-11-01,102.90000000000001,104.8,100
1965-12-01,,,
1966-01-01,,,
1966-02-01,100,100,100
1966-03-01,,,
1966-04-01,,,
1966-05-01,95.700000000000003,96,95.700000000000003
1966-06-01,,,
1966-07-01,,,
1966-08-01,91.200000000000003,90.700000000000003,92
1966-09-01,,,
1966-10-01,,,
1966-11-01,88.299999999999997,90.200000000000003,85.099999999999994
1966-12-01,,,
1967-01-01,,,
1967-02-01,94.099999999999994,96.400000000000006,90.400000000000006
1967-03-01,,,
1967-04-01,,,
1967-05-01,95.900000000000006,94.299999999999997,98.400000000000006
1967-06-01,,,
1967-07-01,,,
1967-08-01,97,95.5,99.5
1967-09-01,,,
1967-10-01,,,
1967-11-01,92.900000000000006,91.099999999999994,95.599999999999994
1967-12-01,,,
1968-01-01,,,
1968-02-01,97.200000000000003,94.299999999999997,101.59999999999999
1968-03-01,,,
1968-04-01,,,
1968-05-01,92.400000000000006,89.900000000000006,96.400000000000006
1968-06-01,,,
1968-07-01,,,
1968-08-01,92.400000000000006,89.599999999999994,96.799999999999997
1968-09-01,,,
1968-10-01,,,
1968-11-01,91.700000000000003,91.599999999999994,91.900000000000006
1968-12-01,,,
1969-01-01,,,
1969-02-01,98.200000000000003,98,98.299999999999997
1969-03-01,,,
1969-04-01,,,
1969-05-01,91.5,91.099999999999994,92.200000000000003
1969-06-01,,,
1969-07-01,,,
1969-08-01,86.400000000000006,86.599999999999994,86.200000000000003
1969-09-01,,,
1969-10-01,,,
1969-11-01,79.700000000000003,79.599999999999994,79.900000000000006
1969-12-01,,,
1970-01-01,,,
1970-02-01,78.099999999999994,75.799999999999997,81.599999999999994
1970-03-01,,,
1970-04-01,,,
1970-05-01,75.400000000000006,71.200000000000003,81.900000000000006
1970-06-01,,,
1970-07-01,,,
1970-08-01,77.599999999999994,75.700000000000003,80.599999999999994
1970-09-01,,,
1970-10-01,,,
1970-11-01,72.400000000000006,71.299999999999997,74
1970-12-01,,,
1971-01-01,,,
1971-02-01,78.099999999999994,75.900000000000006,81.700000000000003
1971-03-01,,,
1971-04-01,,,
1971-05-01,80.200000000000003,75.900000000000006,87
1971-06-01,,,
1971-07-01,,,
1971-08-01,82.099999999999994,78.400000000000006,87.799999999999997
1971-09-01,,,
1971-10-01,,,
1971-11-01,82,77.200000000000003,89.599999999999994
1971-12-01,,,
1972-01-01,,,
1972-02-01,92.799999999999997,90.900000000000006,95.700000000000003
1972-03-01,,,
1972-04-01,,,
1972-05-01,88.599999999999994,82.200000000000003,98.599999999999994
1972-06-01,,,
1972-07-01,,,
1972-08-01,95.200000000000003,91.299999999999997,101.2
1972-09-01,,,
1972-10-01,,,
1972-11-01,90.700000000000003,87.799999999999997,95.200000000000003
1972-12-01,,,
1973-01-01,,,
1973-02-01,81.900000000000006,73.299999999999997,95.099999999999994
1973-03-01,,,
1973-04-01,,,
1973-05-01,77,67.299999999999997,92
1973-06-01,,,
1973-07-01,,,
1973-08-01,72,63,85.900000000000006
1973-09-01,,,
1973-10-01,,,
1973-11-01,76.5,67.099999999999994,91
1973-12-01,,,
1974-01-01,,,
1974-02-01,61.799999999999997,49.399999999999999,81.099999999999994
1974-03-01,,,
1974-04-01,,,
1974-05-01,72.099999999999994,63.899999999999999,84.900000000000006
1974-06-01,,,
1974-07-01,,,
1974-08-01,64.400000000000006,57.600000000000001,75
1974-09-01,,,
1974-10-01,,,
1974-11-01,59.5,51.200000000000003,72.400000000000006
1974-12-01,,,
1975-01-01,,,
1975-02-01,57.600000000000001,50,69.299999999999997
1975-03-01,,,
1975-04-01,,,
1975-05-01,72.799999999999997,69.799999999999997,77.400000000000006
1975-06-01,,,
1975-07-01,,,
1975-08-01,75.700000000000003,70.700000000000003,83.5
1975-09-01,,,
1975-10-01,,,
1975-11-01,75.599999999999994,69.900000000000006,84.400000000000006
1975-12-01,,,
1976-01-01,,,
1976-02-01,84.599999999999994,81.200000000000003,89.900000000000006
1976-03-01,,,
1976-04-01,,,
1976-05-01,83.299999999999997,79.5,89.099999999999994
1976-06-01,,,
1976-07-01,,,
1976-08-01,89.700000000000003,85.5,96.200000000000003
1976-09-01,,,
1976-10-01,,,
1976-11-01,87,85.900000000000006,88.700000000000003
1976-12-01,,,
1977-01-01,,,
1977-02-01,87.099999999999994,84.200000000000003,91.599999999999994
1977-03-01,,,
1977-04-01,,,
1977-05-01,90.200000000000003,83.599999999999994,100.40000000000001
1977-06-01,,,
1977-07-01,,,
1977-08-01,89,81.5,100.8
1977-09-01,,,
1977-10-01,,,
1977-11-01,84.400000000000006,75.900000000000006,97.599999999999994
1977-12-01,,,
1978-01-01,83.700000000000003,75.700000000000003,96.200000000000003
1978-02-01,84.299999999999997,77.200000000000003,95.400000000000006
1978-03-01,78.799999999999997,69.5,93.200000000000003
1978-04-01,81.599999999999994,71.099999999999994,98
1978-05-01,82.900000000000006,73,98.200000000000003
1978-06-01,80,68.099999999999994,98.400000000000006
1978-07-01,82.400000000000006,72,98.700000000000003
1978-08-01,78.400000000000006,67,96.099999999999994
1978-09-01,80.400000000000006,69.799999999999997,96.900000000000006
1978-10-01,79.299999999999997,71.700000000000003,91.200000000000003
1978-11-01,75,62.799999999999997,94.099999999999994
1978-12-01,66.099999999999994,53.799999999999997,85.200000000000003
1979-01-01,72.099999999999994,58.399999999999999,93.299999999999997
1979-02-01,73.900000000000006,62.200000000000003,92.200000000000003
1979-03-01,68.400000000000006,53.700000000000003,91.200000000000003
1979-04-01,66,53.299999999999997,85.900000000000006
1979-05-01,68.099999999999994,54.899999999999999,88.700000000000003
1979-06-01,65.799999999999997,51.399999999999999,88.200000000000003
1979-07-01,60.399999999999999,44.200000000000003,85.700000000000003
1979-08-01,64.5,49.299999999999997,88.200000000000003
1979-09-01,66.700000000000003,53.600000000000001,87.099999999999994
1979-10-01,62.100000000000001,49.5,81.599999999999994
1979-11-01,63.299999999999997,52,80.900000000000006
1979-12-01,61,51.5,75.799999999999997
1980-01-01,67,54.100000000000001,87.099999999999994
1980-02-01,66.900000000000006,54.899999999999999,85.5
1980-03-01,56.5,44.299999999999997,75.299999999999997
1980-04-01,52.700000000000003,44.399999999999999,65.799999999999997
1980-05-01,51.700000000000003,45.299999999999997,61.700000000000003
1980-06-01,58.700000000000003,53,67.400000000000006
1980-07-01,62.299999999999997,53.399999999999999,76.099999999999994
1980-08-01,67.299999999999997,59.600000000000001,79.400000000000006
1980-09-01,73.700000000000003,67.900000000000006,82.700000000000003
1980-10-01,75,69.599999999999994,83.400000000000006
1980-11-01,76.700000000000003,76.900000000000006,76.400000000000006
1980-12-01,64.5,60.399999999999999,70.900000000000006
1981-01-01,71.400000000000006,67.900000000000006,76.700000000000003
1981-02-01,66.900000000000006,62.100000000000001,74.400000000000006
1981-03-01,66.5,62.100000000000001,73.5
1981-04-01,72.400000000000006,68.799999999999997,78.099999999999994
1981-05-01,76.299999999999997,73.599999999999994,80.400000000000006
1981-06-01,73.099999999999994,71.200000000000003,76.099999999999994
1981-07-01,74.099999999999994,67.099999999999994,84.900000000000006
1981-08-01,77.200000000000003,70.799999999999997,87.099999999999994
1981-09-01,73.099999999999994,69,79.5
1981-10-01,70.299999999999997,62.200000000000003,82.799999999999997
1981-11-01,62.5,56.299999999999997,72.099999999999994
1981-12-01,64.299999999999997,56.799999999999997,75.900000000000006
1982-01-01,71,62.899999999999999,83.5
1982-02-01,66.5,58.700000000000003,78.599999999999994
1982-03-01,62,53.100000000000001,75.900000000000006
1982-04-01,65.5,61.100000000000001,72.299999999999997
1982-05-01,67.5,62,76.099999999999994
1982-06-01,65.700000000000003,60.100000000000001,74.299999999999997
1982-07-01,65.400000000000006,57.600000000000001,77.5
1982-08-01,65.400000000000006,60.899999999999999,72.5
1982-09-01,69.299999999999997,66.900000000000006,72.900000000000006
1982-10-01,73.400000000000006,70.400000000000006,78.099999999999994
1982-11-01,72.099999999999994,71,73.799999999999997
1982-12-01,71.900000000000006,67.900000000000006,78.099999999999994
1983-01-01,70.400000000000006,65.200000000000003,78.400000000000006
1983-02-01,74.599999999999994,71.200000000000003,79.900000000000006
1983-03-01,80.799999999999997,80.900000000000006,80.5
1983-04-01,89.099999999999994,86.900000000000006,92.700000000000003
1983-05-01,93.299999999999997,93.400000000000006,93.099999999999994
1983-06-01,92.200000000000003,89.200000000000003,96.900000000000006
1983-07-01,92.799999999999997,90.5,96.5
1983-08-01,90.900000000000006,88.200000000000003,95.099999999999994
1983-09-01,89.900000000000006,85.799999999999997,96.400000000000006
1983-10-01,89.299999999999997,86.099999999999994,94.299999999999997
1983-11-01,91.099999999999994,87.900000000000006,96.099999999999994
1983-12-01,94.200000000000003,91,99.299999999999997
1984-01-01,100.09999999999999,97,104.90000000000001
1984-02-01,97.400000000000006,93.200000000000003,103.90000000000001
1984-03-01,101,97.700000000000003,106
1984-04-01,96.099999999999994,91.400000000000006,103.5
1984-05-01,98.099999999999994,90.599999999999994,109.8
1984-06-01,95.5,89.799999999999997,104.40000000000001
1984-07-01,96.599999999999994,91.900000000000006,103.90000000000001
1984-08-01,99.099999999999994,93.700000000000003,107.5
1984-09-01,100.90000000000001,96.400000000000006,107.8
1984-10-01,96.299999999999997,91.599999999999994,103.59999999999999
1984-11-01,95.700000000000003,91.5,102.40000000000001
1984-12-01,92.900000000000006,87.900000000000006,100.59999999999999
1985-01-01,96,90.299999999999997,104.90000000000001
1985-02-01,93.700000000000003,86.5,105.09999999999999
1985-03-01,93.700000000000003,87.299999999999997,103.7
1985-04-01,94.599999999999994,87,106.59999999999999
1985-05-01,91.799999999999997,84.200000000000003,103.7
1985-06-01,96.5,91.099999999999994,104.90000000000001
1985-07-01,94,87.400000000000006,104.3
1985-08-01,92.400000000000006,86.299999999999997,101.8
1985-09-01,92.099999999999994,84.200000000000003,104.3
1985-10-01,88.400000000000006,80.799999999999997,100.3
1985-11-01,90.900000000000006,84.5,100.7
1985-12-01,93.900000000000006,88.099999999999994,103.09999999999999
1986-01-01,95.599999999999994,85.299999999999997,111.8
1986-02-01,95.900000000000006,87.799999999999997,108.40000000000001
1986-03-01,95.099999999999994,86.900000000000006,107.90000000000001
1986-04-01,96.200000000000003,88.5,108.09999999999999
1986-05-01,94.799999999999997,87.5,106.2
1986-06-01,99.299999999999997,90.299999999999997,113.3
1986-07-01,97.700000000000003,88.5,112.09999999999999
1986-08-01,94.900000000000006,85.900000000000006,108.90000000000001
1986-09-01,91.900000000000006,81.299999999999997,108.3
1986-10-01,95.599999999999994,87.099999999999994,108.90000000000001
1986-11-01,91.400000000000006,81.599999999999994,106.7
1986-12-01,89.099999999999994,78.299999999999997,105.8
1987-01-01,90.400000000000006,80.900000000000006,105.09999999999999
1987-02-01,90.200000000000003,81.599999999999994,103.7
1987-03-01,90.799999999999997,83.299999999999997,102.5
1987-04-01,92.799999999999997,84.700000000000003,105.5
1987-05-01,91.099999999999994,80.599999999999994,107.40000000000001
1987-06-01,91.5,80.799999999999997,108.09999999999999
1987-07-01,93.700000000000003,83.299999999999997,109.90000000000001
1987-08-01,94.400000000000006,85.799999999999997,107.8
1987-09-01,93.599999999999994,84.200000000000003,108.3
1987-10-01,89.299999999999997,80.400000000000006,103.09999999999999
1987-11-01,83.099999999999994,72.700000000000003,99.299999999999997
1987-12-01,86.799999999999997,76.700000000000003,102.7
1988-01-01,90.799999999999997,80.900000000000006,106.2
1988-02-01,91.599999999999994,81.900000000000006,106.59999999999999
1988-03-01,94.599999999999994,85.200000000000003,109.09999999999999
1988-04-01,91.200000000000003,82.400000000000006,104.8
1988-05-01,94.799999999999997,87.299999999999997,106.5
1988-06-01,94.700000000000003,85.700000000000003,108.59999999999999
1988-07-01,93.400000000000006,82.299999999999997,110.7
1988-08-01,97.400000000000006,88.799999999999997,110.8
1988-09-01,97.299999999999997,89.5,109.40000000000001
1988-10-01,94.099999999999994,87,105
1988-11-01,93,86.299999999999997,103.3
1988-12-01,91.900000000000006,85.5,102
1989-01-01,97.900000000000006,89.900000000000006,110.3
1989-02-01,95.400000000000006,88.799999999999997,105.7
1989-03-01,94.299999999999997,87.599999999999994,104.8
1989-04-01,91.5,83.200000000000003,104.40000000000001
1989-05-01,90.700000000000003,80.099999999999994,107.09999999999999
1989-06-01,90.599999999999994,82,104.09999999999999
1989-07-01,92,85.5,102.09999999999999
1989-08-01,89.599999999999994,80.299999999999997,103.90000000000001
1989-09-01,95.799999999999997,88.599999999999994,107.09999999999999
1989-10-01,93.900000000000006,87.200000000000003,104.40000000000001
1989-11-01,90.900000000000006,84.299999999999997,101.2
1989-12-01,90.5,85.5,98.200000000000003
1990-01-01,93,83.400000000000006,108
1990-02-01,89.5,81.299999999999997,102.3
1990-03-01,91.299999999999997,81.299999999999997,106.90000000000001
1990-04-01,93.900000000000006,83.900000000000006,109.40000000000001
1990-05-01,90.599999999999994,79.299999999999997,108.09999999999999
1990-06-01,88.299999999999997,76.599999999999994,106.5
1990-07-01,88.200000000000003,77.299999999999997,105.09999999999999
1990-08-01,76.400000000000006,62.899999999999999,97.5
1990-09-01,72.799999999999997,58.799999999999997,94.700000000000003
1990-10-01,63.899999999999999,50.899999999999999,84.200000000000003
1990-11-01,66,52.799999999999997,86.700000000000003
1990-12-01,65.5,53.700000000000003,84
1991-01-01,66.799999999999997,55.200000000000003,84.900000000000006
1991-02-01,70.400000000000006,62,83.700000000000003
1991-03-01,87.700000000000003,84.5,92.700000000000003
1991-04-01,81.799999999999997,74.700000000000003,92.799999999999997
1991-05-01,78.299999999999997,71.5,89
1991-06-01,82.099999999999994,75.900000000000006,91.900000000000006
1991-07-01,82.900000000000006,74.400000000000006,96.099999999999994
1991-08-01,82,75.299999999999997,92.299999999999997
1991-09-01,83,76.400000000000006,93.200000000000003
1991-10-01,78.299999999999997,70.5,90.400000000000006
1991-11-01,69.099999999999994,61.899999999999999,80.299999999999997
1991-12-01,68.200000000000003,61.5,78.700000000000003
1992-01-01,67.5,59.100000000000001,80.5
1992-02-01,68.799999999999997,61.799999999999997,79.700000000000003
1992-03-01,76,70.299999999999997,84.900000000000006
1992-04-01,77.200000000000003,70.5,87.700000000000003
1992-05-01,79.200000000000003,71.200000000000003,91.5
1992-06-01,80.400000000000006,70.700000000000003,95.400000000000006
1992-07-01,76.599999999999994,67.599999999999994,90.599999999999994
1992-08-01,76.099999999999994,69.5,86.200000000000003
1992-09-01,75.599999999999994,67.400000000000006,88.299999999999997
1992-10-01,73.299999999999997,67.5,82.5
1992-11-01,85.299999999999997,78.200000000000003,96.400000000000006
1992-12-01,91,89.5,93.400000000000006
1993-01-01,89.299999999999997,83.400000000000006,98.599999999999994
1993-02-01,86.599999999999994,80.599999999999994,96
1993-03-01,85.900000000000006,75.799999999999997,101.59999999999999
1993-04-01,85.599999999999994,76.400000000000006,99.900000000000006
1993-05-01,80.299999999999997,68.5,98.700000000000003
1993-06-01,81.5,70.400000000000006,98.700000000000003
1993-07-01,77,64.700000000000003,96.200000000000003
1993-08-01,77.299999999999997,65.799999999999997,95.099999999999994
1993-09-01,77.900000000000006,66.799999999999997,95.200000000000003
1993-10-01,82.700000000000003,72.5,98.700000000000003
1993-11-01,81.200000000000003,70.299999999999997,98.200000000000003
1993-12-01,88.200000000000003,78.799999999999997,102.90000000000001
1994-01-01,94.299999999999997,86.400000000000006,106.59999999999999
1994-02-01,93.200000000000003,83.5,108.3
1994-03-01,91.5,85.099999999999994,101.40000000000001
1994-04-01,92.599999999999994,82.599999999999994,108.09999999999999
1994-05-01,92.799999999999997,84.200000000000003,106.3
1994-06-01,91.200000000000003,82.700000000000003,104.5
1994-07-01,89,78.5,105.40000000000001
1994-08-01,91.700000000000003,80.799999999999997,108.7
1994-09-01,91.5,83.5,104
1994-10-01,92.700000000000003,85.099999999999994,104.59999999999999
1994-11-01,91.599999999999994,84.799999999999997,102.09999999999999
1994-12-01,95.099999999999994,88.799999999999997,104.90000000000001
1995-01-01,97.599999999999994,88.400000000000006,112
1995-02-01,95.099999999999994,85.900000000000006,109.3
1995-03-01,90.299999999999997,79.799999999999997,106.5
1995-04-01,92.5,83.799999999999997,105.90000000000001
1995-05-01,89.799999999999997,80.099999999999994,105
1995-06-01,92.700000000000003,84.099999999999994,106.09999999999999
1995-07-01,94.400000000000006,87.400000000000006,105.2
1995-08-01,96.200000000000003,86.099999999999994,111.8
1995-09-01,88.900000000000006,78.799999999999997,104.59999999999999
1995-10-01,90.200000000000003,80.799999999999997,104.8
1995-11-01,88.200000000000003,79.700000000000003,101.3
1995-12-01,91,83.700000000000003,102.40000000000001
1996-01-01,89.299999999999997,78.700000000000003,105.8
1996-02-01,88.5,77.799999999999997,105.2
1996-03-01,93.700000000000003,86.200000000000003,105.40000000000001
1996-04-01,92.700000000000003,83,107.8
1996-05-01,89.400000000000006,79.200000000000003,105.09999999999999
1996-06-01,92.400000000000006,84,105.40000000000001
1996-07-01,94.700000000000003,86.5,107.5
1996-08-01,95.299999999999997,87.299999999999997,107.8
1996-09-01,94.700000000000003,90.099999999999994,102
1996-10-01,96.5,89.900000000000006,106.59999999999999
1996-11-01,99.200000000000003,93.900000000000006,107.5
1996-12-01,96.900000000000006,91.799999999999997,104.90000000000001
1997-01-01,97.400000000000006,91.299999999999997,106.8
1997-02-01,99.700000000000003,94.900000000000006,107.2
1997-03-01,100,93.599999999999994,109.8
1997-04-01,101.40000000000001,92.5,115.2
1997-05-01,103.2,96.599999999999994,113.5
1997-06-01,104.5,98.900000000000006,113.2
1997-07-01,107.09999999999999,102.59999999999999,114
1997-08-01,104.40000000000001,100.3,110.7
1997-09-01,106,100.7,114.09999999999999
1997-10-01,105.59999999999999,102.8,109.8
1997-11-01,107.2,102.3,114.90000000000001
1997-12-01,102.09999999999999,96.099999999999994,111.40000000000001
1998-01-01,106.59999999999999,102.2,113.5
1998-02-01,110.40000000000001,104.2,120
1998-03-01,106.5,101.90000000000001,113.7
1998-04-01,108.7,104.3,115.5
1998-05-01,106.5,101.7,113.90000000000001
1998-06-01,105.59999999999999,99.299999999999997,115.40000000000001
1998-07-01,105.2,100,113.3
1998-08-01,104.40000000000001,98.299999999999997,113.90000000000001
1998-09-01,100.90000000000001,93.900000000000006,111.7
1998-10-01,97.400000000000006,87.5,112.8
1998-11-01,102.7,94.299999999999997,115.90000000000001
1998-12-01,100.5,91.900000000000006,113.90000000000001
1999-01-01,103.90000000000001,95.700000000000003,116.8
1999-02-01,108.09999999999999,103.59999999999999,115
1999-03-01,105.7,99,116.3
1999-04-01,104.59999999999999,97.400000000000006,115.90000000000001
1999-05-01,106.8,97.599999999999994,121.09999999999999
1999-06-01,107.3,99.799999999999997,118.90000000000001
1999-07-01,106,99.200000000000003,116.5
1999-08-01,104.5,98.400000000000006,114.09999999999999
1999-09-01,107.2,101.5,115.90000000000001
1999-10-01,103.2,97.099999999999994,112.7
1999-11-01,107.2,101,116.8
1999-12-01,105.40000000000001,101.09999999999999,112.2
2000-01-01,112,108.59999999999999,117.3
2000-02-01,111.3,107.8,116.8
2000-03-01,107.09999999999999,101.7,115.40000000000001
2000-04-01,109.2,103.7,117.8
2000-05-01,110.7,104.8,119.90000000000001
2000-06-01,106.40000000000001,100.8,115.09999999999999
2000-07-01,108.3,104.5,114.2
2000-08-01,107.3,104,112.40000000000001
2000-09-01,106.8,103.40000000000001,112
2000-10-01,105.8,100.7,113.59999999999999
2000-11-01,107.59999999999999,101.59999999999999,116.90000000000001
2000-12-01,98.400000000000006,90.700000000000003,110.5
2001-01-01,94.700000000000003,86.400000000000006,107.7
2001-02-01,90.599999999999994,80.799999999999997,105.8
2001-03-01,91.5,83.900000000000006,103.40000000000001
2001-04-01,88.400000000000006,82.200000000000003,98
2001-05-01,92,85.400000000000006,102.2
2001-06-01,92.599999999999994,86.900000000000006,101.59999999999999
2001-07-01,92.400000000000006,88.400000000000006,98.599999999999994
2001-08-01,91.5,85.200000000000003,101.2
2001-09-01,81.799999999999997,73.5,94.599999999999994
2001-10-01,82.700000000000003,75.5,94
2001-11-01,83.900000000000006,76.599999999999994,95.299999999999997
2001-12-01,88.799999999999997,82.299999999999997,99
2002-01-01,93,91.299999999999997,95.700000000000003
2002-02-01,90.700000000000003,87.200000000000003,96.200000000000003
2002-03-01,95.700000000000003,92.700000000000003,100.40000000000001
2002-04-01,93,89.099999999999994,99.200000000000003
2002-05-01,96.900000000000006,92.700000000000003,103.5
2002-06-01,92.400000000000006,87.900000000000006,99.5
2002-07-01,88.099999999999994,81,99.299999999999997
2002-08-01,87.599999999999994,80.599999999999994,98.5
2002-09-01,86.099999999999994,79.900000000000006,95.799999999999997
2002-10-01,80.599999999999994,73.099999999999994,92.400000000000006
2002-11-01,84.200000000000003,78.5,93.099999999999994
2002-12-01,86.700000000000003,80.799999999999997,96
2003-01-01,82.400000000000006,72.799999999999997,97.200000000000003
2003-02-01,79.900000000000006,69.900000000000006,95.400000000000006
2003-03-01,77.599999999999994,69.599999999999994,90
2003-04-01,86,79.299999999999997,96.400000000000006
2003-05-01,92.099999999999994,91.400000000000006,93.200000000000003
2003-06-01,89.700000000000003,86.400000000000006,94.700000000000003
2003-07-01,90.900000000000006,83.700000000000003,102.09999999999999
2003-08-01,89.299999999999997,82.5,99.700000000000003
2003-09-01,87.700000000000003,80.799999999999997,98.400000000000006
2003-10-01,89.599999999999994,83,99.900000000000006
2003-11-01,93.700000000000003,88.099999999999994,102.5
2003-12-01,92.599999999999994,89.799999999999997,97
2004-01-01,103.8,100.09999999999999,109.5
2004-02-01,94.400000000000006,88.5,103.59999999999999
2004-03-01,95.799999999999997,88.799999999999997,106.8
2004-04-01,94.200000000000003,87.299999999999997,105
2004-05-01,90.200000000000003,81.599999999999994,103.59999999999999
2004-06-01,95.599999999999994,88.5,106.7
2004-07-01,96.700000000000003,91.200000000000003,105.2
2004-08-01,95.900000000000006,88.200000000000003,107.90000000000001
2004-09-01,94.200000000000003,88,103.7
2004-10-01,91.700000000000003,83.799999999999997,104
2004-11-01,92.799999999999997,85.200000000000003,104.7
2004-12-01,97.099999999999994,90.900000000000006,106.7
2005-01-01,95.5,85.700000000000003,110.90000000000001
2005-02-01,94.099999999999994,84.400000000000006,109.2
2005-03-01,92.599999999999994,82.799999999999997,108
2005-04-01,87.700000000000003,77,104.40000000000001
2005-05-01,86.900000000000006,75.299999999999997,104.90000000000001
2005-06-01,96,85,113.2
2005-07-01,96.5,85.5,113.5
2005-08-01,89.099999999999994,76.900000000000006,108.2
2005-09-01,76.900000000000006,63.299999999999997,98.099999999999994
2005-10-01,74.200000000000003,63.200000000000003,91.200000000000003
2005-11-01,81.599999999999994,69.599999999999994,100.2
2005-12-01,91.5,80.200000000000003,109.09999999999999
2006-01-01,91.200000000000003,78.900000000000006,110.3
2006-02-01,86.700000000000003,74.5,105.59999999999999
2006-03-01,88.900000000000006,76,109.09999999999999
2006-04-01,87.400000000000006,73.400000000000006,109.2
2006-05-01,79.099999999999994,68.200000000000003,96.099999999999994
2006-06-01,84.900000000000006,72,105
2006-07-01,84.700000000000003,72.5,103.5
2006-08-01,82,68,103.8
2006-09-01,85.400000000000006,78.200000000000003,96.599999999999994
2006-10-01,93.599999999999994,84.799999999999997,107.3
2006-11-01,92.099999999999994,83.200000000000003,106
2006-12-01,91.700000000000003,81.200000000000003,108.09999999999999
2007-01-01,96.900000000000006,87.599999999999994,111.3
2007-02-01,91.299999999999997,81.5,106.7
2007-03-01,88.400000000000006,78.700000000000003,103.5
2007-04-01,87.099999999999994,75.900000000000006,104.59999999999999
2007-05-01,88.299999999999997,77.599999999999994,105.09999999999999
2007-06-01,85.299999999999997,74.700000000000003,101.90000000000001
2007-07-01,90.400000000000006,81.5,104.5
2007-08-01,83.400000000000006,73.700000000000003,98.400000000000006
2007-09-01,83.400000000000006,74.099999999999994,97.900000000000006
2007-10-01,80.900000000000006,70.099999999999994,97.599999999999994
2007-11-01,76.099999999999994,66.200000000000003,91.5
2007-12-01,75.5,65.599999999999994,91
2008-01-01,78.400000000000006,68.099999999999994,94.400000000000006
2008-02-01,70.799999999999997,62.399999999999999,83.799999999999997
2008-03-01,69.5,60.100000000000001,84.200000000000003
2008-04-01,62.600000000000001,53.299999999999997,77
2008-05-01,59.799999999999997,51.100000000000001,73.299999999999997
2008-06-01,56.399999999999999,49.200000000000003,67.599999999999994
2008-07-01,61.200000000000003,53.5,73.099999999999994
2008-08-01,63,57.899999999999999,71
2008-09-01,70.299999999999997,67.200000000000003,75
2008-10-01,57.600000000000001,57,58.399999999999999
2008-11-01,55.299999999999997,53.899999999999999,57.5
2008-12-01,60.100000000000001,54,69.5
2009-01-01,61.200000000000003,57.799999999999997,66.5
2009-02-01,56.299999999999997,50.5,65.5
2009-03-01,57.299999999999997,53.5,63.299999999999997
2009-04-01,65.099999999999994,63.100000000000001,68.299999999999997
2009-05-01,68.700000000000003,69.400000000000006,67.700000000000003
2009-06-01,70.799999999999997,69.200000000000003,73.200000000000003
2009-07-01,66,63.200000000000003,70.5
2009-08-01,65.700000000000003,65,66.599999999999994
2009-09-01,73.5,73.5,73.400000000000006
2009-10-01,70.599999999999994,68.599999999999994,73.700000000000003
2009-11-01,67.400000000000006,66.5,68.799999999999997
2009-12-01,72.5,68.900000000000006,78
2010-01-01,74.400000000000006,70.099999999999994,81.099999999999994
2010-02-01,73.599999999999994,68.400000000000006,81.799999999999997
2010-03-01,73.599999999999994,67.900000000000006,82.400000000000006
2010-04-01,72.200000000000003,66.5,81
2010-05-01,73.599999999999994,68.799999999999997,81
2010-06-01,76,69.799999999999997,85.599999999999994
2010-07-01,67.799999999999997,62.299999999999997,76.5
2010-08-01,68.900000000000006,62.899999999999999,78.299999999999997
2010-09-01,68.200000000000003,60.899999999999999,79.599999999999994
2010-10-01,67.700000000000003,61.899999999999999,76.599999999999994
2010-11-01,71.599999999999994,64.799999999999997,82.099999999999994
2010-12-01,74.5,67.5,85.299999999999997
2011-01-01,74.200000000000003,69.299999999999997,81.799999999999997
2011-02-01,77.5,71.599999999999994,86.900000000000006
2011-03-01,67.5,57.899999999999999,82.5
2011-04-01,69.799999999999997,61.600000000000001,82.5
2011-05-01,74.299999999999997,69.5,81.900000000000006
2011-06-01,71.5,64.700000000000003,82
2011-07-01,63.700000000000003,55.899999999999999,75.700000000000003
2011-08-01,55.799999999999997,47.600000000000001,68.5
2011-09-01,59.5,49.399999999999999,75.200000000000003
2011-10-01,60.799999999999997,51.700000000000003,74.900000000000006
2011-11-01,63.700000000000003,54.899999999999999,77.400000000000006
2011-12-01,69.900000000000006,63.600000000000001,79.599999999999994
2012-01-01,75,69.099999999999994,84.200000000000003
2012-02-01,75.299999999999997,70.299999999999997,83
2012-03-01,76.200000000000003,69.799999999999997,86
2012-04-01,76.400000000000006,72.299999999999997,82.900000000000006
2012-05-01,79.299999999999997,74.299999999999997,87.200000000000003
2012-06-01,73.200000000000003,67.799999999999997,81.5
2012-07-01,72.299999999999997,65.599999999999994,82.700000000000003
2012-08-01,74.299999999999997,65.099999999999994,88.700000000000003
2012-09-01,78.299999999999997,73.5,85.700000000000003
2012-10-01,82.599999999999994,79,88.099999999999994
2012-11-01,82.700000000000003,77.700000000000003,90.599999999999994
2012-12-01,72.900000000000006,63.799999999999997,87
2013-01-01,73.799999999999997,66.599999999999994,85
2013-02-01,77.599999999999994,70.200000000000003,89
2013-03-01,78.599999999999994,70.799999999999997,90.700000000000003
2013-04-01,76.400000000000006,67.799999999999997,89.900000000000006
2013-05-01,84.5,75.799999999999997,98
2013-06-01,84.099999999999994,77.799999999999997,93.799999999999997
2013-07-01,85.099999999999994,76.5,98.599999999999994
2013-08-01,82.099999999999994,73.700000000000003,95.200000000000003
2013-09-01,77.5,67.799999999999997,92.599999999999994
2013-10-01,73.200000000000003,62.5,89.900000000000006
2013-11-01,75.099999999999994,66.799999999999997,88
2013-12-01,82.5,72.099999999999994,98.599999999999994
2014-01-01,81.200000000000003,71.200000000000003,96.799999999999997
2014-02-01,81.599999999999994,72.700000000000003,95.400000000000006
2014-03-01,80,70,95.700000000000003
2014-04-01,84.099999999999994,74.700000000000003,98.700000000000003
2014-05-01,81.900000000000006,73.700000000000003,94.5
2014-06-01,82.5,73.5,96.599999999999994
2014-07-01,81.799999999999997,71.799999999999997,97.400000000000006
2014-08-01,82.5,71.299999999999997,99.799999999999997
2014-09-01,84.599999999999994,75.400000000000006,98.900000000000006
2014-10-01,86.900000000000006,79.599999999999994,98.299999999999997
2014-11-01,88.799999999999997,79.900000000000006,102.7
2014-12-01,93.599999999999994,86.400000000000006,104.8
2015-01-01,98.099999999999994,91,109.3
2015-02-01,95.400000000000006,88,106.90000000000001
2015-03-01,93,85.299999999999997,105
2015-04-01,95.900000000000006,88.799999999999997,107
2015-05-01,90.700000000000003,84.200000000000003,100.8
2015-06-01,96.099999999999994,87.799999999999997,108.90000000000001
2015-07-01,93.099999999999994,84.099999999999994,107.2
2015-08-01,91.900000000000006,83.400000000000006,105.09999999999999
2015-09-01,87.200000000000003,78.200000000000003,101.2
2015-10-01,90,82.099999999999994,102.3
2015-11-01,91.299999999999997,82.900000000000006,104.3
2015-12-01,92.599999999999994,82.700000000000003,108.09999999999999
2016-01-01,92,82.700000000000003,106.40000000000001
2016-02-01,91.700000000000003,81.900000000000006,106.8
2016-03-01,91,81.5,105.59999999999999
2016-04-01,89,77.599999999999994,106.7
2016-05-01,94.700000000000003,84.900000000000006,109.90000000000001
2016-06-01,93.5,82.400000000000006,110.8
2016-07-01,90,77.799999999999997,109
2016-08-01,89.799999999999997,78.700000000000003,107
2016-09-01,91.200000000000003,82.700000000000003,104.2
2016-10-01,87.200000000000003,76.799999999999997,103.2
2016-11-01,93.799999999999997,85.200000000000003,107.3
2016-12-01,98.200000000000003,89.5,111.90000000000001
2017-01-01,98.5,90.299999999999997,111.3
2017-02-01,96.299999999999997,86.5,111.5
2017-03-01,96.900000000000006,86.5,113.2
2017-04-01,97,87,112.7
2017-05-01,97.099999999999994,87.700000000000003,111.7
2017-06-01,95,83.799999999999997,112.40000000000001
2017-07-01,93.400000000000006,80.5,113.40000000000001
2017-08-01,96.799999999999997,87.700000000000003,110.90000000000001
2017-09-01,95.099999999999994,84.400000000000006,111.7
2017-10-01,100.7,90.5,116.5
2017-11-01,98.5,88.900000000000006,113.5
2017-12-01,95.900000000000006,84.299999999999997,113.8
2018-01-01,95.700000000000003,86.299999999999997,110.5
2018-02-01,99.700000000000003,90,114.90000000000001
2018-03-01,101.40000000000001,88.799999999999997,121.2
2018-04-01,98.799999999999997,88.400000000000006,114.90000000000001
2018-05-01,98,89.099999999999994,111.8
2018-06-01,98.200000000000003,86.299999999999997,116.5
2018-07-01,97.900000000000006,87.299999999999997,114.40000000000001
2018-08-01,96.200000000000003,87.099999999999994,110.3
2018-09-01,100.09999999999999,90.5,115.2
2018-10-01,98.599999999999994,89.299999999999997,113.09999999999999
2018-11-01,97.5,88.099999999999994,112.3
2018-12-01,98.299999999999997,87,116.09999999999999
2019-01-01,91.200000000000003,79.900000000000006,108.8
2019-02-01,93.799999999999997,84.400000000000006,108.5
2019-03-01,98.400000000000006,88.799999999999997,113.3
2019-04-01,97.200000000000003,87.400000000000006,112.3
2019-05-01,100,93.5,110
2019-06-01,98.200000000000003,89.299999999999997,111.90000000000001
2019-07-01,98.400000000000006,90.5,110.7
2019-08-01,89.799999999999997,79.900000000000006,105.3
2019-09-01,93.200000000000003,83.400000000000006,108.5
2019-10-01,95.5,84.200000000000003,113.2
2019-11-01,96.799999999999997,87.299999999999997,111.59999999999999
2019-12-01,99.299999999999997,88.900000000000006,115.5
2020-01-01,99.799999999999997,90.5,114.40000000000001
2020-02-01,101,92.099999999999994,114.8
2020-03-01,89.099999999999994,79.700000000000003,103.7
2020-04-01,71.799999999999997,70.099999999999994,74.299999999999997
2020-05-01,72.299999999999997,65.900000000000006,82.299999999999997
2020-06-01,78.099999999999994,72.299999999999997,87.099999999999994
2020-07-01,72.5,65.900000000000006,82.799999999999997
2020-08-01,74.099999999999994,68.5,82.900000000000006
2020-09-01,80.400000000000006,75.599999999999994,87.799999999999997
2020-10-01,81.799999999999997,79.200000000000003,85.900000000000006
2020-11-01,76.900000000000006,70.5,87
2020-12-01,80.700000000000003,74.599999999999994,90
2021-01-01,79,74,86.700000000000003
2021-02-01,76.799999999999997,70.700000000000003,86.200000000000003
2021-03-01,84.900000000000006,79.700000000000003,93
2021-04-01,88.299999999999997,82.700000000000003,97.200000000000003
2021-05-01,82.900000000000006,78.799999999999997,89.400000000000006
2021-06-01,85.5,83.5,88.599999999999994
2021-07-01,81.200000000000003,79,84.5
2021-08-01,70.299999999999997,65.099999999999994,78.5
2021-09-01,72.799999999999997,68.099999999999994,80.099999999999994
2021-10-01,71.700000000000003,67.900000000000006,77.700000000000003
2021-11-01,67.400000000000006,63.5,73.599999999999994
2021-12-01,70.599999999999994,68.299999999999997,74.200000000000003
2022-01-01,67.200000000000003,64.099999999999994,72
2022-02-01,62.799999999999997,59.399999999999999,68.200000000000003
2022-03-01,59.399999999999999,54.299999999999997,67.200000000000003
2022-04-01,65.200000000000003,62.5,69.400000000000006
2022-05-01,58.399999999999999,55.200000000000003,63.299999999999997
2022-06-01,50,47.5,53.799999999999997
2022-07-01,51.5,47.299999999999997,58.100000000000001
2022-08-01,58.200000000000003,58,58.600000000000001
2022-09-01,58.600000000000001,58,59.700000000000003
2022-10-01,59.899999999999999,56.200000000000003,65.599999999999994
2022-11-01,56.700000000000003,55.5,58.700000000000003
2022-12-01,59.799999999999997,60,59.600000000000001
2023-01-01,64.900000000000006,62.600000000000001,68.5
2023-02-01,66.900000000000006,64.5,70.700000000000003
2023-03-01,62,59.200000000000003,66.299999999999997
2023-04-01,63.700000000000003,60.600000000000001,68.5
2023-05-01,59,55.100000000000001,65.099999999999994
2023-06-01,64.200000000000003,61.100000000000001,68.900000000000006
2023-07-01,71.5,68.299999999999997,76.5
2023-08-01,69.400000000000006,65.400000000000006,75.5
2023-09-01,67.799999999999997,65.700000000000003,71.099999999999994
2023-10-01,63.799999999999997,59.299999999999997,70.599999999999994
2023-11-01,61.299999999999997,56.799999999999997,68.299999999999997
2023-12-01,69.700000000000003,67.400000000000006,73.299999999999997
2024-01-01,79,77.099999999999994,81.900000000000006
2024-02-01,76.900000000000006,75.200000000000003,79.400000000000006
2024-03-01,79.400000000000006,77.400000000000006,82.5
2024-04-01,77.200000000000003,76,79
2024-05-01,69.099999999999994,68.799999999999997,69.599999999999994
2024-06-01,68.200000000000003,69.599999999999994,65.900000000000006
2024-07-01,66.400000000000006,68.799999999999997,62.700000000000003
2024-08-01,67.900000000000006,72.099999999999994,61.299999999999997
2024-09-01,70.099999999999994,74.400000000000006,63.299999999999997
