dgp_label,source_dir,scenario,model,n_seeds,mse_full_mean,mse_drop_mean,improve_pct_mean,rmse_full_mean,mas_mean,mas_std,mas_median,mas_sig_10,mas_sig_05,mas_sig_01
dgp1_structural_break,revision\simulations\outputs\sim1_master_out\break_b08_expanding,break_b08_expanding,enet,25,1.3802005190956068,1.0575547756107448,23.161412643933723,1.1735016930382738,0.10173533359546406,0.2814236575944224,0.019871982016360645,0.0,0.0,0.0
dgp1_structural_break,revision\simulations\outputs\sim1_master_out\break_b08_expanding,break_b08_expanding,ols,25,1.4180769754094475,1.0584858318500996,25.065002893352947,1.189084250507341,0.07892354806998403,0.2867435318625197,-0.0564500823605596,0.0,0.0,0.0
dgp1_structural_break,revision\simulations\outputs\sim1_master_out\break_b08_expanding,break_b08_expanding,rf,25,1.4254016604156499,1.177590465594272,17.02256008432219,1.1920310567673145,0.1616831907255424,0.2834109389934528,0.2064797119118712,0.0,0.0,0.0
dgp2_persistent_noise,revision\simulations\outputs\sim1_master_out\persistent_rho099_rolling20,persistent_rho099_rolling20,enet,25,1.3228811979144472,1.2285987380405097,7.030884796148424,1.1493554995209727,0.20213002079634548,0.14425874301047106,0.1809477416280577,0.0,0.0,0.0
dgp2_persistent_noise,revision\simulations\outputs\sim1_master_out\persistent_rho099_rolling20,persistent_rho099_rolling20,ols,25,1.4524088789873661,1.2823184638596479,11.647120198499174,1.2044985721709163,0.07042337720252184,0.049967662071607646,0.07555590239547637,0.0,0.0,0.0
dgp2_persistent_noise,revision\simulations\outputs\sim1_master_out\persistent_rho099_rolling20,persistent_rho099_rolling20,rf,25,1.4389957183865159,1.407113584914656,2.205779317696878,1.1990454611188204,0.5365197517887093,0.2310426592851451,0.3795313653087342,0.16,0.12,0.0
dgp3_proxy_break,revision\simulations\outputs\sim1_master_out\proxy_break_reverse_noisyx1_expanding,proxy_break_reverse_noisyx1_expanding,enet,25,1.6280378010280034,1.2752974835662103,21.256139130993628,1.2725984008116342,0.35941878589930565,0.25634640170383444,0.3899392221871383,0.0,0.0,0.0
dgp3_proxy_break,revision\simulations\outputs\sim1_master_out\proxy_break_reverse_noisyx1_expanding,proxy_break_reverse_noisyx1_expanding,ols,25,1.6359056913772816,1.2675446433057846,21.978876233253715,1.275551721147983,0.3049909142772164,0.274868067361693,0.34531082306633265,0.0,0.0,0.0
dgp3_proxy_break,revision\simulations\outputs\sim1_master_out\proxy_break_reverse_noisyx1_expanding,proxy_break_reverse_noisyx1_expanding,rf,25,1.5477711193269952,1.3793539565858608,10.555667639023667,1.241855140272922,0.3887281973539764,0.28569971444318554,0.4505538937609304,0.0,0.0,0.0
