dgp,window,model,predictor,M,replicate,pbsv
threshold,rolling,enet,x1,3,0,0.02401634575470683
threshold,rolling,enet,x2,3,0,-0.5115125822556944
threshold,rolling,enet,x3,3,0,0.0029674808649387727
threshold,rolling,enet,x4,3,0,0.02718721186583954
threshold,rolling,enet,x5,3,0,-0.004955866816211074
threshold,rolling,enet,x6,3,0,0.020823177924765107
threshold,rolling,rf,x1,3,0,-0.636717600981762
threshold,rolling,rf,x2,3,0,-1.2029010871232235
threshold,rolling,rf,x3,3,0,0.004388633721919148
threshold,rolling,rf,x4,3,0,0.004189474461120168
threshold,rolling,rf,x5,3,0,-0.01751773685208735
threshold,rolling,rf,x6,3,0,-0.003959077041326624
threshold,rolling,xgboost,x1,3,0,-0.6868309720507951
threshold,rolling,xgboost,x2,3,0,-1.2083283479385605
threshold,rolling,xgboost,x3,3,0,-0.009067208017741116
threshold,rolling,xgboost,x4,3,0,0.015433960477308903
threshold,rolling,xgboost,x5,3,0,-0.057971446699319897
threshold,rolling,xgboost,x6,3,0,0.007300820144819549
threshold,rolling,enet,x1,3,1,0.024052229204916047
threshold,rolling,enet,x2,3,1,-0.511506313262387
threshold,rolling,enet,x3,3,1,0.0029019250430131946
threshold,rolling,enet,x4,3,1,0.027184575973218255
threshold,rolling,enet,x5,3,1,-0.004904480530026086
threshold,rolling,enet,x6,3,1,0.020797830909610404
threshold,rolling,rf,x1,3,1,-0.6341097897547651
threshold,rolling,rf,x2,3,1,-1.2018415991636313
threshold,rolling,rf,x3,3,1,0.0012662187479324978
threshold,rolling,rf,x4,3,1,0.003335052574746422
threshold,rolling,rf,x5,3,1,-0.01793486877134683
threshold,rolling,rf,x6,3,1,-0.003232407448295819
threshold,rolling,xgboost,x1,3,1,-0.6828480532054509
threshold,rolling,xgboost,x2,3,1,-1.2084522052772957
threshold,rolling,xgboost,x3,3,1,-0.0102385501835028
threshold,rolling,xgboost,x4,3,1,0.014099178591545044
threshold,rolling,xgboost,x5,3,1,-0.05736577597129888
threshold,rolling,xgboost,x6,3,1,0.005342211961714953
threshold,rolling,enet,x1,3,2,0.023871813782255263
threshold,rolling,enet,x2,3,2,-0.5114200247249298
threshold,rolling,enet,x3,3,2,0.002933643792179493
threshold,rolling,enet,x4,3,2,0.027311686396571888
threshold,rolling,enet,x5,3,2,-0.004888144209832228
threshold,rolling,enet,x6,3,2,0.020716792302100107
threshold,rolling,rf,x1,3,2,-0.6320522277523405
threshold,rolling,rf,x2,3,2,-1.2035833133755838
threshold,rolling,rf,x3,3,2,-0.0025779773148307448
threshold,rolling,rf,x4,3,2,0.00773133484275131
threshold,rolling,rf,x5,3,2,-0.018952210731263037
threshold,rolling,rf,x6,3,2,-0.003082999484093296
threshold,rolling,xgboost,x1,3,2,-0.6953645869374853
threshold,rolling,xgboost,x2,3,2,-1.206039553407429
threshold,rolling,xgboost,x3,3,2,-0.009347194575399342
threshold,rolling,xgboost,x4,3,2,0.02370560966017436
threshold,rolling,xgboost,x5,3,2,-0.054854239582100416
threshold,rolling,xgboost,x6,3,2,0.0024367707579515674
threshold,rolling,enet,x1,3,3,0.024013254121165433
threshold,rolling,enet,x2,3,3,-0.5115052153694083
threshold,rolling,enet,x3,3,3,0.002870133272073453
threshold,rolling,enet,x4,3,3,0.027239652925189855
threshold,rolling,enet,x5,3,3,-0.004865682362348374
threshold,rolling,enet,x6,3,3,0.020773624751672697
threshold,rolling,rf,x1,3,3,-0.6321900755885774
threshold,rolling,rf,x2,3,3,-1.1982812593611216
threshold,rolling,rf,x3,3,3,-0.0059053603018108065
threshold,rolling,rf,x4,3,3,0.00591706534819673
threshold,rolling,rf,x5,3,3,-0.019606790181719774
threshold,rolling,rf,x6,3,3,-0.0024509737303270995
threshold,rolling,xgboost,x1,3,3,-0.6878951026468121
threshold,rolling,xgboost,x2,3,3,-1.2098262152134047
threshold,rolling,xgboost,x3,3,3,-0.010150849227422857
threshold,rolling,xgboost,x4,3,3,0.01858557136809476
threshold,rolling,xgboost,x5,3,3,-0.05329283024467727
threshold,rolling,xgboost,x6,3,3,0.0031162318799341135
threshold,rolling,enet,x1,3,4,0.02410266923982866
threshold,rolling,enet,x2,3,4,-0.5114832757000927
threshold,rolling,enet,x3,3,4,0.00291082954368956
threshold,rolling,enet,x4,3,4,0.02716967857234313
threshold,rolling,enet,x5,3,4,-0.0049281076178662175
threshold,rolling,enet,x6,3,4,0.020753973300442336
threshold,rolling,rf,x1,3,4,-0.6341932001605964
threshold,rolling,rf,x2,3,4,-1.1999200912983097
threshold,rolling,rf,x3,3,4,-0.00228675612161681
threshold,rolling,rf,x4,3,4,0.004984227758514222
threshold,rolling,rf,x5,3,4,-0.01816788793814032
threshold,rolling,rf,x6,3,4,-0.002933686055210938
threshold,rolling,xgboost,x1,3,4,-0.6805630867906943
threshold,rolling,xgboost,x2,3,4,-1.210878855393611
threshold,rolling,xgboost,x3,3,4,-0.010364280560290151
threshold,rolling,xgboost,x4,3,4,0.01579779539535105
threshold,rolling,xgboost,x5,3,4,-0.05573837659595049
threshold,rolling,xgboost,x6,3,4,0.002283609860906625
threshold,rolling,enet,x1,3,5,0.02397106838515432
threshold,rolling,enet,x2,3,5,-0.5114710680853357
threshold,rolling,enet,x3,3,5,0.0028772652299728176
threshold,rolling,enet,x4,3,5,0.02725321555302888
threshold,rolling,enet,x5,3,5,-0.004904480530026086
threshold,rolling,enet,x6,3,5,0.02079976678555055
threshold,rolling,rf,x1,3,5,-0.6307860841092318
threshold,rolling,rf,x2,3,5,-1.200365362343062
threshold,rolling,rf,x3,3,5,-0.005853077777639548
threshold,rolling,rf,x4,3,5,0.004970973643141659
threshold,rolling,rf,x5,3,5,-0.01793486877134683
threshold,rolling,rf,x6,3,5,-0.0025489744572217234
threshold,rolling,xgboost,x1,3,5,-0.6893068508240984
threshold,rolling,xgboost,x2,3,5,-1.207931628410191
threshold,rolling,xgboost,x3,3,5,-0.008478507409428978
threshold,rolling,xgboost,x4,3,5,0.02134280077843716
threshold,rolling,xgboost,x5,3,5,-0.05736577597129888
threshold,rolling,xgboost,x6,3,5,0.0022767677522919825
threshold,rolling,enet,x1,3,6,0.023942619583748954
threshold,rolling,enet,x2,3,6,-0.5114200247249298
threshold,rolling,enet,x3,3,6,0.002926606219423681
threshold,rolling,enet,x4,3,6,0.02725521194155685
threshold,rolling,enet,x5,3,6,-0.004880392052716287
threshold,rolling,enet,x6,3,6,0.02070174637126132
threshold,rolling,rf,x1,3,6,-0.6302550018610997
threshold,rolling,rf,x2,3,6,-1.2035833133755838
threshold,rolling,rf,x3,3,6,-0.0025015091250419155
threshold,rolling,rf,x4,3,6,0.005391516325035613
threshold,rolling,rf,x5,3,6,-0.0186503295260713
threshold,rolling,rf,x6,3,6,-0.002918756252598964
threshold,rolling,xgboost,x1,3,6,-0.6914220693786032
threshold,rolling,xgboost,x2,3,6,-1.206039553407429
threshold,rolling,xgboost,x3,3,6,-0.008563214056384568
threshold,rolling,xgboost,x4,3,6,0.019666084616676665
threshold,rolling,xgboost,x5,3,6,-0.05505978863777513
threshold,rolling,xgboost,x6,3,6,0.0019553467792272627
threshold,rolling,enet,x1,3,7,0.024037033853485212
threshold,rolling,enet,x2,3,7,-0.5114840268864558
threshold,rolling,enet,x3,3,7,0.0027921837291028004
threshold,rolling,enet,x4,3,7,0.027324511202606667
threshold,rolling,enet,x5,3,7,-0.004903802896617959
threshold,rolling,enet,x6,3,7,0.02075986833622386
threshold,rolling,rf,x1,3,7,-0.6370410760694765
threshold,rolling,rf,x2,3,7,-1.196589907156657
threshold,rolling,rf,x3,3,7,-0.005341378945322568
threshold,rolling,rf,x4,3,7,0.007543710514449205
threshold,rolling,rf,x5,3,7,-0.018408752470587892
threshold,rolling,rf,x6,3,7,-0.0026799896877653198
threshold,rolling,xgboost,x1,3,7,-0.6822311711705455
threshold,rolling,xgboost,x2,3,7,-1.2168016321210844
threshold,rolling,xgboost,x3,3,7,-0.010999128003680156
threshold,rolling,xgboost,x4,3,7,0.02373983531356331
threshold,rolling,xgboost,x5,3,7,-0.05552180054777497
threshold,rolling,xgboost,x6,3,7,0.002350702445233684
threshold,rolling,enet,x1,6,0,0.024024187002536907
threshold,rolling,enet,x2,6,0,-0.511548283421052
threshold,rolling,enet,x3,6,0,0.002885636362162399
threshold,rolling,enet,x4,6,0,0.027308790451122816
threshold,rolling,enet,x5,6,0,-0.004917510012916515
threshold,rolling,enet,x6,6,0,0.020772946956491196
threshold,rolling,rf,x1,6,0,-0.6327540947656206
threshold,rolling,rf,x2,6,0,-1.2012983207365693
threshold,rolling,rf,x3,6,0,-0.0040506231717545305
threshold,rolling,rf,x4,6,0,0.008018237190621632
threshold,rolling,rf,x5,6,0,-0.01848939354119557
threshold,rolling,rf,x6,6,0,-0.0039431987908417065
threshold,rolling,xgboost,x1,6,0,-0.6850008577714126
threshold,rolling,xgboost,x2,6,0,-1.2176309825343137
threshold,rolling,xgboost,x3,6,0,-0.009854227102306249
threshold,rolling,xgboost,x4,6,0,0.023332262584018253
threshold,rolling,xgboost,x5,6,0,-0.05691362080607939
threshold,rolling,xgboost,x6,6,0,0.00660423154580551
threshold,rolling,enet,x1,6,1,0.023999223901119266
threshold,rolling,enet,x2,6,1,-0.5114760732898316
threshold,rolling,enet,x3,6,1,0.0028511156612127664
threshold,rolling,enet,x4,6,1,0.027247236924536938
threshold,rolling,enet,x5,6,1,-0.004899963020206825
threshold,rolling,enet,x6,6,1,0.020804227161514272
threshold,rolling,rf,x1,6,1,-0.6360333827741488
threshold,rolling,rf,x2,6,1,-1.1985867637257
threshold,rolling,rf,x3,6,1,-0.0021022678650818674
threshold,rolling,rf,x4,6,1,0.005919793565624887
threshold,rolling,rf,x5,6,1,-0.0181773630404725
threshold,rolling,rf,x6,6,1,-0.0035374099755816437
threshold,rolling,xgboost,x1,6,1,-0.6881342521230457
threshold,rolling,xgboost,x2,6,1,-1.2105937110435498
threshold,rolling,xgboost,x3,6,1,-0.009572232368486477
threshold,rolling,xgboost,x4,6,1,0.019165619570968923
threshold,rolling,xgboost,x5,6,1,-0.056361036448944635
threshold,rolling,xgboost,x6,6,1,0.006032418328769366
threshold,rolling,enet,x1,6,2,0.023986913498695677
threshold,rolling,enet,x2,6,2,-0.5115468805949063
threshold,rolling,enet,x3,6,2,0.002924177319097776
threshold,rolling,enet,x4,6,2,0.02729698204423181
threshold,rolling,enet,x5,6,2,-0.004915647487197343
threshold,rolling,enet,x6,6,2,0.020780222558423083
threshold,rolling,rf,x1,6,2,-0.6353582665887516
threshold,rolling,rf,x2,6,2,-1.2001350744071335
threshold,rolling,rf,x3,6,2,-0.002417519042393401
threshold,rolling,rf,x4,6,2,0.006610913796177509
threshold,rolling,rf,x5,6,2,-0.01785003051331091
threshold,rolling,rf,x6,6,2,-0.0033674170599481044
threshold,rolling,xgboost,x1,6,2,-0.6860664523634387
threshold,rolling,xgboost,x2,6,2,-1.2138042497652306
threshold,rolling,xgboost,x3,6,2,-0.009558501260091426
threshold,rolling,xgboost,x4,6,2,0.022116985339166173
threshold,rolling,xgboost,x5,6,2,-0.05662884190310905
threshold,rolling,xgboost,x6,6,2,0.004477865868415291
threshold,rolling,enet,x1,6,3,0.024058385598005477
threshold,rolling,enet,x2,6,3,-0.5115056883849888
threshold,rolling,enet,x3,6,3,0.002896910116254481
threshold,rolling,enet,x4,6,3,0.02725671822696807
threshold,rolling,enet,x5,6,3,-0.0049156624509282265
threshold,rolling,enet,x6,6,3,0.02073510423303393
threshold,rolling,rf,x1,6,3,-0.63117041596813
threshold,rolling,rf,x2,6,3,-1.1989748959174966
threshold,rolling,rf,x3,6,3,-0.006182861124701233
threshold,rolling,rf,x4,6,3,0.005939960958705082
threshold,rolling,rf,x5,6,3,-0.018458226163063213
threshold,rolling,rf,x6,6,3,-0.0036709556006742083
threshold,rolling,xgboost,x1,6,3,-0.6849273105162905
threshold,rolling,xgboost,x2,6,3,-1.215043683057762
threshold,rolling,xgboost,x3,6,3,-0.008166301747790206
threshold,rolling,xgboost,x4,6,3,0.02010315914955881
threshold,rolling,xgboost,x5,6,3,-0.056033299279183914
threshold,rolling,xgboost,x6,6,3,0.004604241367179666
threshold,rolling,enet,x1,6,4,0.023960217546637835
threshold,rolling,enet,x2,6,4,-0.511431160257967
threshold,rolling,enet,x3,6,4,0.0029352817092861785
threshold,rolling,enet,x4,6,4,0.02723289579608416
threshold,rolling,enet,x5,6,4,-0.00494993782112992
threshold,rolling,enet,x6,6,4,0.020778470365433493
threshold,rolling,rf,x1,6,4,-0.6349354468810261
threshold,rolling,rf,x2,6,4,-1.2002340848907167
threshold,rolling,rf,x3,6,4,-0.002577941744451103
threshold,rolling,rf,x4,6,4,0.006034450699605472
threshold,rolling,rf,x5,6,4,-0.01784685624345465
threshold,rolling,rf,x6,6,4,-0.0029575147553170997
threshold,rolling,xgboost,x1,6,4,-0.6903184968655891
threshold,rolling,xgboost,x2,6,4,-1.2057914884817453
threshold,rolling,xgboost,x3,6,4,-0.009150187471970642
threshold,rolling,xgboost,x4,6,4,0.01898004843130922
threshold,rolling,xgboost,x5,6,4,-0.05681788191305296
threshold,rolling,xgboost,x6,6,4,0.003634812216760689
threshold,rolling,enet,x1,6,5,0.024041670924362452
threshold,rolling,enet,x2,6,5,-0.5115314513229342
threshold,rolling,enet,x3,6,5,0.002991478840342491
threshold,rolling,enet,x4,6,5,0.027219214952147446
threshold,rolling,enet,x5,6,5,-0.00492686519613487
threshold,rolling,enet,x6,6,5,0.020731719140561527
threshold,rolling,rf,x1,6,5,-0.6336040225708995
threshold,rolling,rf,x2,6,5,-1.2028225117581515
threshold,rolling,rf,x3,6,5,-0.0006618038606636123
threshold,rolling,rf,x4,6,5,0.0052832345751141485
threshold,rolling,rf,x5,6,5,-0.017903411869890345
threshold,rolling,rf,x6,6,5,-0.002808878330869439
threshold,rolling,xgboost,x1,6,5,-0.6836156710976907
threshold,rolling,xgboost,x2,6,5,-1.2103957474259592
threshold,rolling,xgboost,x3,6,5,-0.009360903523206324
threshold,rolling,xgboost,x4,6,5,0.018038268564378363
threshold,rolling,xgboost,x5,6,5,-0.05644449624700465
threshold,rolling,xgboost,x6,6,5,0.0023153556451942503
threshold,rolling,enet,x1,6,6,0.024028589236257097
threshold,rolling,enet,x2,6,6,-0.5116698820461096
threshold,rolling,enet,x3,6,6,0.00292525579668849
threshold,rolling,enet,x4,6,6,0.02731286527756538
threshold,rolling,enet,x5,6,6,-0.004914297508673189
threshold,rolling,enet,x6,6,6,0.020843236582616703
threshold,rolling,rf,x1,6,6,-0.6328695387742628
threshold,rolling,rf,x2,6,6,-1.202313262995613
threshold,rolling,rf,x3,6,6,-0.0027347313732094536
threshold,rolling,rf,x4,6,6,0.007495079926602144
threshold,rolling,rf,x5,6,6,-0.018017702273134522
threshold,rolling,rf,x6,6,6,-0.004077238325742398
threshold,rolling,xgboost,x1,6,6,-0.6862069947022422
threshold,rolling,xgboost,x2,6,6,-1.2197517179442945
threshold,rolling,xgboost,x3,6,6,-0.007802060004305759
threshold,rolling,xgboost,x4,6,6,0.023778451928859523
threshold,rolling,xgboost,x5,6,6,-0.05718565789093503
threshold,rolling,xgboost,x6,6,6,0.0077047845286298084
threshold,rolling,enet,x1,6,7,0.023970446657812006
threshold,rolling,enet,x2,6,7,-0.5115110173372867
threshold,rolling,enet,x3,6,7,0.0029399422360472474
threshold,rolling,enet,x4,6,7,0.027318543781240694
threshold,rolling,enet,x5,6,7,-0.0049579266054467315
threshold,rolling,enet,x6,6,7,0.020765778605978207
threshold,rolling,rf,x1,6,7,-0.6372944256281731
threshold,rolling,rf,x2,6,7,-1.2017066736685023
threshold,rolling,rf,x3,6,7,-0.0005439962070923713
threshold,rolling,rf,x4,6,7,0.00804582282915319
threshold,rolling,rf,x5,6,7,-0.018110922936162083
threshold,rolling,rf,x6,6,7,-0.0029071982045832576
threshold,rolling,xgboost,x1,6,7,-0.6875686399332178
threshold,rolling,xgboost,x2,6,7,-1.2120980534723425
threshold,rolling,xgboost,x3,6,7,-0.009836366957140444
threshold,rolling,xgboost,x4,6,7,0.02300381712089979
threshold,rolling,xgboost,x5,6,7,-0.05723014010978256
threshold,rolling,xgboost,x6,6,7,0.004266189267295384
threshold,rolling,enet,x1,8,0,0.02402915700169908
threshold,rolling,enet,x2,8,0,-0.5115741495712218
threshold,rolling,enet,x3,8,0,0.002955215799429173
threshold,rolling,enet,x4,8,0,0.027269481372521498
threshold,rolling,enet,x5,8,0,-0.004934347804435857
threshold,rolling,enet,x6,8,0,0.02078041054035268
threshold,rolling,rf,x1,8,0,-0.6359792486233546
threshold,rolling,rf,x2,8,0,-1.2010318435005571
threshold,rolling,rf,x3,8,0,-0.0006788930253194825
threshold,rolling,rf,x4,8,0,0.00664837829682291
threshold,rolling,rf,x5,8,0,-0.017943631713466912
threshold,rolling,rf,x6,8,0,-0.0035321552494848862
threshold,rolling,xgboost,x1,8,0,-0.6850140745228009
threshold,rolling,xgboost,x2,8,0,-1.2147858568513514
threshold,rolling,xgboost,x3,8,0,-0.009246383061512237
threshold,rolling,xgboost,x4,8,0,0.020611425247160586
threshold,rolling,xgboost,x5,8,0,-0.0568209359316848
threshold,rolling,xgboost,x6,8,0,0.005792631035900803
threshold,rolling,enet,x1,8,1,0.02400777730096887
threshold,rolling,enet,x2,8,1,-0.5115337012915484
threshold,rolling,enet,x3,8,1,0.0029100458256107187
threshold,rolling,enet,x4,8,1,0.02727781162748727
threshold,rolling,enet,x5,8,1,-0.004930740795312222
threshold,rolling,enet,x6,8,1,0.020794574671138655
threshold,rolling,rf,x1,8,1,-0.6336713961506043
threshold,rolling,rf,x2,8,1,-1.2024311285910922
threshold,rolling,rf,x3,8,1,-0.001730281254655186
threshold,rolling,rf,x4,8,1,0.0068133693246942295
threshold,rolling,rf,x5,8,1,-0.018040406834133216
threshold,rolling,rf,x6,8,1,-0.0034575503095692073
threshold,rolling,xgboost,x1,8,1,-0.6853155822974302
threshold,rolling,xgboost,x2,8,1,-1.2153137205926563
threshold,rolling,xgboost,x3,8,1,-0.009529680199206747
threshold,rolling,xgboost,x4,8,1,0.022054924408823257
threshold,rolling,xgboost,x5,8,1,-0.0568502660445194
threshold,rolling,xgboost,x6,8,1,0.0054911306407011695
threshold,rolling,enet,x1,8,2,0.02403504035708859
threshold,rolling,enet,x2,8,2,-0.5115597344861196
threshold,rolling,enet,x3,8,2,0.002957897879144855
threshold,rolling,enet,x4,8,2,0.027264892242324035
threshold,rolling,enet,x5,8,2,-0.00490151298627986
threshold,rolling,enet,x6,8,2,0.020729184332186817
threshold,rolling,rf,x1,8,2,-0.6343069456676134
threshold,rolling,rf,x2,8,2,-1.2008882085665453
threshold,rolling,rf,x3,8,2,-0.0016692792660571443
threshold,rolling,rf,x4,8,2,0.005346435307535952
threshold,rolling,rf,x5,8,2,-0.01810858562008355
threshold,rolling,rf,x6,8,2,-0.002890810002596722
threshold,rolling,xgboost,x1,8,2,-0.6839862300746848
threshold,rolling,xgboost,x2,8,2,-1.211337938339597
threshold,rolling,xgboost,x3,8,2,-0.009905920907127247
threshold,rolling,xgboost,x4,8,2,0.018883364945735004
threshold,rolling,xgboost,x5,8,2,-0.05540060885461509
threshold,rolling,xgboost,x6,8,2,0.002284139146001285
threshold,rolling,enet,x1,8,3,0.024060979209104494
threshold,rolling,enet,x2,8,3,-0.5115824281703908
threshold,rolling,enet,x3,8,3,0.002923209460362397
threshold,rolling,enet,x4,8,3,0.027268451570138325
threshold,rolling,enet,x5,8,3,-0.004916211108691948
threshold,rolling,enet,x6,8,3,0.020771766377822326
threshold,rolling,rf,x1,8,3,-0.6347850683041615
threshold,rolling,rf,x2,8,3,-1.200842032728379
threshold,rolling,rf,x3,8,3,-0.001703303521212729
threshold,rolling,rf,x4,8,3,0.006512954400985177
threshold,rolling,rf,x5,8,3,-0.018177615156017735
threshold,rolling,rf,x6,8,3,-0.0035223285065742738
threshold,rolling,xgboost,x1,8,3,-0.6831305303407988
threshold,rolling,xgboost,x2,8,3,-1.214429643122768
threshold,rolling,xgboost,x3,8,3,-0.009802458593946323
threshold,rolling,xgboost,x4,8,3,0.020314093145625767
threshold,rolling,xgboost,x5,8,3,-0.0569177800174642
threshold,rolling,xgboost,x6,8,3,0.004503124845063322
threshold,rolling,enet,x1,8,4,0.024025875255563073
threshold,rolling,enet,x2,8,4,-0.5115999419962249
threshold,rolling,enet,x3,8,4,0.002924796860455353
threshold,rolling,enet,x4,8,4,0.027242516111020104
threshold,rolling,enet,x5,8,4,-0.004878473867165528
threshold,rolling,enet,x6,8,4,0.020810994974696767
threshold,rolling,rf,x1,8,4,-0.6343751833748569
threshold,rolling,rf,x2,8,4,-1.199842280927521
threshold,rolling,rf,x3,8,4,-0.0017416889836222582
threshold,rolling,rf,x4,8,4,0.005434691233769551
threshold,rolling,rf,x5,8,4,-0.018652241185419027
threshold,rolling,rf,x6,8,4,-0.0033406905777104423
threshold,rolling,xgboost,x1,8,4,-0.6847269565604328
threshold,rolling,xgboost,x2,8,4,-1.2143214236706894
threshold,rolling,xgboost,x3,8,4,-0.009713177347707075
threshold,rolling,xgboost,x4,8,4,0.018478410120277067
threshold,rolling,xgboost,x5,8,4,-0.05582257020690104
threshold,rolling,xgboost,x6,8,4,0.0066425235811650996
threshold,rolling,enet,x1,8,5,0.024054293238432
threshold,rolling,enet,x2,8,5,-0.5115656217288125
threshold,rolling,enet,x3,8,5,0.0028697018163069687
threshold,rolling,enet,x4,8,5,0.027259011457167165
threshold,rolling,enet,x5,8,5,-0.00489208442172831
threshold,rolling,enet,x6,8,5,0.020800466976979542
threshold,rolling,rf,x1,8,5,-0.6304152253839601
threshold,rolling,rf,x2,8,5,-1.2029445531147198
threshold,rolling,rf,x3,8,5,-0.0029268280402768576
threshold,rolling,rf,x4,8,5,0.0057613278264010415
threshold,rolling,rf,x5,8,5,-0.018514990928685943
threshold,rolling,rf,x6,8,5,-0.0034771241741185233
threshold,rolling,xgboost,x1,8,5,-0.6851373435652595
threshold,rolling,xgboost,x2,8,5,-1.2123840175292562
threshold,rolling,xgboost,x3,8,5,-0.009784543253445965
threshold,rolling,xgboost,x4,8,5,0.019403619799010258
threshold,rolling,xgboost,x5,8,5,-0.056807557353900945
threshold,rolling,xgboost,x6,8,5,0.005246647818564182
threshold,rolling,enet,x1,8,6,0.02402830242836787
threshold,rolling,enet,x2,8,6,-0.5115055655551911
threshold,rolling,enet,x3,8,6,0.0029141200553616242
threshold,rolling,enet,x4,8,6,0.027260098112882575
threshold,rolling,enet,x5,8,6,-0.004934684295267139
threshold,rolling,enet,x6,8,6,0.02076349659219101
threshold,rolling,rf,x1,8,6,-0.6346040501244903
threshold,rolling,rf,x2,8,6,-1.1990082042238803
threshold,rolling,rf,x3,8,6,-0.004765422452002538
threshold,rolling,rf,x4,8,6,0.006737736046545678
threshold,rolling,rf,x5,8,6,-0.018155754526715445
threshold,rolling,rf,x6,8,6,-0.0027216985348171574
threshold,rolling,xgboost,x1,8,6,-0.6856911239403274
threshold,rolling,xgboost,x2,8,6,-1.211842581929444
threshold,rolling,xgboost,x3,8,6,-0.008200707111803485
threshold,rolling,xgboost,x4,8,6,0.020124297136377367
threshold,rolling,xgboost,x5,8,6,-0.05739787091586776
threshold,rolling,xgboost,x6,8,6,0.003544792676777181
threshold,rolling,enet,x1,8,7,0.024007698690214574
threshold,rolling,enet,x2,8,7,-0.511482676270947
threshold,rolling,enet,x3,8,7,0.0028100315889953154
threshold,rolling,enet,x4,8,7,0.027256764115983073
threshold,rolling,enet,x5,8,7,-0.004905386898388403
threshold,rolling,enet,x6,8,7,0.020839336112487256
threshold,rolling,rf,x1,8,7,-0.6324851579362103
threshold,rolling,rf,x2,8,7,-1.1995819517619206
threshold,rolling,rf,x3,8,7,-0.003916314357475026
threshold,rolling,rf,x4,8,7,0.005402436918473197
threshold,rolling,rf,x5,8,7,-0.018164327117849544
threshold,rolling,rf,x6,8,7,-0.0037720795603777
threshold,rolling,xgboost,x1,8,7,-0.6880299761553362
threshold,rolling,xgboost,x2,8,7,-1.2103983082118446
threshold,rolling,xgboost,x3,8,7,-0.010639860083437008
threshold,rolling,xgboost,x4,8,7,0.018461594104838885
threshold,rolling,xgboost,x5,8,7,-0.05586595213201945
threshold,rolling,xgboost,x6,8,7,0.007009308393510161
threshold,rolling,enet,x1,12,0,0.024072435157067567
threshold,rolling,enet,x2,12,0,-0.5115253986331568
threshold,rolling,enet,x3,12,0,0.0028732009067296374
threshold,rolling,enet,x4,12,0,0.02722053966215752
threshold,rolling,enet,x5,12,0,-0.004931674796632979
threshold,rolling,enet,x6,12,0,0.020816665042180067
threshold,rolling,rf,x1,12,0,-0.6322994953480957
threshold,rolling,rf,x2,12,0,-1.2015986215135208
threshold,rolling,rf,x3,12,0,-0.002083390697901292
threshold,rolling,rf,x4,12,0,0.005012764975535007
threshold,rolling,rf,x5,12,0,-0.017670274459399005
threshold,rolling,rf,x6,12,0,-0.0038783767719780724
threshold,rolling,xgboost,x1,12,0,-0.683423779965359
threshold,rolling,xgboost,x2,12,0,-1.2121807483953504
threshold,rolling,xgboost,x3,12,0,-0.00996634422444087
threshold,rolling,xgboost,x4,12,0,0.017426546185362175
threshold,rolling,xgboost,x5,12,0,-0.058007269751890835
threshold,rolling,xgboost,x6,12,0,0.006688402067390724
threshold,rolling,enet,x1,12,1,0.024059521753928986
threshold,rolling,enet,x2,12,1,-0.5115636794886987
threshold,rolling,enet,x3,12,1,0.0028699815761228007
threshold,rolling,enet,x4,12,1,0.02728266118753821
threshold,rolling,enet,x5,12,1,-0.004908600014782272
threshold,rolling,enet,x6,12,1,0.020785882324235932
threshold,rolling,rf,x1,12,1,-0.6335804040293406
threshold,rolling,rf,x2,12,1,-1.2019010974749726
threshold,rolling,rf,x3,12,1,-0.002313736079614289
threshold,rolling,rf,x4,12,1,0.006870351753273052
threshold,rolling,rf,x5,12,1,-0.018340068737383548
threshold,rolling,rf,x6,12,1,-0.003252439247321992
threshold,rolling,xgboost,x1,12,1,-0.6838872189555673
threshold,rolling,xgboost,x2,12,1,-1.2152954886819176
threshold,rolling,xgboost,x3,12,1,-0.008944703045466518
threshold,rolling,xgboost,x4,12,1,0.021330687842589235
threshold,rolling,xgboost,x5,12,1,-0.05734886181048676
threshold,rolling,xgboost,x6,12,1,0.0046823905665606125
threshold,rolling,enet,x1,12,2,0.024023133967518373
threshold,rolling,enet,x2,12,2,-0.5115114677492238
threshold,rolling,enet,x3,12,2,0.0028631380628629057
threshold,rolling,enet,x4,12,2,0.027316667960650947
threshold,rolling,enet,x5,12,2,-0.00490182404045203
threshold,rolling,enet,x6,12,2,0.02073611913698849
threshold,rolling,rf,x1,12,2,-0.6365634850014278
threshold,rolling,rf,x2,12,2,-1.1965949925916315
threshold,rolling,rf,x3,12,2,-0.005687788944856535
threshold,rolling,rf,x4,12,2,0.007591688442293243
threshold,rolling,rf,x5,12,2,-0.01841463327546683
threshold,rolling,rf,x6,12,2,-0.0028481824442708192
threshold,rolling,xgboost,x1,12,2,-0.6843361035851858
threshold,rolling,xgboost,x2,12,2,-1.215788410190364
threshold,rolling,xgboost,x3,12,2,-0.009663011316155176
threshold,rolling,xgboost,x4,12,2,0.02400111670541827
threshold,rolling,xgboost,x5,12,2,-0.05608795694496349
threshold,rolling,xgboost,x6,12,2,0.0024111712469620703
threshold,rolling,enet,x1,12,3,0.02408802378909018
threshold,rolling,enet,x2,12,3,-0.5115665124500146
threshold,rolling,enet,x3,12,3,0.0028865523382526903
threshold,rolling,enet,x4,12,3,0.02727491495773543
threshold,rolling,enet,x5,12,3,-0.0049309234109824645
threshold,rolling,enet,x6,12,3,0.020773712114263616
threshold,rolling,rf,x1,12,3,-0.6313700635235039
threshold,rolling,rf,x2,12,3,-1.2040161996434025
threshold,rolling,rf,x3,12,3,-0.002105517597553952
threshold,rolling,rf,x4,12,3,0.006471717282926837
threshold,rolling,rf,x5,12,3,-0.018200386592095608
threshold,rolling,rf,x6,12,3,-0.0032969437417310434
threshold,rolling,xgboost,x1,12,3,-0.6831641853397848
threshold,rolling,xgboost,x2,12,3,-1.2151901197401458
threshold,rolling,xgboost,x3,12,3,-0.009919364701901245
threshold,rolling,xgboost,x4,12,3,0.020511130707400238
threshold,rolling,xgboost,x5,12,3,-0.056134707025562634
threshold,rolling,xgboost,x6,12,3,0.0044340520157059955
threshold,rolling,enet,x1,12,4,0.02402436204846692
threshold,rolling,enet,x2,12,4,-0.5114601964858426
threshold,rolling,enet,x3,12,4,0.0028979673607865872
threshold,rolling,enet,x4,12,4,0.027251703476144844
threshold,rolling,enet,x5,12,4,-0.00493296768558249
threshold,rolling,enet,x6,12,4,0.020744898624371715
threshold,rolling,rf,x1,12,4,-0.6368943508646828
threshold,rolling,rf,x2,12,4,-1.1979624552382175
threshold,rolling,rf,x3,12,4,-0.0023347700605679256
threshold,rolling,rf,x4,12,4,0.00596430548511621
threshold,rolling,rf,x5,12,4,-0.018144101592740065
threshold,rolling,rf,x6,12,4,-0.0031460215442679442
threshold,rolling,xgboost,x1,12,4,-0.6834134783429825
threshold,rolling,xgboost,x2,12,4,-1.2137073399847067
threshold,rolling,xgboost,x3,12,4,-0.009008649722006323
threshold,rolling,xgboost,x4,12,4,0.019562387436491007
threshold,rolling,xgboost,x5,12,4,-0.05662951523977733
threshold,rolling,xgboost,x6,12,4,0.003733401768693504
threshold,rolling,enet,x1,12,5,0.024044448723576955
threshold,rolling,enet,x2,12,5,-0.5115482775965986
threshold,rolling,enet,x3,12,5,0.0029108062160011126
threshold,rolling,enet,x4,12,5,0.027268753896889802
threshold,rolling,enet,x5,12,5,-0.004932733713028159
threshold,rolling,enet,x6,12,5,0.020782769811503548
threshold,rolling,rf,x1,12,5,-0.6353314114511641
threshold,rolling,rf,x2,12,5,-1.2010550134320312
threshold,rolling,rf,x3,12,5,-0.0007084981247604446
threshold,rolling,rf,x4,12,5,0.0061747582358818165
threshold,rolling,rf,x5,12,5,-0.017840124805288644
threshold,rolling,rf,x6,12,5,-0.003757104237997596
threshold,rolling,xgboost,x1,12,5,-0.6837704204670731
threshold,rolling,xgboost,x2,12,5,-1.2161191504733504
threshold,rolling,xgboost,x3,12,5,-0.009248713979988962
threshold,rolling,xgboost,x4,12,5,0.020348720321150093
threshold,rolling,xgboost,x5,12,5,-0.0569233650930576
threshold,rolling,xgboost,x6,12,5,0.00624973560803153
threshold,rolling,enet,x1,12,6,0.024079033090293262
threshold,rolling,enet,x2,12,6,-0.5115128955847948
threshold,rolling,enet,x3,12,6,0.0028321131379941225
threshold,rolling,enet,x4,12,6,0.027222817562771857
threshold,rolling,enet,x5,12,6,-0.004874684223433253
threshold,rolling,enet,x6,12,6,0.020779383355513697
threshold,rolling,rf,x1,12,6,-0.6321962894984995
threshold,rolling,rf,x2,12,6,-1.1999907298469121
threshold,rolling,rf,x3,12,6,-0.003846024041470016
threshold,rolling,rf,x4,12,6,0.005096929855480233
threshold,rolling,rf,x5,12,6,-0.018159430634150393
threshold,rolling,rf,x6,12,6,-0.003421849649808221
threshold,rolling,xgboost,x1,12,6,-0.6830529527701673
threshold,rolling,xgboost,x2,12,6,-1.212059813733439
threshold,rolling,xgboost,x3,12,6,-0.009673451207129998
threshold,rolling,xgboost,x4,12,6,0.016995125963326845
threshold,rolling,xgboost,x5,12,6,-0.055973567990995954
threshold,rolling,xgboost,x6,12,6,0.004301465654117154
threshold,rolling,enet,x1,12,7,0.024067445942088872
threshold,rolling,enet,x2,12,7,-0.5115533044668634
threshold,rolling,enet,x3,12,7,0.00287139243460501
threshold,rolling,enet,x4,12,7,0.027262871203801775
threshold,rolling,enet,x5,12,7,-0.00490773751574695
threshold,rolling,enet,x6,12,7,0.020785099740459518
threshold,rolling,rf,x1,12,7,-0.6316140459952345
threshold,rolling,rf,x2,12,7,-1.20464770805588
threshold,rolling,rf,x3,12,7,-0.0012769297979652872
threshold,rolling,rf,x4,12,7,0.006323012300231523
threshold,rolling,rf,x5,12,7,-0.018225058462261672
threshold,rolling,rf,x6,12,7,-0.0030766638042503867
threshold,rolling,xgboost,x1,12,7,-0.6837041095017842
threshold,rolling,xgboost,x2,12,7,-1.2130276571054195
threshold,rolling,xgboost,x3,12,7,-0.009802225939303447
threshold,rolling,xgboost,x4,12,7,0.020221375672437092
threshold,rolling,xgboost,x5,12,7,-0.0568518243931046
threshold,rolling,xgboost,x6,12,7,0.0037012471828864837
threshold,rolling,enet,x1,18,0,0.024045344838369606
threshold,rolling,enet,x2,18,0,-0.5116037417164877
threshold,rolling,enet,x3,18,0,0.0028938086834932784
threshold,rolling,enet,x4,18,0,0.027297149026407883
threshold,rolling,enet,x5,18,0,-0.00488515469728501
threshold,rolling,enet,x6,18,0,0.020778361203846747
threshold,rolling,rf,x1,18,0,-0.6347107229220543
threshold,rolling,rf,x2,18,0,-1.2016337936219907
threshold,rolling,rf,x3,18,0,-0.0014997880086295126
threshold,rolling,rf,x4,18,0,0.007075395693814694
threshold,rolling,rf,x5,18,0,-0.018451663592595622
threshold,rolling,rf,x6,18,0,-0.0032968213639045477
threshold,rolling,xgboost,x1,18,0,-0.6841531014733803
threshold,rolling,xgboost,x2,18,0,-1.2161389622341194
threshold,rolling,xgboost,x3,18,0,-0.009965929817144911
threshold,rolling,xgboost,x4,18,0,0.022287000596519606
threshold,rolling,xgboost,x5,18,0,-0.05610220461359242
threshold,rolling,xgboost,x6,18,0,0.0046100034574292105
threshold,rolling,enet,x1,18,1,0.02401099459997273
threshold,rolling,enet,x2,18,1,-0.5114841135091643
threshold,rolling,enet,x3,18,1,0.0028979050713737126
threshold,rolling,enet,x4,18,1,0.02724746906597332
threshold,rolling,enet,x5,18,1,-0.004919260186303114
threshold,rolling,enet,x6,18,1,0.02077277229649246
threshold,rolling,rf,x1,18,1,-0.6336010885512938
threshold,rolling,rf,x2,18,1,-1.2008134732491424
threshold,rolling,rf,x3,18,1,-0.0027777889730474297
threshold,rolling,rf,x4,18,1,0.005857521056171359
threshold,rolling,rf,x5,18,1,-0.017923297998172112
threshold,rolling,rf,x6,18,1,-0.0032592660998754797
threshold,rolling,xgboost,x1,18,1,-0.6865224196646551
threshold,rolling,xgboost,x2,18,1,-1.2102601669855682
threshold,rolling,xgboost,x3,18,1,-0.009736793271403692
threshold,rolling,xgboost,x4,18,1,0.0191301576810292
threshold,rolling,xgboost,x5,18,1,-0.05624072984605082
threshold,rolling,xgboost,x6,18,1,0.00416675800236087
threshold,rolling,enet,x1,18,2,0.02403817248165384
threshold,rolling,enet,x2,18,2,-0.511560835706118
threshold,rolling,enet,x3,18,2,0.002955174023172481
threshold,rolling,enet,x4,18,2,0.02725952131210247
threshold,rolling,enet,x5,18,2,-0.004919402322161247
threshold,rolling,enet,x6,18,2,0.020753137549695284
threshold,rolling,rf,x1,18,2,-0.6349561034595737
threshold,rolling,rf,x2,18,2,-1.202164398308029
threshold,rolling,rf,x3,18,2,-0.0005795734822038693
threshold,rolling,rf,x4,18,2,0.006412085033176671
threshold,rolling,rf,x5,18,2,-0.018120843049129334
threshold,rolling,rf,x6,18,2,-0.003108560549600773
threshold,rolling,xgboost,x1,18,2,-0.6835337217867224
threshold,rolling,xgboost,x2,18,2,-1.2140075448921817
threshold,rolling,xgboost,x3,18,2,-0.009390561350936188
threshold,rolling,xgboost,x4,18,2,0.020155136796454667
threshold,rolling,xgboost,x5,18,2,-0.0572299675825361
threshold,rolling,xgboost,x6,18,2,0.004543464731633683
threshold,rolling,enet,x1,18,3,0.024090491755007475
threshold,rolling,enet,x2,18,3,-0.5115863142469171
threshold,rolling,enet,x3,18,3,0.002889362157757184
threshold,rolling,enet,x4,18,3,0.027232725772345406
threshold,rolling,enet,x5,18,3,-0.004910662819383769
threshold,rolling,enet,x6,18,3,0.020810164719535625
threshold,rolling,rf,x1,18,3,-0.632211028242624
threshold,rolling,rf,x2,18,3,-1.2012485831933286
threshold,rolling,rf,x3,18,3,-0.0028159752158947665
threshold,rolling,rf,x4,18,3,0.004709455512057518
threshold,rolling,rf,x5,18,3,-0.017808275763603602
threshold,rolling,rf,x6,18,3,-0.003142986911966671
threshold,rolling,xgboost,x1,18,3,-0.6823041249706144
threshold,rolling,xgboost,x2,18,3,-1.2132957661782942
threshold,rolling,xgboost,x3,18,3,-0.009476033700413451
threshold,rolling,xgboost,x4,18,3,0.016960968586420155
threshold,rolling,xgboost,x5,18,3,-0.05616219052550136
threshold,rolling,xgboost,x6,18,3,0.00481395270411527
threshold,rolling,enet,x1,18,4,0.024034272797296998
threshold,rolling,enet,x2,18,4,-0.5115867142532536
threshold,rolling,enet,x3,18,4,0.002946538245982233
threshold,rolling,enet,x4,18,4,0.02726704863360025
threshold,rolling,enet,x5,18,4,-0.004912439724784723
threshold,rolling,enet,x6,18,4,0.02077706163950361
threshold,rolling,rf,x1,18,4,-0.6349955501746768
threshold,rolling,rf,x2,18,4,-1.2025166624602406
threshold,rolling,rf,x3,18,4,-0.00018884075447838592
threshold,rolling,rf,x4,18,4,0.006101525761931027
threshold,rolling,rf,x5,18,4,-0.01798296279442857
threshold,rolling,rf,x6,18,4,-0.0029349033934670254
threshold,rolling,xgboost,x1,18,4,-0.6842632859535376
threshold,rolling,xgboost,x2,18,4,-1.2138318924195126
threshold,rolling,xgboost,x3,18,4,-0.00879455572550885
threshold,rolling,xgboost,x4,18,4,0.02045089636973601
threshold,rolling,xgboost,x5,18,4,-0.05685764241983709
threshold,rolling,xgboost,x6,18,4,0.003833286064372227
threshold,rolling,enet,x1,18,5,0.024037614813813637
threshold,rolling,enet,x2,18,5,-0.5115250194032277
threshold,rolling,enet,x3,18,5,0.002838594326914221
threshold,rolling,enet,x4,18,5,0.027285293673208852
threshold,rolling,enet,x5,18,5,-0.004919950415531726
threshold,rolling,enet,x6,18,5,0.020809234343167615
threshold,rolling,rf,x1,18,5,-0.6326965341197206
threshold,rolling,rf,x2,18,5,-1.2002629299803125
threshold,rolling,rf,x3,18,5,-0.004243280222439829
threshold,rolling,rf,x4,18,5,0.006453152389443748
threshold,rolling,rf,x5,18,5,-0.018286729082352418
threshold,rolling,rf,x6,18,5,-0.0034810727999783847
threshold,rolling,xgboost,x1,18,5,-0.6854271014808708
threshold,rolling,xgboost,x2,18,5,-1.2125748633261564
threshold,rolling,xgboost,x3,18,5,-0.010409929772564509
threshold,rolling,xgboost,x4,18,5,0.02072518187784278
threshold,rolling,xgboost,x5,18,5,-0.056788577069353315
threshold,rolling,xgboost,x6,18,5,0.005012095686813921
threshold,rolling,enet,x1,18,6,0.024081063498128923
threshold,rolling,enet,x2,18,6,-0.5115586411512373
threshold,rolling,enet,x3,18,6,0.0028560701842243524
threshold,rolling,enet,x4,18,6,0.027243028778943593
threshold,rolling,enet,x5,18,6,-0.004900609495062596
threshold,rolling,enet,x6,18,6,0.020804855523347716
threshold,rolling,rf,x1,18,6,-0.632362802910476
threshold,rolling,rf,x2,18,6,-1.2022082704995336
threshold,rolling,rf,x3,18,6,-0.0018961909720428055
threshold,rolling,rf,x4,18,6,0.005160137556585275
threshold,rolling,rf,x5,18,6,-0.018204654107395926
threshold,rolling,rf,x6,18,6,-0.003005612882496949
threshold,rolling,xgboost,x1,18,6,-0.6822625636885086
threshold,rolling,xgboost,x2,18,6,-1.2131868834148771
threshold,rolling,xgboost,x3,18,6,-0.010342127736185924
threshold,rolling,xgboost,x4,18,6,0.01801781927404331
threshold,rolling,xgboost,x5,18,6,-0.0559100637898779
threshold,rolling,xgboost,x6,18,6,0.004220625271118254
threshold,rolling,enet,x1,18,7,0.02408772979287055
threshold,rolling,enet,x2,18,7,-0.5115957920220786
threshold,rolling,enet,x3,18,7,0.0029341561579368947
threshold,rolling,enet,x4,18,7,0.027229880338965822
threshold,rolling,enet,x5,18,7,-0.004915816826590739
threshold,rolling,enet,x6,18,7,0.020785609897240973
threshold,rolling,rf,x1,18,7,-0.6320524653138425
threshold,rolling,rf,x2,18,7,-1.2032286405242492
threshold,rolling,rf,x3,18,7,-0.0005620673461488806
threshold,rolling,rf,x4,18,7,0.004944905437806852
threshold,rolling,rf,x5,18,7,-0.017970902178142664
threshold,rolling,rf,x6,18,7,-0.003648223890783564
threshold,rolling,xgboost,x1,18,7,-0.6821418931923264
threshold,rolling,xgboost,x2,18,7,-1.2144446247201497
threshold,rolling,xgboost,x3,18,7,-0.008997780250286191
threshold,rolling,xgboost,x4,18,7,0.017559785875815564
threshold,rolling,xgboost,x5,18,7,-0.0573412391559308
threshold,rolling,xgboost,x6,18,7,0.005902557358589553
threshold,rolling,enet,x1,30,0,0.0240722247511723
threshold,rolling,enet,x2,30,0,-0.5115995331855322
threshold,rolling,enet,x3,30,0,0.0029350907615228296
threshold,rolling,enet,x4,30,0,0.027239162954969857
threshold,rolling,enet,x5,30,0,-0.004923097679768729
threshold,rolling,enet,x6,30,0,0.020801919735980823
threshold,rolling,rf,x1,30,0,-0.6331313684907235
threshold,rolling,rf,x2,30,0,-1.202441781141166
threshold,rolling,rf,x3,30,0,-0.0004897335788746959
threshold,rolling,rf,x4,30,0,0.005067779441265034
threshold,rolling,rf,x5,30,0,-0.01801424231515374
threshold,rolling,rf,x6,30,0,-0.0035080477307068165
threshold,rolling,xgboost,x1,30,0,-0.6828287825958576
threshold,rolling,xgboost,x2,30,0,-1.2137751874671312
threshold,rolling,xgboost,x3,30,0,-0.009774896760967123
threshold,rolling,xgboost,x4,30,0,0.017971905696937445
threshold,rolling,xgboost,x5,30,0,-0.05674572302193819
threshold,rolling,xgboost,x6,30,0,0.005689490064668442
threshold,rolling,enet,x1,30,1,0.024068066014760383
threshold,rolling,enet,x2,30,1,-0.5115566448663184
threshold,rolling,enet,x3,30,1,0.0028945327108366686
threshold,rolling,enet,x4,30,1,0.027238985158762715
threshold,rolling,enet,x5,30,1,-0.004915435684166828
threshold,rolling,enet,x6,30,1,0.020796264004470277
threshold,rolling,rf,x1,30,1,-0.6324483574794293
threshold,rolling,rf,x2,30,1,-1.2015013384881779
threshold,rolling,rf,x3,30,1,-0.0022994009842709643
threshold,rolling,rf,x4,30,1,0.005484513319344401
threshold,rolling,rf,x5,30,1,-0.01810903584599047
threshold,rolling,rf,x6,30,1,-0.003643774336836033
threshold,rolling,xgboost,x1,30,1,-0.6833440424502387
threshold,rolling,xgboost,x2,30,1,-1.214646477348082
threshold,rolling,xgboost,x3,30,1,-0.00916413117087093
threshold,rolling,xgboost,x4,30,1,0.018611014280742404
threshold,rolling,xgboost,x5,30,1,-0.05676007059801971
threshold,rolling,xgboost,x6,30,1,0.005840513202180723
threshold,rolling,enet,x1,30,2,0.02406931954956441
threshold,rolling,enet,x2,30,2,-0.5116088459662205
threshold,rolling,enet,x3,30,2,0.0028962170176228524
threshold,rolling,enet,x4,30,2,0.027268624018669297
threshold,rolling,enet,x5,30,2,-0.004909713731981546
threshold,rolling,enet,x6,30,2,0.020810166450690306
threshold,rolling,rf,x1,30,2,-0.6332149029978965
threshold,rolling,rf,x2,30,2,-1.202106207330849
threshold,rolling,rf,x3,30,2,-0.0018783294967878487
threshold,rolling,rf,x4,30,2,0.006266684964848279
threshold,rolling,rf,x5,30,2,-0.018119388956734914
threshold,rolling,rf,x6,30,2,-0.003465249997940008
threshold,rolling,xgboost,x1,30,2,-0.6834035490925033
threshold,rolling,xgboost,x2,30,2,-1.215104009177967
threshold,rolling,xgboost,x3,30,2,-0.00971454944535437
threshold,rolling,xgboost,x4,30,2,0.019718768798912878
threshold,rolling,xgboost,x5,30,2,-0.056398197715342914
threshold,rolling,xgboost,x6,30,2,0.005438342547966409
threshold,rolling,enet,x1,30,3,0.024009697423002452
threshold,rolling,enet,x2,30,3,-0.5114947298700596
threshold,rolling,enet,x3,30,3,0.0029030333170563544
threshold,rolling,enet,x4,30,3,0.027247341316506555
threshold,rolling,enet,x5,30,3,-0.0049222811141472755
threshold,rolling,enet,x6,30,3,0.020782706265986335
threshold,rolling,rf,x1,30,3,-0.6344752248420679
threshold,rolling,rf,x2,30,3,-1.200574750854313
threshold,rolling,rf,x3,30,3,-0.0019448201879207038
threshold,rolling,rf,x4,30,3,0.005693465238964834
threshold,rolling,rf,x5,30,3,-0.017904599028211406
threshold,rolling,rf,x6,30,3,-0.003311464141812004
threshold,rolling,xgboost,x1,30,3,-0.6871640960739718
threshold,rolling,xgboost,x2,30,3,-1.209912967027947
threshold,rolling,xgboost,x3,30,3,-0.009519126355467308
threshold,rolling,xgboost,x4,30,3,0.019087285567977216
threshold,rolling,xgboost,x5,30,3,-0.05688700537764486
threshold,rolling,xgboost,x6,30,3,0.004932715182765546
threshold,rolling,enet,x1,30,4,0.024079895722993436
threshold,rolling,enet,x2,30,4,-0.5115546151453951
threshold,rolling,enet,x3,30,4,0.0028661295333495262
threshold,rolling,enet,x4,30,4,0.02724058286013374
threshold,rolling,enet,x5,30,4,-0.004921162715698083
threshold,rolling,enet,x6,30,4,0.02081493708296133
threshold,rolling,rf,x1,30,4,-0.6331364372601201
threshold,rolling,rf,x2,30,4,-1.2016825437253396
threshold,rolling,rf,x3,30,4,-0.0017439934716798982
threshold,rolling,rf,x4,30,4,0.0058112284600989605
threshold,rolling,rf,x5,30,4,-0.01808690085517562
threshold,rolling,rf,x6,30,4,-0.003678746963143705
threshold,rolling,xgboost,x1,30,4,-0.682557168843776
threshold,rolling,xgboost,x2,30,4,-1.2148548544815971
threshold,rolling,xgboost,x3,30,4,-0.010039009283710236
threshold,rolling,xgboost,x4,30,4,0.018696177831026468
threshold,rolling,xgboost,x5,30,4,-0.05686850942738517
threshold,rolling,xgboost,x6,30,4,0.006160170121154011
threshold,rolling,enet,x1,30,5,0.024049016986750237
threshold,rolling,enet,x2,30,5,-0.5114980407472172
threshold,rolling,enet,x3,30,5,0.002880568082654829
threshold,rolling,enet,x4,30,5,0.027219949177838692
threshold,rolling,enet,x5,30,5,-0.004910275959723257
threshold,rolling,enet,x6,30,5,0.020784549798041608
threshold,rolling,rf,x1,30,5,-0.6322822721152589
threshold,rolling,rf,x2,30,5,-1.2012296981038946
threshold,rolling,rf,x3,30,5,-0.0023604131859029653
threshold,rolling,rf,x4,30,5,0.0048545275665799505
threshold,rolling,rf,x5,30,5,-0.018134749859307166
threshold,rolling,rf,x6,30,5,-0.0033647881175763376
threshold,rolling,xgboost,x1,30,5,-0.6847446823398937
threshold,rolling,xgboost,x2,30,5,-1.2103930335784343
threshold,rolling,xgboost,x3,30,5,-0.010107659643114168
threshold,rolling,xgboost,x4,30,5,0.01706310513945876
threshold,rolling,xgboost,x5,30,5,-0.05622205304138764
threshold,rolling,xgboost,x6,30,5,0.004941129379082791
threshold,rolling,enet,x1,30,6,0.02402934246838362
threshold,rolling,enet,x2,30,6,-0.5115302708755612
threshold,rolling,enet,x3,30,6,0.0028798518296471918
threshold,rolling,enet,x4,30,6,0.027256853953750756
threshold,rolling,enet,x5,30,6,-0.004911535387578802
threshold,rolling,enet,x6,30,6,0.020801525349703285
threshold,rolling,rf,x1,30,6,-0.6326610182742347
threshold,rolling,rf,x2,30,6,-1.201186432208165
threshold,rolling,rf,x3,30,6,-0.002856003805353402
threshold,rolling,rf,x4,30,6,0.005692593464919719
threshold,rolling,rf,x5,30,6,-0.017993134448959357
threshold,rolling,rf,x6,30,6,-0.003513398543567122
threshold,rolling,xgboost,x1,30,6,-0.6860893374978804
threshold,rolling,xgboost,x2,30,6,-1.21187077058515
threshold,rolling,xgboost,x3,30,6,-0.009696637723689968
threshold,rolling,xgboost,x4,30,6,0.01897827463333428
threshold,rolling,xgboost,x5,30,6,-0.05645865037905842
threshold,rolling,xgboost,x6,30,6,0.005673927468156159
threshold,rolling,enet,x1,30,7,0.02400694088951094
threshold,rolling,enet,x2,30,7,-0.5115422153087185
threshold,rolling,enet,x3,30,7,0.002856150186980836
threshold,rolling,enet,x4,30,7,0.027263576552738054
threshold,rolling,enet,x5,30,7,-0.004894456284111995
threshold,rolling,enet,x6,30,7,0.02083577130194544
threshold,rolling,rf,x1,30,7,-0.6334822180403773
threshold,rolling,rf,x2,30,7,-1.2004966997635167
threshold,rolling,rf,x3,30,7,-0.002847037764523308
threshold,rolling,rf,x4,30,7,0.006088173893582782
threshold,rolling,rf,x5,30,7,-0.01843258895048899
threshold,rolling,rf,x6,30,7,-0.003347023190036384
threshold,rolling,xgboost,x1,30,7,-0.6869329753214447
threshold,rolling,xgboost,x2,30,7,-1.2129951885784664
threshold,rolling,xgboost,x3,30,7,-0.009629096969060166
threshold,rolling,xgboost,x4,30,7,0.02019081023652402
threshold,rolling,xgboost,x5,30,7,-0.05595174198491104
threshold,rolling,xgboost,x6,30,7,0.005854998533069788
threshold,rolling,enet,x1,40,0,0.024046485118883208
threshold,rolling,enet,x2,40,0,-0.5115747487805284
threshold,rolling,enet,x3,40,0,0.002918133439694193
threshold,rolling,enet,x4,40,0,0.027264183321133655
threshold,rolling,enet,x5,40,0,-0.004929400293022324
threshold,rolling,enet,x6,40,0,0.02080111453218462
threshold,rolling,rf,x1,40,0,-0.6342048052635046
threshold,rolling,rf,x2,40,0,-1.2022333221416441
threshold,rolling,rf,x3,40,0,-0.000741646203573465
threshold,rolling,rf,x4,40,0,0.006202320227611413
threshold,rolling,rf,x5,40,0,-0.01788948016582458
threshold,rolling,rf,x6,40,0,-0.003650460268424832
threshold,rolling,xgboost,x1,40,0,-0.6846790164102876
threshold,rolling,xgboost,x2,40,0,-1.2141072019825991
threshold,rolling,xgboost,x3,40,0,-0.009703547142912373
threshold,rolling,xgboost,x4,40,0,0.019871472950504464
threshold,rolling,xgboost,x5,40,0,-0.0569998247716077
threshold,rolling,xgboost,x6,40,0,0.006154923272614077
threshold,rolling,enet,x1,40,1,0.02405277720633962
threshold,rolling,enet,x2,40,1,-0.5115080907684106
threshold,rolling,enet,x3,40,1,0.002902737607302669
threshold,rolling,enet,x4,40,1,0.027226134638447818
threshold,rolling,enet,x5,40,1,-0.004923481479862002
threshold,rolling,enet,x6,40,1,0.020775690134527312
threshold,rolling,rf,x1,40,1,-0.6347248009396101
threshold,rolling,rf,x2,40,1,-1.2002954493426035
threshold,rolling,rf,x3,40,1,-0.0012496083462499251
threshold,rolling,rf,x4,40,1,0.005105019655915361
threshold,rolling,rf,x5,40,1,-0.01794447203605907
threshold,rolling,rf,x6,40,1,-0.0034080828067528436
threshold,rolling,xgboost,x1,40,1,-0.6834527459222587
threshold,rolling,xgboost,x2,40,1,-1.2114727788277624
threshold,rolling,xgboost,x3,40,1,-0.009889086276509473
threshold,rolling,xgboost,x4,40,1,0.017226320125637084
threshold,rolling,xgboost,x5,40,1,-0.05682814609660012
threshold,rolling,xgboost,x6,40,1,0.004953242913205408
threshold,rolling,enet,x1,40,2,0.024076025873351316
threshold,rolling,enet,x2,40,2,-0.5115868730960121
threshold,rolling,enet,x3,40,2,0.0029101781837700402
threshold,rolling,enet,x4,40,2,0.027256336784747297
threshold,rolling,enet,x5,40,2,-0.004918393387337105
threshold,rolling,enet,x6,40,2,0.0207884929798255
threshold,rolling,rf,x1,40,2,-0.632217027804854
threshold,rolling,rf,x2,40,2,-1.202627220320022
threshold,rolling,rf,x3,40,2,-0.0023851418108270517
threshold,rolling,rf,x4,40,2,0.006070952418220926
threshold,rolling,rf,x5,40,2,-0.01803877589808004
threshold,rolling,rf,x6,40,2,-0.0033201803997982005
threshold,rolling,xgboost,x1,40,2,-0.6834127812066486
threshold,rolling,xgboost,x2,40,2,-1.2140425143178981
threshold,rolling,xgboost,x3,40,2,-0.00943652885584248
threshold,rolling,xgboost,x4,40,2,0.01944355127278591
threshold,rolling,xgboost,x5,40,2,-0.0570429201293388
threshold,rolling,xgboost,x6,40,2,0.005027999152653911
threshold,rolling,enet,x1,40,3,0.024031475907522692
threshold,rolling,enet,x2,40,3,-0.511533375591536
threshold,rolling,enet,x3,40,3,0.0029047692906595144
threshold,rolling,enet,x4,40,3,0.02724897734184225
threshold,rolling,enet,x5,40,3,-0.004912727940223327
threshold,rolling,enet,x6,40,3,0.020786648330079732
threshold,rolling,rf,x1,40,3,-0.6338149729387959
threshold,rolling,rf,x2,40,3,-1.2026935796126155
threshold,rolling,rf,x3,40,3,-0.0005171088967080128
threshold,rolling,rf,x4,40,3,0.005886400154950339
threshold,rolling,rf,x5,40,3,-0.018187332457691822
threshold,rolling,rf,x6,40,3,-0.003190800064499072
threshold,rolling,xgboost,x1,40,3,-0.6856703073034272
threshold,rolling,xgboost,x2,40,3,-1.2117340848564058
threshold,rolling,xgboost,x3,40,3,-0.009806965590174332
threshold,rolling,xgboost,x4,40,3,0.019271426093671586
threshold,rolling,xgboost,x5,40,3,-0.056395956723484575
threshold,rolling,xgboost,x6,40,3,0.004872694295532215
threshold,rolling,enet,x1,40,4,0.024035190494644816
threshold,rolling,enet,x2,40,4,-0.5115715961051963
threshold,rolling,enet,x3,40,4,0.0028889001801157
threshold,rolling,enet,x4,40,4,0.0272843137762012
threshold,rolling,enet,x5,40,4,-0.004910617679942742
threshold,rolling,enet,x6,40,4,0.020799576672522156
threshold,rolling,rf,x1,40,4,-0.6326429832784222
threshold,rolling,rf,x2,40,4,-1.2026191251980374
threshold,rolling,rf,x3,40,4,-0.0025399129271183817
threshold,rolling,rf,x4,40,4,0.0065953436683028836
threshold,rolling,rf,x5,40,4,-0.01804988878051448
threshold,rolling,rf,x6,40,4,-0.0032608272995706955
threshold,rolling,xgboost,x1,40,4,-0.6857246481092109
threshold,rolling,xgboost,x2,40,4,-1.2135903667503816
threshold,rolling,xgboost,x3,40,4,-0.00993970403077991
threshold,rolling,xgboost,x4,40,4,0.021335804806213516
threshold,rolling,xgboost,x5,40,4,-0.05662803652460556
threshold,rolling,xgboost,x6,40,4,0.005083756524476191
threshold,rolling,enet,x1,40,5,0.024037067075926438
threshold,rolling,enet,x2,40,5,-0.5115321716434004
threshold,rolling,enet,x3,40,5,0.0028644633384651286
threshold,rolling,enet,x4,40,5,0.02728131005259234
threshold,rolling,enet,x5,40,5,-0.0049099442315101
threshold,rolling,enet,x6,40,5,0.020785042746271343
threshold,rolling,rf,x1,40,5,-0.6330332770845546
threshold,rolling,rf,x2,40,5,-1.2006446328321787
threshold,rolling,rf,x3,40,5,-0.0037467856474365678
threshold,rolling,rf,x4,40,5,0.0063283510429961555
threshold,rolling,rf,x5,40,5,-0.018176449013968594
threshold,rolling,rf,x6,40,5,-0.003244600280217841
threshold,rolling,xgboost,x1,40,5,-0.6852056714630305
threshold,rolling,xgboost,x2,40,5,-1.21325495147654
threshold,rolling,xgboost,x3,40,5,-0.00985937931006819
threshold,rolling,xgboost,x4,40,5,0.020744144828683357
threshold,rolling,xgboost,x5,40,5,-0.0562862514026007
threshold,rolling,xgboost,x6,40,5,0.004398914739267817
threshold,rolling,enet,x1,40,6,0.024022601448549962
threshold,rolling,enet,x2,40,6,-0.511531908429333
threshold,rolling,enet,x3,40,6,0.0028981440114058342
threshold,rolling,enet,x4,40,6,0.0272545752912584
threshold,rolling,enet,x5,40,6,-0.004917369017947165
threshold,rolling,enet,x6,40,6,0.02079972403441081
threshold,rolling,rf,x1,40,6,-0.6340356467309641
threshold,rolling,rf,x2,40,6,-1.2003600907947174
threshold,rolling,rf,x3,40,6,-0.0026644515392198866
threshold,rolling,rf,x4,40,6,0.006284753136829524
threshold,rolling,rf,x5,40,6,-0.018102556710884808
threshold,rolling,rf,x6,40,6,-0.0036394011764033117
threshold,rolling,xgboost,x1,40,6,-0.6854488096994821
threshold,rolling,xgboost,x2,40,6,-1.2131554012742385
threshold,rolling,xgboost,x3,40,6,-0.009602291445527943
threshold,rolling,xgboost,x4,40,6,0.019892768714552384
threshold,rolling,xgboost,x5,40,6,-0.05692416803512253
threshold,rolling,xgboost,x6,40,6,0.005774707655530448
threshold,rolling,enet,x1,40,7,0.024052114017472415
threshold,rolling,enet,x2,40,7,-0.5114970191614308
threshold,rolling,enet,x3,40,7,0.0028712935449624775
threshold,rolling,enet,x4,40,7,0.027235434646178402
threshold,rolling,enet,x5,40,7,-0.0049147346249088005
threshold,rolling,enet,x6,40,7,0.020778678916071193
threshold,rolling,rf,x1,40,7,-0.6335495614148634
threshold,rolling,rf,x2,40,7,-1.200599559977206
threshold,rolling,rf,x3,40,7,-0.0024676075990231806
threshold,rolling,rf,x4,40,7,0.0053567313747447665
threshold,rolling,rf,x5,40,7,-0.018067296276658113
threshold,rolling,rf,x6,40,7,-0.0031900999223540226
threshold,rolling,xgboost,x1,40,7,-0.6836517222944296
threshold,rolling,xgboost,x2,40,7,-1.2114704529842801
threshold,rolling,xgboost,x3,40,7,-0.00976959863960466
threshold,rolling,xgboost,x4,40,7,0.018406688677915856
threshold,rolling,xgboost,x5,40,7,-0.05676843448905704
threshold,rolling,xgboost,x6,40,7,0.0037903256451672974
threshold,rolling,enet,x1,60,0,0.02405668670150303
threshold,rolling,enet,x2,60,0,-0.5115663792167177
threshold,rolling,enet,x3,60,0,0.0028958611952928258
threshold,rolling,enet,x4,60,0,0.027263695955439562
threshold,rolling,enet,x5,60,0,-0.004907449192789012
threshold,rolling,enet,x6,60,0,0.020783351895616104
threshold,rolling,rf,x1,60,0,-0.6339364548569856
threshold,rolling,rf,x2,60,0,-1.2000834970443084
threshold,rolling,rf,x3,60,0,-0.002752976571996757
threshold,rolling,rf,x4,60,0,0.005718001965208479
threshold,rolling,rf,x5,60,0,-0.018317772268424744
threshold,rolling,rf,x6,60,0,-0.003144695038853166
threshold,rolling,xgboost,x1,60,0,-0.683565735823928
threshold,rolling,xgboost,x2,60,0,-1.2139013130459826
threshold,rolling,xgboost,x3,60,0,-0.009420834006531258
threshold,rolling,xgboost,x4,60,0,0.019198877386262938
threshold,rolling,xgboost,x5,60,0,-0.056197090691350364
threshold,rolling,xgboost,x6,60,0,0.004422902097241151
threshold,rolling,enet,x1,60,1,0.02405989617630909
threshold,rolling,enet,x2,60,1,-0.5115681628011322
threshold,rolling,enet,x3,60,1,0.002893408973252276
threshold,rolling,enet,x4,60,1,0.02724747881302753
threshold,rolling,enet,x5,60,1,-0.004897198014110534
threshold,rolling,enet,x6,60,1,0.020790344190998598
threshold,rolling,rf,x1,60,1,-0.6323997839633413
threshold,rolling,rf,x2,60,1,-1.2020482762493656
threshold,rolling,rf,x3,60,1,-0.0020333376884625926
threshold,rolling,rf,x4,60,1,0.005602922201059772
threshold,rolling,rf,x5,60,1,-0.01833974482499702
threshold,rolling,rf,x6,60,1,-0.003299173290253399
threshold,rolling,xgboost,x1,60,1,-0.6839797970680114
threshold,rolling,xgboost,x2,60,1,-1.2129857896517109
threshold,rolling,xgboost,x3,60,1,-0.009430344525446
threshold,rolling,xgboost,x4,60,1,0.018388842112634675
threshold,rolling,xgboost,x5,60,1,-0.05633895060178538
threshold,rolling,xgboost,x6,60,1,0.0048828456500310275
threshold,rolling,enet,x1,60,2,0.02405611894821372
threshold,rolling,enet,x2,60,2,-0.5115327005661212
threshold,rolling,enet,x3,60,2,0.0028946793197108097
threshold,rolling,enet,x4,60,2,0.027235329420704554
threshold,rolling,enet,x5,60,2,-0.004915888709368228
threshold,rolling,enet,x6,60,2,0.020788228925205154
threshold,rolling,rf,x1,60,2,-0.6329886813676135
threshold,rolling,rf,x2,60,2,-1.2009229438725444
threshold,rolling,rf,x3,60,2,-0.0024117385858176614
threshold,rolling,rf,x4,60,2,0.00521396366260722
threshold,rolling,rf,x5,60,2,-0.01793632887484992
threshold,rolling,rf,x6,60,2,-0.0034716647771419512
threshold,rolling,xgboost,x1,60,2,-0.6841566578950982
threshold,rolling,xgboost,x2,60,2,-1.2125696652498144
threshold,rolling,xgboost,x3,60,2,-0.009339209309828693
threshold,rolling,xgboost,x4,60,2,0.018103309500654356
threshold,rolling,xgboost,x5,60,2,-0.056976453820376124
threshold,rolling,xgboost,x6,60,2,0.00547548269017489
threshold,rolling,enet,x1,60,3,0.024047418574349774
threshold,rolling,enet,x2,60,3,-0.5115537641958866
threshold,rolling,enet,x3,60,3,0.002907455132739967
threshold,rolling,enet,x4,60,3,0.027259812565364527
threshold,rolling,enet,x5,60,3,-0.00491598174878695
threshold,rolling,enet,x6,60,3,0.020780827010564093
threshold,rolling,rf,x1,60,3,-0.6342303099893153
threshold,rolling,rf,x2,60,3,-1.2019322354920579
threshold,rolling,rf,x3,60,3,-0.0010208328051226623
threshold,rolling,rf,x4,60,3,0.005873875918568428
threshold,rolling,rf,x5,60,3,-0.01788921734473378
threshold,rolling,rf,x6,60,3,-0.003318674102699226
threshold,rolling,xgboost,x1,60,3,-0.6843017249328703
threshold,rolling,xgboost,x2,60,3,-1.2130668159405418
threshold,rolling,xgboost,x3,60,3,-0.009537560934234076
threshold,rolling,xgboost,x4,60,3,0.019385160614810035
threshold,rolling,xgboost,x5,60,3,-0.056943192551000846
threshold,rolling,xgboost,x6,60,3,0.00500093965954886
threshold,rolling,enet,x1,60,4,0.02406178697508887
threshold,rolling,enet,x2,60,4,-0.5115318362121378
threshold,rolling,enet,x3,60,4,0.0029001865487474077
threshold,rolling,enet,x4,60,4,0.027227973839120165
threshold,rolling,enet,x5,60,4,-0.004905593234941526
threshold,rolling,enet,x6,60,4,0.020773249422467797
threshold,rolling,rf,x1,60,4,-0.6332190819237972
threshold,rolling,rf,x2,60,4,-1.2014293384056913
threshold,rolling,rf,x3,60,4,-0.0016212834510567617
threshold,rolling,rf,x4,60,4,0.005137602228078764
threshold,rolling,rf,x5,60,4,-0.018197157992219652
threshold,rolling,rf,x6,60,4,-0.003188134270673663
threshold,rolling,xgboost,x1,60,4,-0.6833947335898233
threshold,rolling,xgboost,x2,60,4,-1.211686701114409
threshold,rolling,xgboost,x3,60,4,-0.009755652043316073
threshold,rolling,xgboost,x4,60,4,0.01762642531499599
threshold,rolling,xgboost,x5,60,4,-0.05637736611169068
threshold,rolling,xgboost,x6,60,4,0.004124833459954773
threshold,rolling,enet,x1,60,5,0.02403823407833749
threshold,rolling,enet,x2,60,5,-0.5115514311967345
threshold,rolling,enet,x3,60,5,0.0028756901968235624
threshold,rolling,enet,x4,60,5,0.02727040357632665
threshold,rolling,enet,x5,60,5,-0.004916760161079314
threshold,rolling,enet,x6,60,5,0.020809630844670985
threshold,rolling,rf,x1,60,5,-0.6331086022477695
threshold,rolling,rf,x2,60,5,-1.2015527265723975
threshold,rolling,rf,x3,60,5,-0.0027097184771074515
threshold,rolling,rf,x4,60,5,0.006259900563242149
threshold,rolling,rf,x5,60,5,-0.018112927839299752
threshold,rolling,rf,x6,60,5,-0.003293319242028033
threshold,rolling,xgboost,x1,60,5,-0.6854469444446476
threshold,rolling,xgboost,x2,60,5,-1.2126701124657662
threshold,rolling,xgboost,x3,60,5,-0.0099049394371462
threshold,rolling,xgboost,x4,60,5,0.020196492189725208
threshold,rolling,xgboost,x5,60,5,-0.05665012751284307
threshold,rolling,xgboost,x6,60,5,0.00501243758639008
threshold,rolling,enet,x1,60,6,0.024045193037485518
threshold,rolling,enet,x2,60,6,-0.5115772474408861
threshold,rolling,enet,x3,60,6,0.00289739912167305
threshold,rolling,enet,x4,60,6,0.027261971328758534
threshold,rolling,enet,x5,60,6,-0.004900075319557296
threshold,rolling,enet,x6,60,6,0.02079852661087102
threshold,rolling,rf,x1,60,6,-0.6327213162290081
threshold,rolling,rf,x2,60,6,-1.202661184061546
threshold,rolling,rf,x3,60,6,-0.0017275956640006474
threshold,rolling,rf,x4,60,6,0.006217703594825826
threshold,rolling,rf,x5,60,6,-0.018369366951498142
threshold,rolling,rf,x6,60,6,-0.003255634504133102
threshold,rolling,xgboost,x1,60,6,-0.6845718666663739
threshold,rolling,xgboost,x2,60,6,-1.213945488926449
threshold,rolling,xgboost,x3,60,6,-0.009609593980539618
threshold,rolling,xgboost,x4,60,6,0.019959773153773137
threshold,rolling,xgboost,x5,60,6,-0.05608605846400432
threshold,rolling,xgboost,x6,60,6,0.004790040799305676
threshold,rolling,enet,x1,60,7,0.024027113211296375
threshold,rolling,enet,x2,60,7,-0.5115356841656115
threshold,rolling,enet,x3,60,7,0.002887014803697722
threshold,rolling,enet,x4,60,7,0.027265912064763167
threshold,rolling,enet,x5,60,7,-0.004908999217841592
threshold,rolling,enet,x6,60,7,0.0207904106420406
threshold,rolling,rf,x1,60,7,-0.632356111810105
threshold,rolling,rf,x2,60,7,-1.2018083811547846
threshold,rolling,rf,x3,60,7,-0.0029245266313673414
threshold,rolling,rf,x4,60,7,0.006107254562787623
threshold,rolling,rf,x5,60,7,-0.018131620681394008
threshold,rolling,rf,x6,60,7,-0.003404008100496895
threshold,rolling,xgboost,x1,60,7,-0.686258186159171
threshold,rolling,xgboost,x2,60,7,-1.2120048453328292
threshold,rolling,xgboost,x3,60,7,-0.009532636455176314
threshold,rolling,xgboost,x4,60,7,0.019911301609723698
threshold,rolling,xgboost,x5,60,7,-0.056747339424219716
threshold,rolling,xgboost,x6,60,7,0.005168511677384679
threshold,rolling,enet,x1,80,0,0.024029428785932793
threshold,rolling,enet,x2,80,0,-0.5115320119840682
threshold,rolling,enet,x3,80,0,0.002880096652016248
threshold,rolling,enet,x4,80,0,0.027265137889574853
threshold,rolling,enet,x5,80,0,-0.004909078860803054
threshold,rolling,enet,x6,80,0,0.020792194855692135
threshold,rolling,rf,x1,80,0,-0.6334699392722193
threshold,rolling,rf,x2,80,0,-1.201173869785983
threshold,rolling,rf,x3,80,0,-0.002566696122970888
threshold,rolling,rf,x4,80,0,0.006334677212439094
threshold,rolling,rf,x5,80,0,-0.0182134288313307
threshold,rolling,rf,x6,80,0,-0.003428137015295399
threshold,rolling,xgboost,x1,80,0,-0.6854297384463559
threshold,rolling,xgboost,x2,80,0,-1.213087681213931
threshold,rolling,xgboost,x3,80,0,-0.009613130475225783
threshold,rolling,xgboost,x4,80,0,0.02008206822798455
threshold,rolling,xgboost,x5,80,0,-0.05659375621770846
threshold,rolling,xgboost,x6,80,0,0.005179044040948533
threshold,rolling,enet,x1,80,1,0.024052769777478816
threshold,rolling,enet,x2,80,1,-0.5115615843515398
threshold,rolling,enet,x3,80,1,0.0029004428058536035
threshold,rolling,enet,x4,80,1,0.027255568199357882
threshold,rolling,enet,x5,80,1,-0.004916045915996897
threshold,rolling,enet,x6,80,1,0.02079461682319115
threshold,rolling,rf,x1,80,1,-0.6339000227597594
threshold,rolling,rf,x2,80,1,-1.2011507911853918
threshold,rolling,rf,x3,80,1,-0.0019100743523335934
threshold,rolling,rf,x4,80,1,0.00586838661536544
threshold,rolling,rf,x5,80,1,-0.018028543466110093
threshold,rolling,rf,x6,80,1,-0.003396348667130786
threshold,rolling,xgboost,x1,80,1,-0.6839172952368864
threshold,rolling,xgboost,x2,80,1,-1.214336710066999
threshold,rolling,xgboost,x3,80,1,-0.009468635326222635
threshold,rolling,xgboost,x4,80,1,0.019582449516667443
threshold,rolling,xgboost,x5,80,1,-0.05680340961227874
threshold,rolling,xgboost,x6,80,1,0.0054804066414313206
threshold,rolling,enet,x1,80,2,0.024046026614077384
threshold,rolling,enet,x2,80,2,-0.511543540414021
threshold,rolling,enet,x3,80,2,0.0028893815877527236
threshold,rolling,enet,x4,80,2,0.02725488603107441
threshold,rolling,enet,x5,80,2,-0.0049161798941739525
threshold,rolling,enet,x6,80,2,0.020795193413635116
threshold,rolling,rf,x1,80,2,-0.6333882292033424
threshold,rolling,rf,x2,80,2,-1.2013306354804774
threshold,rolling,rf,x3,80,2,-0.0021390809757933617
threshold,rolling,rf,x4,80,2,0.005820989057821027
threshold,rolling,rf,x5,80,2,-0.018102685313073637
threshold,rolling,rf,x6,80,2,-0.003377751900494433
threshold,rolling,xgboost,x1,80,2,-0.6845059931095352
threshold,rolling,xgboost,x2,80,2,-1.2128361741617186
threshold,rolling,xgboost,x3,80,2,-0.009504567009011842
threshold,rolling,xgboost,x4,80,2,0.019018649926864577
threshold,rolling,xgboost,x5,80,2,-0.056631370951879575
threshold,rolling,xgboost,x6,80,2,0.004996261220992124
threshold,rolling,enet,x1,80,3,0.02404299478388935
threshold,rolling,enet,x2,80,3,-0.5115291509420566
threshold,rolling,enet,x3,80,3,0.0029037372891838136
threshold,rolling,enet,x4,80,3,0.027240727638665807
threshold,rolling,enet,x5,80,3,-0.004918921201072809
threshold,rolling,enet,x6,80,3,0.02078637976973529
threshold,rolling,rf,x1,80,3,-0.6336466457569307
threshold,rolling,rf,x2,80,3,-1.200929665766084
threshold,rolling,rf,x3,80,3,-0.0019367178180806938
threshold,rolling,rf,x4,80,3,0.005526888679475162
threshold,rolling,rf,x5,80,3,-0.018034673923356205
threshold,rolling,rf,x6,80,3,-0.00349657923038372
threshold,rolling,xgboost,x1,80,3,-0.684496030839535
threshold,rolling,xgboost,x2,80,3,-1.21226739290672
threshold,rolling,xgboost,x3,80,3,-0.009583596139719921
threshold,rolling,xgboost,x4,80,3,0.018414048899715957
threshold,rolling,xgboost,x5,80,3,-0.056863171850911644
threshold,rolling,xgboost,x6,80,3,0.005332948752882305
threshold,rolling,enet,x1,80,4,0.024030209413726335
threshold,rolling,enet,x2,80,4,-0.5115215427848032
threshold,rolling,enet,x3,80,4,0.002879240047427212
threshold,rolling,enet,x4,80,4,0.027266805154636663
threshold,rolling,enet,x5,80,4,-0.004912654548147888
threshold,rolling,enet,x6,80,4,0.020783710055505757
threshold,rolling,rf,x1,80,4,-0.6336322130732988
threshold,rolling,rf,x2,80,4,-1.2013305491523036
threshold,rolling,rf,x3,80,4,-0.0023236060271870198
threshold,rolling,rf,x4,80,4,0.006129437810553498
threshold,rolling,rf,x5,80,4,-0.01814554061256605
threshold,rolling,rf,x6,80,4,-0.003214922760558131
threshold,rolling,xgboost,x1,80,4,-0.6856373042339774
threshold,rolling,xgboost,x2,80,4,-1.2117758358900568
threshold,rolling,xgboost,x3,80,4,-0.009892315643913482
threshold,rolling,xgboost,x4,80,4,0.0198251182207834
threshold,rolling,xgboost,x5,80,4,-0.056388326923218525
threshold,rolling,xgboost,x6,80,4,0.004405470386094535
threshold,rolling,enet,x1,80,5,0.02401957635197072
threshold,rolling,enet,x2,80,5,-0.5115402773352462
threshold,rolling,enet,x3,80,5,0.0029076042872234116
threshold,rolling,enet,x4,80,5,0.02726168937754035
threshold,rolling,enet,x5,80,5,-0.0049165371133922196
threshold,rolling,enet,x6,80,5,0.02079371177024872
threshold,rolling,rf,x1,80,5,-0.6340181168068673
threshold,rolling,rf,x2,80,5,-1.2009885981536714
threshold,rolling,rf,x3,80,5,-0.002329843025398079
threshold,rolling,rf,x4,80,5,0.006209085903017428
threshold,rolling,rf,x5,80,5,-0.018043435837017677
threshold,rolling,rf,x6,80,5,-0.0033464858954231013
threshold,rolling,xgboost,x1,80,5,-0.6860167076442584
threshold,rolling,xgboost,x2,80,5,-1.2124673597666937
threshold,rolling,xgboost,x3,80,5,-0.009540886913432292
threshold,rolling,xgboost,x4,80,5,0.020135116780060833
threshold,rolling,xgboost,x5,80,5,-0.05666550828089441
threshold,rolling,xgboost,x6,80,5,0.00509215174092971
threshold,rolling,enet,x1,80,6,0.02404407324905227
threshold,rolling,enet,x2,80,6,-0.5115307072000659
threshold,rolling,enet,x3,80,6,0.0028976894843594976
threshold,rolling,enet,x4,80,6,0.027240309480353653
threshold,rolling,enet,x5,80,6,-0.00492824170780406
threshold,rolling,enet,x6,80,6,0.020802644032449427
threshold,rolling,rf,x1,80,6,-0.6338687260436899
threshold,rolling,rf,x2,80,6,-1.2007436092607204
threshold,rolling,rf,x3,80,6,-0.0020362383488012835
threshold,rolling,rf,x4,80,6,0.005573248774101971
threshold,rolling,rf,x5,80,6,-0.01804477307472368
threshold,rolling,rf,x6,80,6,-0.0033972958615268944
threshold,rolling,xgboost,x1,80,6,-0.6847488836937136
threshold,rolling,xgboost,x2,80,6,-1.2121962575352696
threshold,rolling,xgboost,x3,80,6,-0.009599780387469503
threshold,rolling,xgboost,x4,80,6,0.0184820529167532
threshold,rolling,xgboost,x5,80,6,-0.05671267473269533
threshold,rolling,xgboost,x6,80,6,0.005312349348106457
threshold,rolling,enet,x1,80,7,0.02407276408788633
threshold,rolling,enet,x2,80,7,-0.5115502040236077
threshold,rolling,enet,x3,80,7,0.002882828520467157
threshold,rolling,enet,x4,80,7,0.027239183348505724
threshold,rolling,enet,x5,80,7,-0.004914608458840291
threshold,rolling,enet,x6,80,7,0.020795803863933607
threshold,rolling,rf,x1,80,7,-0.6336603426719595
threshold,rolling,rf,x2,80,7,-1.2003165760034187
threshold,rolling,rf,x3,80,7,-0.0024900999969500763
threshold,rolling,rf,x4,80,7,0.005446481099943642
threshold,rolling,rf,x5,80,7,-0.0180771006787245
threshold,rolling,rf,x6,80,7,-0.003419755564251095
threshold,rolling,xgboost,x1,80,7,-0.6831819937916127
threshold,rolling,xgboost,x2,80,7,-1.213202605893983
threshold,rolling,xgboost,x3,80,7,-0.00967955875608573
threshold,rolling,xgboost,x4,80,7,0.01818838297305924
threshold,rolling,xgboost,x5,80,7,-0.056699328165209575
threshold,rolling,xgboost,x6,80,7,0.005111909549543487
threshold,rolling,enet,x1,100,0,0.024042759023802495
threshold,rolling,enet,x2,100,0,-0.5115696409988261
threshold,rolling,enet,x3,100,0,0.0028871461535837596
threshold,rolling,enet,x4,100,0,0.027272713940675243
threshold,rolling,enet,x5,100,0,-0.00490544454869318
threshold,rolling,enet,x6,100,0,0.020798233767802515
threshold,rolling,rf,x1,100,0,-0.6328670158787011
threshold,rolling,rf,x2,100,0,-1.2014915472925223
threshold,rolling,rf,x3,100,0,-0.0030941067678453725
threshold,rolling,rf,x4,100,0,0.006398355375964644
threshold,rolling,rf,x5,100,0,-0.018284540352031455
threshold,rolling,rf,x6,100,0,-0.00317853890022475
threshold,rolling,xgboost,x1,100,0,-0.6851001576208191
threshold,rolling,xgboost,x2,100,0,-1.2136450912070333
threshold,rolling,xgboost,x3,100,0,-0.00948924211009032
threshold,rolling,xgboost,x4,100,0,0.020651994438356063
threshold,rolling,xgboost,x5,100,0,-0.056504108863281506
threshold,rolling,xgboost,x6,100,0,0.00462341127857983
threshold,rolling,enet,x1,100,1,0.024029530766955548
threshold,rolling,enet,x2,100,1,-0.5115186810117919
threshold,rolling,enet,x3,100,1,0.002891841991370632
threshold,rolling,enet,x4,100,1,0.027257375591467906
threshold,rolling,enet,x5,100,1,-0.004912888422509971
threshold,rolling,enet,x6,100,1,0.02077858842285242
threshold,rolling,rf,x1,100,1,-0.6330870597306649
threshold,rolling,rf,x2,100,1,-1.2015865138245228
threshold,rolling,rf,x3,100,1,-0.0024460212028594654
threshold,rolling,rf,x4,100,1,0.005971677646459605
threshold,rolling,rf,x5,100,1,-0.01818191184898182
threshold,rolling,rf,x6,100,1,-0.003187564854790661
threshold,rolling,xgboost,x1,100,1,-0.6856129795204098
threshold,rolling,xgboost,x2,100,1,-1.2115451599338607
threshold,rolling,xgboost,x3,100,1,-0.009769041442443529
threshold,rolling,xgboost,x4,100,1,0.01954374879604199
threshold,rolling,xgboost,x5,100,1,-0.05642185111481264
threshold,rolling,xgboost,x6,100,1,0.004342089131196205
threshold,rolling,enet,x1,100,2,0.024044512721847582
threshold,rolling,enet,x2,100,2,-0.511518740545573
threshold,rolling,enet,x3,100,2,0.0028867621694483093
threshold,rolling,enet,x4,100,2,0.027251228145078122
threshold,rolling,enet,x5,100,2,-0.004922042038363181
threshold,rolling,enet,x6,100,2,0.02078404688590689
threshold,rolling,rf,x1,100,2,-0.6336533268133264
threshold,rolling,rf,x2,100,2,-1.2007740874701494
threshold,rolling,rf,x3,100,2,-0.002520488245658752
threshold,rolling,rf,x4,100,2,0.005815373998866525
threshold,rolling,rf,x5,100,2,-0.01810802966223644
threshold,rolling,rf,x6,100,2,-0.003276835622855481
threshold,rolling,xgboost,x1,100,2,-0.684595685625051
threshold,rolling,xgboost,x2,100,2,-1.2124043608610784
threshold,rolling,xgboost,x3,100,2,-0.009615747097129536
threshold,rolling,xgboost,x4,100,2,0.01887685448193362
threshold,rolling,xgboost,x5,100,2,-0.05664814343102442
threshold,rolling,xgboost,x6,100,2,0.004923888448061386
threshold,rolling,enet,x1,100,3,0.024069221985034504
threshold,rolling,enet,x2,100,3,-0.511571233196638
threshold,rolling,enet,x3,100,3,0.0028926411517079353
threshold,rolling,enet,x4,100,3,0.027255600104894282
threshold,rolling,enet,x5,100,3,-0.004909075345526776
threshold,rolling,enet,x6,100,3,0.020788612638872852
threshold,rolling,rf,x1,100,3,-0.6325890329843243
threshold,rolling,rf,x2,100,3,-1.201815363631896
threshold,rolling,rf,x3,100,3,-0.002533729041317412
threshold,rolling,rf,x4,100,3,0.005911084741439341
threshold,rolling,rf,x5,100,3,-0.018173677382040468
threshold,rolling,rf,x6,100,3,-0.003316675517221419
threshold,rolling,xgboost,x1,100,3,-0.6830571355748422
threshold,rolling,xgboost,x2,100,3,-1.2145478378928356
threshold,rolling,xgboost,x3,100,3,-0.009481987035951687
threshold,rolling,xgboost,x4,100,3,0.019485039637582514
threshold,rolling,xgboost,x5,100,3,-0.05667818298954716
threshold,rolling,xgboost,x6,100,3,0.004816909771305713
threshold,rolling,enet,x1,100,4,0.02406638427589942
threshold,rolling,enet,x2,100,4,-0.5115590168441938
threshold,rolling,enet,x3,100,4,0.0028926157767818106
threshold,rolling,enet,x4,100,4,0.02724206555092853
threshold,rolling,enet,x5,100,4,-0.004908552820644742
threshold,rolling,enet,x6,100,4,0.020792271399573556
threshold,rolling,rf,x1,100,4,-0.6328273174217356
threshold,rolling,rf,x2,100,4,-1.2021360045621088
threshold,rolling,rf,x3,100,4,-0.001690888993381774
threshold,rolling,rf,x4,100,4,0.005335470347857276
threshold,rolling,rf,x5,100,4,-0.0180655473074447
threshold,rolling,rf,x6,100,4,-0.003133105878546756
threshold,rolling,xgboost,x1,100,4,-0.6835183419551298
threshold,rolling,xgboost,x2,100,4,-1.212347925807392
threshold,rolling,xgboost,x3,100,4,-0.009743899928833386
threshold,rolling,xgboost,x4,100,4,0.018004035327005705
threshold,rolling,xgboost,x5,100,4,-0.056426290542402856
threshold,rolling,xgboost,x6,100,4,0.004569228822463891
threshold,rolling,enet,x1,100,5,0.02402532829681034
threshold,rolling,enet,x2,100,5,-0.511538983234559
threshold,rolling,enet,x3,100,5,0.002908202707136518
threshold,rolling,enet,x4,100,5,0.0272646692162197
threshold,rolling,enet,x5,100,5,-0.004922765083616982
threshold,rolling,enet,x6,100,5,0.02078931543635427
threshold,rolling,rf,x1,100,5,-0.6341201410070163
threshold,rolling,rf,x2,100,5,-1.2013382662626828
threshold,rolling,rf,x3,100,5,-0.0017848542403536083
threshold,rolling,rf,x4,100,5,0.006120140977678275
threshold,rolling,rf,x5,100,5,-0.018029253203028242
threshold,rolling,rf,x6,100,5,-0.0033650200799576436
threshold,rolling,xgboost,x1,100,5,-0.6856330594905872
threshold,rolling,xgboost,x2,100,5,-1.212456926737485
threshold,rolling,xgboost,x3,100,5,-0.009382383531494044
threshold,rolling,xgboost,x4,100,5,0.019829767305661578
threshold,rolling,xgboost,x5,100,5,-0.05693003363290858
threshold,rolling,xgboost,x6,100,5,0.005109442002524893
threshold,rolling,enet,x1,100,6,0.024038940698298514
threshold,rolling,enet,x2,100,6,-0.5115527026337103
threshold,rolling,enet,x3,100,6,0.002900746120047668
threshold,rolling,enet,x4,100,6,0.027263629526704126
threshold,rolling,enet,x5,100,6,-0.004903472073245423
threshold,rolling,enet,x6,100,6,0.020778625700250332
threshold,rolling,rf,x1,100,6,-0.6332255288395877
threshold,rolling,rf,x2,100,6,-1.2009542115083303
threshold,rolling,rf,x3,100,6,-0.00275093291376626
threshold,rolling,rf,x4,100,6,0.006195694718423377
threshold,rolling,rf,x5,100,6,-0.018386963502447395
threshold,rolling,rf,x6,100,6,-0.003395451769651656
threshold,rolling,xgboost,x1,100,6,-0.6850087705377357
threshold,rolling,xgboost,x2,100,6,-1.2137888829839694
threshold,rolling,xgboost,x3,100,6,-0.0093555057486872
threshold,rolling,xgboost,x4,100,6,0.019989761422878324
threshold,rolling,xgboost,x5,100,6,-0.056146330081689885
threshold,rolling,xgboost,x6,100,6,0.0048465338449154086
threshold,rolling,enet,x1,100,7,0.024037482033343834
threshold,rolling,enet,x2,100,7,-0.5115430315167402
threshold,rolling,enet,x3,100,7,0.002887437152570147
threshold,rolling,enet,x4,100,7,0.02724445231364807
threshold,rolling,enet,x5,100,7,-0.004922586371972442
threshold,rolling,enet,x6,100,7,0.020822013727495276
threshold,rolling,rf,x1,100,7,-0.6327550195452939
threshold,rolling,rf,x2,100,7,-1.2015014724559796
threshold,rolling,rf,x3,100,7,-0.0023193414949852897
threshold,rolling,rf,x4,100,7,0.005691319693971764
threshold,rolling,rf,x5,100,7,-0.018063889110206077
threshold,rolling,rf,x6,100,7,-0.0035689909028669355
threshold,rolling,xgboost,x1,100,7,-0.6852823446049884
threshold,rolling,xgboost,x2,100,7,-1.2120259243975118
threshold,rolling,xgboost,x3,100,7,-0.009707426873193297
threshold,rolling,xgboost,x4,100,7,0.01866616760314042
threshold,rolling,xgboost,x5,100,7,-0.056864627594860356
threshold,rolling,xgboost,x6,100,7,0.005750961783125219
threshold,rolling,enet,x1,200,0,0.024033908584036916
threshold,rolling,enet,x2,200,0,-0.5115522761289689
threshold,rolling,enet,x3,200,0,0.0028948252255554517
threshold,rolling,enet,x4,200,0,0.027266103201406686
threshold,rolling,enet,x5,200,0,-0.004911120786285249
threshold,rolling,enet,x6,200,0,0.020794327242599955
threshold,rolling,rf,x1,200,0,-0.6338496730859631
threshold,rolling,rf,x2,200,0,-1.201272974043951
threshold,rolling,rf,x3,200,0,-0.002071336779601779
threshold,rolling,rf,x4,200,0,0.006219970084754131
threshold,rolling,rf,x5,200,0,-0.0181884880753721
threshold,rolling,rf,x6,200,0,-0.0033548919152263878
threshold,rolling,xgboost,x1,200,0,-0.6849774499978599
threshold,rolling,xgboost,x2,200,0,-1.213468425101217
threshold,rolling,xgboost,x3,200,0,-0.009568297980329273
threshold,rolling,xgboost,x4,200,0,0.020011944736626496
threshold,rolling,xgboost,x5,200,0,-0.05642172036100012
threshold,rolling,xgboost,x6,200,0,0.0049607546194915175
threshold,rolling,enet,x1,200,1,0.02403154357450873
threshold,rolling,enet,x2,200,1,-0.5115348933759938
threshold,rolling,enet,x3,200,1,0.002880511454367116
threshold,rolling,enet,x4,200,1,0.027266383631474864
threshold,rolling,enet,x5,200,1,-0.004914623557333524
threshold,rolling,enet,x6,200,1,0.0207968456113214
threshold,rolling,rf,x1,200,1,-0.6336084668106478
threshold,rolling,rf,x2,200,1,-1.2010084096150695
threshold,rolling,rf,x3,200,1,-0.00259245991690373
threshold,rolling,rf,x4,200,1,0.006217087782090136
threshold,rolling,rf,x5,200,1,-0.01810944154925146
threshold,rolling,rf,x6,200,1,-0.0034157037055779194
threshold,rolling,xgboost,x1,200,1,-0.6854532706664205
threshold,rolling,xgboost,x2,200,1,-1.2130139793708994
threshold,rolling,xgboost,x3,200,1,-0.009737197145125198
threshold,rolling,xgboost,x4,200,1,0.02017886830196713
threshold,rolling,xgboost,x5,200,1,-0.056746936728406056
threshold,rolling,xgboost,x6,200,1,0.005309321524595774
threshold,rolling,enet,x1,200,2,0.024039173897854278
threshold,rolling,enet,x2,200,2,-0.5115316991056152
threshold,rolling,enet,x3,200,2,0.0028841199526513793
threshold,rolling,enet,x4,200,2,0.027258850611493975
threshold,rolling,enet,x5,200,2,-0.004915949648281992
threshold,rolling,enet,x6,200,2,0.020791271630242428
threshold,rolling,rf,x1,200,2,-0.6340668672798708
threshold,rolling,rf,x2,200,2,-1.2008500217797116
threshold,rolling,rf,x3,200,2,-0.002344711128959821
threshold,rolling,rf,x4,200,2,0.006097644490261849
threshold,rolling,rf,x5,200,2,-0.018090784061266293
threshold,rolling,rf,x6,200,2,-0.0032626540558136686
threshold,rolling,xgboost,x1,200,2,-0.6847798147012185
threshold,rolling,xgboost,x2,200,2,-1.2129852777832801
threshold,rolling,xgboost,x3,200,2,-0.009834542178418264
threshold,rolling,xgboost,x4,200,2,0.019831119121222745
threshold,rolling,xgboost,x5,200,2,-0.05653401215963308
threshold,rolling,xgboost,x6,200,2,0.004839333617038863
threshold,rolling,enet,x1,200,3,0.024032570231941667
threshold,rolling,enet,x2,200,3,-0.5115478702720881
threshold,rolling,enet,x3,200,3,0.002904764254470826
threshold,rolling,enet,x4,200,3,0.02726029018631729
threshold,rolling,enet,x5,200,3,-0.004914375127530246
threshold,rolling,enet,x6,200,3,0.020790388065233433
threshold,rolling,rf,x1,200,3,-0.6342125550201285
threshold,rolling,rf,x2,200,3,-1.2013525146976587
threshold,rolling,rf,x3,200,3,-0.001694492103616324
threshold,rolling,rf,x4,200,3,0.0061948856848431455
threshold,rolling,rf,x5,200,3,-0.018033093530550316
threshold,rolling,rf,x6,200,3,-0.0034196241482494184
threshold,rolling,xgboost,x1,200,3,-0.6851234337788845
threshold,rolling,xgboost,x2,200,3,-1.213275828242116
threshold,rolling,xgboost,x3,200,3,-0.009387787075591278
threshold,rolling,xgboost,x4,200,3,0.02005614144453951
threshold,rolling,xgboost,x5,200,3,-0.05697691049360723
threshold,rolling,xgboost,x6,200,3,0.005244624061371447
threshold,rolling,enet,x1,200,4,0.024030549714686364
threshold,rolling,enet,x2,200,4,-0.5115489778780146
threshold,rolling,enet,x3,200,4,0.0028959084819367297
threshold,rolling,enet,x4,200,4,0.027255955060929784
threshold,rolling,enet,x5,200,4,-0.004906602449156017
threshold,rolling,enet,x6,200,4,0.0207989344079625
threshold,rolling,rf,x1,200,4,-0.6331687672515696
threshold,rolling,rf,x2,200,4,-1.2014506303216224
threshold,rolling,rf,x3,200,4,-0.002341987130929821
threshold,rolling,rf,x4,200,4,0.0059767544517613114
threshold,rolling,rf,x5,200,4,-0.018207806822357103
threshold,rolling,rf,x6,200,4,-0.0033249567406426917
threshold,rolling,xgboost,x1,200,4,-0.6856293978643248
threshold,rolling,xgboost,x2,200,4,-1.2126505091306263
threshold,rolling,xgboost,x3,200,4,-0.00948357727582516
threshold,rolling,xgboost,x4,200,4,0.019410764170470846
threshold,rolling,xgboost,x5,200,4,-0.05638520287858521
threshold,rolling,xgboost,x6,200,4,0.005274728894602459
threshold,rolling,enet,x1,200,5,0.024047530398726345
threshold,rolling,enet,x2,200,5,-0.5115472154939381
threshold,rolling,enet,x3,200,5,0.0028898654806879696
threshold,rolling,enet,x4,200,5,0.027256912333475714
threshold,rolling,enet,x5,200,5,-0.004922811139095164
threshold,rolling,enet,x6,200,5,0.020801485758488013
threshold,rolling,rf,x1,200,5,-0.6332304624824013
threshold,rolling,rf,x2,200,5,-1.2013104970544075
threshold,rolling,rf,x3,200,5,-0.002631381402241828
threshold,rolling,rf,x4,200,5,0.0059529863803639985
threshold,rolling,rf,x5,200,5,-0.018045691345768087
threshold,rolling,rf,x6,200,5,-0.003252347910905534
threshold,rolling,xgboost,x1,200,5,-0.6847678835576388
threshold,rolling,xgboost,x2,200,5,-1.2126711319417556
threshold,rolling,xgboost,x3,200,5,-0.00961737830008617
threshold,rolling,xgboost,x4,200,5,0.01923569216495687
threshold,rolling,xgboost,x5,200,5,-0.05666504632567662
threshold,rolling,xgboost,x6,200,5,0.005022553875911986
threshold,rolling,enet,x1,200,6,0.02404242855016763
threshold,rolling,enet,x2,200,6,-0.5115401792508081
threshold,rolling,enet,x3,200,6,0.0028799684538716886
threshold,rolling,enet,x4,200,6,0.027255218775289646
threshold,rolling,enet,x5,200,6,-0.004909038950337762
threshold,rolling,enet,x6,200,6,0.020797369760161683
threshold,rolling,rf,x1,200,6,-0.6328058758771052
threshold,rolling,rf,x2,200,6,-1.201335738953148
threshold,rolling,rf,x3,200,6,-0.002849526992780773
threshold,rolling,rf,x4,200,6,0.006028467091565474
threshold,rolling,rf,x5,200,6,-0.018244714541956836
threshold,rolling,rf,x6,200,6,-0.003310004541934527
threshold,rolling,xgboost,x1,200,6,-0.6847159271769714
threshold,rolling,xgboost,x2,200,6,-1.212784799030426
threshold,rolling,xgboost,x3,200,6,-0.009723578138412188
threshold,rolling,xgboost,x4,200,6,0.019436447765952394
threshold,rolling,xgboost,x5,200,6,-0.05665106381657067
threshold,rolling,xgboost,x6,200,6,0.004975726312139226
threshold,rolling,enet,x1,200,7,0.024054834633884314
threshold,rolling,enet,x2,200,7,-0.5115494720738792
threshold,rolling,enet,x3,200,7,0.0028921220151020013
threshold,rolling,enet,x4,200,7,0.02725152046612151
threshold,rolling,enet,x5,200,7,-0.00491983263109367
threshold,rolling,enet,x6,200,7,0.02079659492820989
threshold,rolling,rf,x1,200,7,-0.6332780323011917
threshold,rolling,rf,x2,200,7,-1.2014250890829066
threshold,rolling,rf,x3,200,7,-0.002232608115459167
threshold,rolling,rf,x4,200,7,0.005823541502268418
threshold,rolling,rf,x5,200,7,-0.018000029068659468
threshold,rolling,rf,x6,200,7,-0.003405176749411378
threshold,rolling,xgboost,x1,200,7,-0.6841257320721535
threshold,rolling,xgboost,x2,200,7,-1.213430505585124
threshold,rolling,xgboost,x3,200,7,-0.009514086569162071
threshold,rolling,xgboost,x4,200,7,0.01919643776906359
threshold,rolling,xgboost,x5,200,7,-0.05686097448973945
threshold,rolling,xgboost,x6,200,7,0.005271666862827328
threshold,rolling,enet,x1,500,0,0.02404438285268064
threshold,rolling,enet,x2,500,0,-0.5115540157186457
threshold,rolling,enet,x3,500,0,0.0029026156677855086
threshold,rolling,enet,x4,500,0,0.02725453972814685
threshold,rolling,enet,x5,500,0,-0.004916742030275914
threshold,rolling,enet,x6,500,0,0.020794986838653325
threshold,rolling,rf,x1,500,0,-0.6334541009993115
threshold,rolling,rf,x2,500,0,-1.201547374645969
threshold,rolling,rf,x3,500,0,-0.0020619111710178627
threshold,rolling,rf,x4,500,0,0.00594512631965154
threshold,rolling,rf,x5,500,0,-0.018104128455776775
threshold,rolling,rf,x6,500,0,-0.0032950048629362873
threshold,rolling,xgboost,x1,500,0,-0.6844701064093553
threshold,rolling,xgboost,x2,500,0,-1.2132998976652698
threshold,rolling,xgboost,x3,500,0,-0.00946542852760205
threshold,rolling,xgboost,x4,500,0,0.019464603445434377
threshold,rolling,xgboost,x5,500,0,-0.056749918105041555
threshold,rolling,xgboost,x6,500,0,0.005057553177546326
threshold,rolling,enet,x1,500,1,0.02404553999482826
threshold,rolling,enet,x2,500,1,-0.5115358122615964
threshold,rolling,enet,x3,500,1,0.002885209379008603
threshold,rolling,enet,x4,500,1,0.02725591488959686
threshold,rolling,enet,x5,500,1,-0.00491796939362881
threshold,rolling,enet,x6,500,1,0.020792884730136265
threshold,rolling,rf,x1,500,1,-0.6332645166904928
threshold,rolling,rf,x2,500,1,-1.2011974988140184
threshold,rolling,rf,x3,500,1,-0.0025087548846550074
threshold,rolling,rf,x4,500,1,0.005882311623846414
threshold,rolling,rf,x5,500,1,-0.018066431348543178
threshold,rolling,rf,x6,500,1,-0.003362503701497263
threshold,rolling,xgboost,x1,500,1,-0.6845581101754925
threshold,rolling,xgboost,x2,500,1,-1.2128924738836209
threshold,rolling,xgboost,x3,500,1,-0.009739468047765468
threshold,rolling,xgboost,x4,500,1,0.019363231826387408
threshold,rolling,xgboost,x5,500,1,-0.056783879243536894
threshold,rolling,xgboost,x6,500,1,0.005147505439739952
threshold,rolling,enet,x1,500,2,0.02404392343425638
threshold,rolling,enet,x2,500,2,-0.5115474181246134
threshold,rolling,enet,x3,500,2,0.0028921741312244896
threshold,rolling,enet,x4,500,2,0.02725799322589036
threshold,rolling,enet,x5,500,2,-0.00491463880694863
threshold,rolling,enet,x6,500,2,0.02079373347853558
threshold,rolling,rf,x1,500,2,-0.6334970094806424
threshold,rolling,rf,x2,500,2,-1.2014695335850933
threshold,rolling,rf,x3,500,2,-0.002149762446396926
threshold,rolling,rf,x4,500,2,0.0060899184474991494
threshold,rolling,rf,x5,500,2,-0.01811990458052246
threshold,rolling,rf,x6,500,2,-0.0033711021702042595
threshold,rolling,xgboost,x1,500,2,-0.6847584109051741
threshold,rolling,xgboost,x2,500,2,-1.2130668722111346
threshold,rolling,xgboost,x3,500,2,-0.009618583147434502
threshold,rolling,xgboost,x4,500,2,0.019641234753890537
threshold,rolling,xgboost,x5,500,2,-0.05664783382692433
threshold,rolling,xgboost,x6,500,2,0.004987271252488878
threshold,rolling,enet,x1,500,3,0.024045392186249324
threshold,rolling,enet,x2,500,3,-0.5115483081355127
threshold,rolling,enet,x3,500,3,0.0028908933403828515
threshold,rolling,enet,x4,500,3,0.027253687611516652
threshold,rolling,enet,x5,500,3,-0.004914554001346193
threshold,rolling,enet,x6,500,3,0.02079865633705478
threshold,rolling,rf,x1,500,3,-0.6331579113046862
threshold,rolling,rf,x2,500,3,-1.201178260215995
threshold,rolling,rf,x3,500,3,-0.00249722020744504
threshold,rolling,rf,x4,500,3,0.005861309395395164
threshold,rolling,rf,x5,500,3,-0.018149700883604944
threshold,rolling,rf,x6,500,3,-0.0033956105990240563
threshold,rolling,xgboost,x1,500,3,-0.6846609732113105
threshold,rolling,xgboost,x2,500,3,-1.2131064240362734
threshold,rolling,xgboost,x3,500,3,-0.009602392751159127
threshold,rolling,xgboost,x4,500,3,0.019317498728052777
threshold,rolling,xgboost,x5,500,3,-0.05668958744903487
threshold,rolling,xgboost,x6,500,3,0.0052786846354369015
threshold,rolling,enet,x1,500,4,0.024041474926845396
threshold,rolling,enet,x2,500,4,-0.5115423393253393
threshold,rolling,enet,x3,500,4,0.0028964829358671795
threshold,rolling,enet,x4,500,4,0.027259126091436235
threshold,rolling,enet,x5,500,4,-0.0049187765248724724
threshold,rolling,enet,x6,500,4,0.020789799234407824
threshold,rolling,rf,x1,500,4,-0.6335317878851182
threshold,rolling,rf,x2,500,4,-1.2011822667291472
threshold,rolling,rf,x3,500,4,-0.00248131748853509
threshold,rolling,rf,x4,500,4,0.005989066996562823
threshold,rolling,rf,x5,500,4,-0.018064506272593803
threshold,rolling,rf,x6,500,4,-0.0032465824365286696
threshold,rolling,xgboost,x1,500,4,-0.6847129570958873
threshold,rolling,xgboost,x2,500,4,-1.2127250113825703
threshold,rolling,xgboost,x3,500,4,-0.009552847399853038
threshold,rolling,xgboost,x4,500,4,0.019552699455915798
threshold,rolling,xgboost,x5,500,4,-0.05681363616747216
threshold,rolling,xgboost,x6,500,4,0.004788558505578808
threshold,rolling,enet,x1,500,5,0.0240481276895558
threshold,rolling,enet,x2,500,5,-0.5115539863531626
threshold,rolling,enet,x3,500,5,0.0028954280975897495
threshold,rolling,enet,x4,500,5,0.027260089032137225
threshold,rolling,enet,x5,500,5,-0.00491430599689607
threshold,rolling,enet,x6,500,5,0.020790414869120737
threshold,rolling,rf,x1,500,5,-0.6333577636743664
threshold,rolling,rf,x2,500,5,-1.2012083612734223
threshold,rolling,rf,x3,500,5,-0.0024605875959591754
threshold,rolling,rf,x4,500,5,0.005942290298699034
threshold,rolling,rf,x5,500,5,-0.01810105705237218
threshold,rolling,rf,x6,500,5,-0.00333191451793922
threshold,rolling,xgboost,x1,500,5,-0.6844230085788944
threshold,rolling,xgboost,x2,500,5,-1.2133017671730648
threshold,rolling,xgboost,x3,500,5,-0.009585288827447159
threshold,rolling,xgboost,x4,500,5,0.019589925760009775
threshold,rolling,xgboost,x5,500,5,-0.05668352824091849
threshold,rolling,xgboost,x6,500,5,0.004940472976026909
threshold,rolling,enet,x1,500,6,0.024049529015916452
threshold,rolling,enet,x2,500,6,-0.511550713535558
threshold,rolling,enet,x3,500,6,0.002889307566533199
threshold,rolling,enet,x4,500,6,0.02725758778115563
threshold,rolling,enet,x5,500,6,-0.004916831741440259
threshold,rolling,enet,x6,500,6,0.020796888251737877
threshold,rolling,rf,x1,500,6,-0.6332393923778322
threshold,rolling,rf,x2,500,6,-1.2013998027448292
threshold,rolling,rf,x3,500,6,-0.002357864728618903
threshold,rolling,rf,x4,500,6,0.0059281933538234246
threshold,rolling,rf,x5,500,6,-0.018054996893864007
threshold,rolling,rf,x6,500,6,-0.0033935304240390336
threshold,rolling,xgboost,x1,500,6,-0.6843305889877607
threshold,rolling,xgboost,x2,500,6,-1.2134037000566715
threshold,rolling,xgboost,x3,500,6,-0.009618160842516793
threshold,rolling,xgboost,x4,500,6,0.019423533997274197
threshold,rolling,xgboost,x5,500,6,-0.056727879034474696
threshold,rolling,xgboost,x6,500,6,0.005193600839861103
threshold,rolling,enet,x1,500,7,0.02404538231602647
threshold,rolling,enet,x2,500,7,-0.5115363619065331
threshold,rolling,enet,x3,500,7,0.002896680682611175
threshold,rolling,enet,x4,500,7,0.02725182524860957
threshold,rolling,enet,x5,500,7,-0.0049192812113064855
threshold,rolling,enet,x6,500,7,0.020787522208937183
threshold,rolling,rf,x1,500,7,-0.6333958530891168
threshold,rolling,rf,x2,500,7,-1.201558367986792
threshold,rolling,rf,x3,500,7,-0.0020748412083363976
threshold,rolling,rf,x4,500,7,0.0058096387835724055
threshold,rolling,rf,x5,500,7,-0.018022766781077833
threshold,rolling,rf,x6,500,7,-0.003275203533609623
threshold,rolling,xgboost,x1,500,7,-0.6843808079910635
threshold,rolling,xgboost,x2,500,7,-1.2125062575239498
threshold,rolling,xgboost,x3,500,7,-0.009567378038750268
threshold,rolling,xgboost,x4,500,7,0.019142930810708645
threshold,rolling,xgboost,x5,500,7,-0.05693967750733067
threshold,rolling,xgboost,x6,500,7,0.004787996166097576
threshold,rolling,enet,x1,1000,0,0.02405467749804382
threshold,rolling,enet,x2,1000,0,-0.511554216912665
threshold,rolling,enet,x3,1000,0,0.0028934187017291926
threshold,rolling,enet,x4,1000,0,0.02725797884074736
threshold,rolling,enet,x5,1000,0,-0.00491356820132116
threshold,rolling,enet,x6,1000,0,0.020787477411810577
threshold,rolling,rf,x1,1000,0,-0.6332392460932297
threshold,rolling,rf,x2,1000,0,-1.2015983305700446
threshold,rolling,rf,x3,1000,0,-0.002167934265151202
threshold,rolling,rf,x4,1000,0,0.005881771103385471
threshold,rolling,rf,x5,1000,0,-0.01808768376372101
threshold,rolling,rf,x6,1000,0,-0.0033059702265988795
threshold,rolling,xgboost,x1,1000,0,-0.684045683972598
threshold,rolling,xgboost,x2,1000,0,-1.2134728640256822
threshold,rolling,xgboost,x3,1000,0,-0.009600037749947493
threshold,rolling,xgboost,x4,1000,0,0.019428386285299845
threshold,rolling,xgboost,x5,1000,0,-0.056631287883064145
threshold,rolling,xgboost,x6,1000,0,0.004858293261703711
threshold,rolling,enet,x1,1000,1,0.02404080473035987
threshold,rolling,enet,x2,1000,1,-0.5115428124954369
threshold,rolling,enet,x3,1000,1,0.0028982709096316947
threshold,rolling,enet,x4,1000,1,0.027254862115442927
threshold,rolling,enet,x5,1000,1,-0.004916295759533307
threshold,rolling,enet,x6,1000,1,0.020790937837880528
threshold,rolling,rf,x1,1000,1,-0.6332814581239821
threshold,rolling,rf,x2,1000,1,-1.2017714986465917
threshold,rolling,rf,x3,1000,1,-0.0020051206150065444
threshold,rolling,rf,x4,1000,1,0.005951815139884621
threshold,rolling,rf,x5,1000,1,-0.018089131053864452
threshold,rolling,rf,x6,1000,1,-0.0033220005157998554
threshold,rolling,xgboost,x1,1000,1,-0.6849078352681005
threshold,rolling,xgboost,x2,1000,1,-1.212698437592924
threshold,rolling,xgboost,x3,1000,1,-0.009536969318095345
threshold,rolling,xgboost,x4,1000,1,0.01944078964843583
threshold,rolling,xgboost,x5,1000,1,-0.05672769431113818
threshold,rolling,xgboost,x6,1000,1,0.004966952757534064
threshold,rolling,enet,x1,1000,2,0.024040352978803425
threshold,rolling,enet,x2,1000,2,-0.5115426828524401
threshold,rolling,enet,x3,1000,2,0.0028931934253194607
threshold,rolling,enet,x4,1000,2,0.027257244439149092
threshold,rolling,enet,x5,1000,2,-0.004917530409804666
threshold,rolling,enet,x6,1000,2,0.02079518975731761
threshold,rolling,rf,x1,1000,2,-0.6336105140320819
threshold,rolling,rf,x2,1000,2,-1.2012417244038607
threshold,rolling,rf,x3,1000,2,-0.002182555014921998
threshold,rolling,rf,x4,1000,2,0.0059454683064959915
threshold,rolling,rf,x5,1000,2,-0.01807144968463616
threshold,rolling,rf,x6,1000,2,-0.0033566189863551343
threshold,rolling,xgboost,x1,1000,2,-0.6849708999261683
threshold,rolling,xgboost,x2,1000,2,-1.2128678654861382
threshold,rolling,xgboost,x3,1000,2,-0.009497813333221826
threshold,rolling,xgboost,x4,1000,2,0.019448321108529756
threshold,rolling,xgboost,x5,1000,2,-0.05680606079870279
threshold,rolling,xgboost,x6,1000,2,0.005231124351413484
threshold,rolling,enet,x1,1000,3,0.024048086871139063
threshold,rolling,enet,x2,1000,3,-0.5115450268500407
threshold,rolling,enet,x3,1000,3,0.0028923006141382645
threshold,rolling,enet,x4,1000,3,0.02725400488851069
threshold,rolling,enet,x5,1000,3,-0.004913899889528137
threshold,rolling,enet,x6,1000,3,0.02079030170412561
threshold,rolling,rf,x1,1000,3,-0.633173528204438
threshold,rolling,rf,x2,1000,3,-1.2016311685670311
threshold,rolling,rf,x3,1000,3,-0.002163769532262834
threshold,rolling,rf,x4,1000,3,0.005883986788128942
threshold,rolling,rf,x5,1000,3,-0.018113479686444826
threshold,rolling,rf,x6,1000,3,-0.003319434613312399
threshold,rolling,xgboost,x1,1000,3,-0.6844079369163728
threshold,rolling,xgboost,x2,1000,3,-1.2129968392498895
threshold,rolling,xgboost,x3,1000,3,-0.0096538968605654
threshold,rolling,xgboost,x4,1000,3,0.019292945765850264
threshold,rolling,xgboost,x5,1000,3,-0.05664107211678661
threshold,rolling,xgboost,x6,1000,3,0.004943605293476075
threshold,rolling,enet,x1,1000,4,0.02404410094548002
threshold,rolling,enet,x2,1000,4,-0.511544907632196
threshold,rolling,enet,x3,1000,4,0.002892763643810543
threshold,rolling,enet,x4,1000,4,0.027255364918749206
threshold,rolling,enet,x5,1000,4,-0.004916169439428298
threshold,rolling,enet,x6,1000,4,0.020794614901929288
threshold,rolling,rf,x1,1000,4,-0.6334118890044781
threshold,rolling,rf,x2,1000,4,-1.201480094704211
threshold,rolling,rf,x3,1000,4,-0.002178696703615973
threshold,rolling,rf,x4,1000,4,0.005942317139692343
threshold,rolling,rf,x5,1000,4,-0.018083308165255652
threshold,rolling,rf,x6,1000,4,-0.003305722377491658
threshold,rolling,xgboost,x1,1000,4,-0.6845924557779073
threshold,rolling,xgboost,x2,1000,4,-1.2130956086411784
threshold,rolling,xgboost,x3,1000,4,-0.00959291857025024
threshold,rolling,xgboost,x4,1000,4,0.019453147388541068
threshold,rolling,xgboost,x5,1000,4,-0.05664719299546195
threshold,rolling,xgboost,x6,1000,4,0.005011834511968621
threshold,rolling,enet,x1,1000,5,0.024043074485380796
threshold,rolling,enet,x2,1000,5,-0.5115485707266283
threshold,rolling,enet,x3,1000,5,0.002898398622788154
threshold,rolling,enet,x4,1000,5,0.027251936732526915
threshold,rolling,enet,x5,1000,5,-0.004914817812469975
threshold,rolling,enet,x6,1000,5,0.020795746036747186
threshold,rolling,rf,x1,1000,5,-0.633417500383916
threshold,rolling,rf,x2,1000,5,-1.2013818637530653
threshold,rolling,rf,x3,1000,5,-0.0021355317033526443
threshold,rolling,rf,x4,1000,5,0.005866146881773004
threshold,rolling,rf,x5,1000,5,-0.018127204676055327
threshold,rolling,rf,x6,1000,5,-0.003321440180744038
threshold,rolling,xgboost,x1,1000,5,-0.6847088126936305
threshold,rolling,xgboost,x2,1000,5,-1.2130124784759166
threshold,rolling,xgboost,x3,1000,5,-0.009506437058124354
threshold,rolling,xgboost,x4,1000,5,0.019236513934138614
threshold,rolling,xgboost,x5,1000,5,-0.05657753953396688
threshold,rolling,xgboost,x6,1000,5,0.0051055597432117655
threshold,rolling,enet,x1,1000,6,0.024036625101905434
threshold,rolling,enet,x2,1000,6,-0.5115423656968076
threshold,rolling,enet,x3,1000,6,0.002896597857882596
threshold,rolling,enet,x4,1000,6,0.027258204072579967
threshold,rolling,enet,x5,1000,6,-0.004913194335395422
threshold,rolling,enet,x6,1000,6,0.020789900338179818
threshold,rolling,rf,x1,1000,6,-0.6333843462541611
threshold,rolling,rf,x2,1000,6,-1.2015832221894245
threshold,rolling,rf,x3,1000,6,-0.0020933254594298605
threshold,rolling,rf,x4,1000,6,0.0059435226686117195
threshold,rolling,rf,x5,1000,6,-0.01808889427983375
threshold,rolling,rf,x6,1000,6,-0.0033111283011226823
threshold,rolling,xgboost,x1,1000,6,-0.6850198371332661
threshold,rolling,xgboost,x2,1000,6,-1.2127650884600965
threshold,rolling,xgboost,x3,1000,6,-0.009596182380269415
threshold,rolling,xgboost,x4,1000,6,0.019555947398198752
threshold,rolling,xgboost,x5,1000,6,-0.056660027650159234
threshold,rolling,xgboost,x6,1000,6,0.005021994141304098
threshold,rolling,enet,x1,1000,7,0.02404323056883684
threshold,rolling,enet,x2,1000,7,-0.5115374047876712
threshold,rolling,enet,x3,1000,7,0.002888576007263308
threshold,rolling,enet,x4,1000,7,0.027252850947992548
threshold,rolling,enet,x5,1000,7,-0.004916071138204708
threshold,rolling,enet,x6,1000,7,0.020794585740127974
threshold,rolling,rf,x1,1000,7,-0.6334467822503277
threshold,rolling,rf,x2,1000,7,-1.2014412530835084
threshold,rolling,rf,x3,1000,7,-0.002086954761900127
threshold,rolling,rf,x4,1000,7,0.005855967092701077
threshold,rolling,rf,x5,1000,7,-0.018073714975756904
threshold,rolling,rf,x6,1000,7,-0.003324655836567924
threshold,rolling,xgboost,x1,1000,7,-0.6847864287451242
threshold,rolling,xgboost,x2,1000,7,-1.2126379374925669
threshold,rolling,xgboost,x3,1000,7,-0.009635511089482747
threshold,rolling,xgboost,x4,1000,7,0.019255943102444086
threshold,rolling,xgboost,x5,1000,7,-0.056657121355011046
threshold,rolling,xgboost,x6,1000,7,0.004997861495452556
