dgp,window,model,predictor,M,mean,std,q_low,q_high
threshold,expanding,enet,x1,3,0.015017624992818704,1.5903998816301698e-05,0.01501046806658314,0.015030111849448708
threshold,expanding,enet,x1,6,0.015015358423078596,1.6767434982915055e-05,0.014997638772146469,0.015033616072191253
threshold,expanding,enet,x1,8,0.015022008864461842,5.899033932581955e-06,0.015017767897129155,0.015023937838369602
threshold,expanding,enet,x1,12,0.015028214432645357,1.0709188938381364e-05,0.015018037838637612,0.01503801943900002
threshold,expanding,enet,x1,18,0.015027781899174704,1.0993250759333489e-05,0.015019012296093696,0.015039255501295281
threshold,expanding,enet,x1,30,0.015028297663961389,8.48333473712792e-06,0.015019265179517124,0.015036136382845976
threshold,expanding,enet,x1,40,0.015024919780164807,4.418666631028229e-06,0.015021387293433039,0.015028386139826258
threshold,expanding,enet,x1,60,0.015028062007375092,5.2184527179144275e-06,0.01502326078304976,0.015033241087783209
threshold,expanding,enet,x1,80,0.015024597933315467,4.133558715619327e-06,0.015020835674293251,0.015028112396086856
threshold,expanding,enet,x1,100,0.015026438135035328,5.675623508924663e-06,0.015022371467166288,0.015031236459767977
threshold,expanding,enet,x1,200,0.015024665179166074,2.621512832962782e-06,0.015022471184275204,0.015026517000741377
threshold,expanding,enet,x1,500,0.015026305464356167,9.862744301889116e-07,0.015025221110781185,0.015026761311213836
threshold,expanding,enet,x1,1000,0.015026228968247889,1.593715275580592e-06,0.015025230175053448,0.015027506864099892
threshold,expanding,enet,x2,3,-0.5744086514350519,3.17553031846914e-05,-0.5744388906818741,-0.5743967365813365
threshold,expanding,enet,x2,6,-0.5744339632772006,3.1070079650036484e-05,-0.574457709128293,-0.5744018518244092
threshold,expanding,enet,x2,8,-0.5744387772364316,1.7231388270419357e-05,-0.5744457700397374,-0.5744311438255116
threshold,expanding,enet,x2,12,-0.5744305923234012,1.6218247450763452e-05,-0.5744473083634669,-0.5744162586140023
threshold,expanding,enet,x2,18,-0.5744444873437305,1.775091154956487e-05,-0.5744594530694246,-0.5744352198135271
threshold,expanding,enet,x2,30,-0.5744388570669366,1.5633335681379074e-05,-0.5744536780076597,-0.574427352359256
threshold,expanding,enet,x2,40,-0.5744327292426431,1.641464757586539e-05,-0.5744496830761207,-0.5744155359725749
threshold,expanding,enet,x2,60,-0.5744356437030806,7.359662705022388e-06,-0.5744404807589798,-0.5744284052760236
threshold,expanding,enet,x2,80,-0.5744344613566555,8.928974164961419e-06,-0.5744455047002428,-0.5744277979339999
threshold,expanding,enet,x2,100,-0.5744368719873616,9.248610471498729e-06,-0.5744464732868029,-0.5744261449953875
threshold,expanding,enet,x2,200,-0.5744351110837125,2.9235411890227965e-06,-0.5744376107753216,-0.574431579909499
threshold,expanding,enet,x2,500,-0.5744366608372397,4.582511937964951e-06,-0.5744395433180332,-0.574432051184451
threshold,expanding,enet,x2,1000,-0.5744368909768569,2.021685590798151e-06,-0.5744386767385544,-0.5744354418609708
threshold,expanding,enet,x3,3,0.0009801421329640272,2.6160038775434036e-05,0.0009611547940029089,0.0010068658472719575
threshold,expanding,enet,x3,6,0.0009935329888442618,1.7723325884576407e-05,0.0009773061092513303,0.0010069196271452663
threshold,expanding,enet,x3,8,0.000994602912523842,1.842736697172104e-05,0.0009909642324647196,0.0010063340659557894
threshold,expanding,enet,x3,12,0.0009797100913520687,9.294938230396833e-06,0.0009728327237886236,0.0009882109053338639
threshold,expanding,enet,x3,18,0.000989636366768997,1.915271755340577e-05,0.0009696854695013935,0.001011436683393028
threshold,expanding,enet,x3,30,0.0009843684173115217,1.071974467076763e-05,0.0009752909906361523,0.0009904699403773946
threshold,expanding,enet,x3,40,0.0009830218259996673,6.657551834744308e-06,0.0009762378656184638,0.000988498371065598
threshold,expanding,enet,x3,60,0.0009854192670713654,5.690541857280002e-06,0.0009819520597245113,0.000989574925515474
threshold,expanding,enet,x3,80,0.0009852335567139302,5.8485679831423886e-06,0.0009795985874809035,0.0009911903583172757
threshold,expanding,enet,x3,100,0.0009863901946723743,3.593621923526066e-06,0.0009831122194766313,0.0009893272354510917
threshold,expanding,enet,x3,200,0.000984412141448903,3.2033800874280574e-06,0.0009811154004587647,0.0009872309038552833
threshold,expanding,enet,x3,500,0.0009861845993413931,2.6830992788191803e-06,0.000984847312081112,0.0009885896987724021
threshold,expanding,enet,x3,1000,0.0009856933122868168,1.4137280085855732e-06,0.0009849460099786613,0.0009865885790766077
threshold,expanding,enet,x4,3,0.022039524858063504,2.3360888228900804e-05,0.022014915335843488,0.022063026736196898
threshold,expanding,enet,x4,6,0.02205582088969337,1.4109513822414314e-05,0.022042497145602427,0.022071799117580285
threshold,expanding,enet,x4,8,0.02204563498530805,1.60752603790365e-05,0.022033139909525417,0.02205737138282627
threshold,expanding,enet,x4,12,0.02204759976759275,1.4525689998500211e-05,0.02203176778966886,0.0220559162306329
threshold,expanding,enet,x4,18,0.022042191716590786,1.2811003016008121e-05,0.022028760169587498,0.022052323191296505
threshold,expanding,enet,x4,30,0.022036120658915324,5.323215323224873e-06,0.022032311143632383,0.022038926890385925
threshold,expanding,enet,x4,40,0.022043003851547296,8.912518451044539e-06,0.0220368078865153,0.022047449739161205
threshold,expanding,enet,x4,60,0.022038872853058306,5.789206917570561e-06,0.022032857978039277,0.022044629950840427
threshold,expanding,enet,x4,80,0.02203999297662037,5.919385394451814e-06,0.02203493109063728,0.022044690860953387
threshold,expanding,enet,x4,100,0.02204132952897239,5.918027542596582e-06,0.022037021935470826,0.02204627970935908
threshold,expanding,enet,x4,200,0.022043830771925028,3.302739915126255e-06,0.02204076615328974,0.022047038294127554
threshold,expanding,enet,x4,500,0.022041711373358575,1.6114291111956144e-06,0.022040752673300943,0.022043359923917823
threshold,expanding,enet,x4,1000,0.02204186829805404,8.093615241338143e-07,0.022041361786331145,0.022042722072193478
threshold,expanding,enet,x5,3,0.011761993917716745,2.301519610950043e-05,0.011732312242911689,0.011781609886443447
threshold,expanding,enet,x5,6,0.011759811455953806,1.1725154847456115e-05,0.011752153730748918,0.011764949171275182
threshold,expanding,enet,x5,8,0.011761821570628394,1.266680143523395e-05,0.011747383308756524,0.01177013146392561
threshold,expanding,enet,x5,12,0.01176496847194494,1.1026044442248314e-05,0.011754020915157905,0.011775341248347854
threshold,expanding,enet,x5,18,0.011768012463715945,1.78362006450007e-05,0.011754337368582665,0.011783411962653109
threshold,expanding,enet,x5,30,0.011769200993225154,8.229620004425579e-06,0.01176337684551942,0.011775530220299152
threshold,expanding,enet,x5,40,0.011766281515156251,6.483435522478676e-06,0.011759823766392561,0.011772713657612741
threshold,expanding,enet,x5,60,0.011766824672516421,3.3205901366410305e-06,0.011764746584232379,0.011769184910251976
threshold,expanding,enet,x5,80,0.011767214579692445,2.3383761800391023e-06,0.011765406452568692,0.011769390383954291
threshold,expanding,enet,x5,100,0.011764878495765357,2.3974783506764324e-06,0.011762486389671447,0.011767325473993994
threshold,expanding,enet,x5,200,0.011763456105086797,2.5490081828703436e-06,0.01176115329816974,0.011766027408059248
threshold,expanding,enet,x5,500,0.011764534136427382,1.5039157222120464e-06,0.011763059990711554,0.011766276803819965
threshold,expanding,enet,x5,1000,0.011765654453529183,1.3246957992448454e-06,0.011764262559943168,0.011766305444047323
threshold,expanding,enet,x6,3,0.002839918529860717,1.8478946948016743e-05,0.0028179064817906918,0.002854841633330363
threshold,expanding,enet,x6,6,0.002839992516002328,1.3017664197833715e-05,0.0028282617606683845,0.0028491680634068384
threshold,expanding,enet,x6,8,0.0028452618998810464,1.1490080140108733e-05,0.002838463412581764,0.002854351614437222
threshold,expanding,enet,x6,12,0.002840652556237879,8.503397991045944e-06,0.0028318291694675733,0.0028485089023893764
threshold,expanding,enet,x6,18,0.002847417893851806,8.84700146737136e-06,0.0028412470598186486,0.0028565783747783857
threshold,expanding,enet,x6,30,0.002851422329895041,7.648195174701386e-06,0.0028449624251602216,0.002855462191505761
threshold,expanding,enet,x6,40,0.0028460552661468356,3.907529194780523e-06,0.002843661430924153,0.0028485726035763774
threshold,expanding,enet,x6,60,0.0028470178994311987,5.045907424525856e-06,0.0028419221870349893,0.002851216033958236
threshold,expanding,enet,x6,80,0.002847975306685055,2.5664885719052017e-06,0.002845484214003366,0.0028494747042063654
threshold,expanding,enet,x6,100,0.0028483886292879693,6.798308449280883e-06,0.002842756766572009,0.0028538093935737857
threshold,expanding,enet,x6,200,0.0028492998824573685,2.362831898282865e-06,0.002848080537684972,0.0028511476312186954
threshold,expanding,enet,x6,500,0.002848478260127885,1.4796134542219092e-06,0.002847335615165076,0.0028500711868276046
threshold,expanding,enet,x6,1000,0.0028479989411107345,1.1705535220114017e-06,0.00284698204003638,0.002849150899380681
threshold,expanding,rf,x1,3,-0.6734125899989876,0.0012098187780899493,-0.6747059936689919,-0.6724968697832397
threshold,expanding,rf,x1,6,-0.6741783835418366,0.0012956493325649266,-0.6756355607188067,-0.6729429535568725
threshold,expanding,rf,x1,8,-0.67397046816651,0.0007960164919964391,-0.6747449473429754,-0.6735312367867955
threshold,expanding,rf,x1,12,-0.673708390922682,0.00041488162809764494,-0.6741161673136994,-0.673277213553739
threshold,expanding,rf,x1,18,-0.6737723468490088,0.0005973645736826817,-0.6744121354684844,-0.6731155871404582
threshold,expanding,rf,x1,30,-0.673974858355887,0.0005873875225297318,-0.6743189732528512,-0.673424463463822
threshold,expanding,rf,x1,40,-0.6741632236712728,0.00032857384227874244,-0.6744388233069026,-0.6738183422479652
threshold,expanding,rf,x1,60,-0.6738717523653599,0.00045215338134532815,-0.6743672012346923,-0.6734983918225748
threshold,expanding,rf,x1,80,-0.6740244381641941,0.00020997523488902324,-0.6742167926709204,-0.6738003401629097
threshold,expanding,rf,x1,100,-0.6739964478591212,0.00030355792734577676,-0.6742153821216962,-0.6738134537892988
threshold,expanding,rf,x1,200,-0.6740978733293193,0.00018528487906129055,-0.6743095136624014,-0.6739223888893306
threshold,expanding,rf,x1,500,-0.6739627030773234,7.508343250359803e-05,-0.6740177233159907,-0.6738839915332936
threshold,expanding,rf,x1,1000,-0.6739891970463779,9.675339353219067e-05,-0.6740744535996037,-0.673912305996073
threshold,expanding,rf,x2,3,-1.3593773344436362,0.0015991297634346847,-1.360452761329543,-1.3581503918907183
threshold,expanding,rf,x2,6,-1.360316875860605,0.0014169092106261262,-1.3610130629810908,-1.3591760825184656
threshold,expanding,rf,x2,8,-1.3600232137859005,0.00041714576980347656,-1.3604602996798598,-1.359671244874106
threshold,expanding,rf,x2,12,-1.3604775697495823,0.000487463830498888,-1.3608357907704351,-1.3601368994706664
threshold,expanding,rf,x2,18,-1.3600763047075404,0.00021567508675456078,-1.360137527462319,-1.3599511058210696
threshold,expanding,rf,x2,30,-1.3601577077687603,0.0006298054254981132,-1.3607537902737745,-1.3595794170243785
threshold,expanding,rf,x2,40,-1.360041134231309,0.0004915158035507696,-1.360398629651464,-1.359707172188938
threshold,expanding,rf,x2,60,-1.3599298832284203,0.00018943857285778795,-1.3600783000313144,-1.359725790684973
threshold,expanding,rf,x2,80,-1.3600898869328382,0.0002571026961748331,-1.3602335555778367,-1.3598536250855964
threshold,expanding,rf,x2,100,-1.3599469781072093,0.00030108155956533214,-1.3601201758099242,-1.3597300466735327
threshold,expanding,rf,x2,200,-1.360055864776693,0.00015783762811001365,-1.3601972751436806,-1.3599621922800014
threshold,expanding,rf,x2,500,-1.3601269292875247,8.720529632793473e-05,-1.360168208437437,-1.3600444776002252
threshold,expanding,rf,x2,1000,-1.3600562596900674,5.950023940570397e-05,-1.3601333710262753,-1.3600040375256888
threshold,expanding,rf,x3,3,-0.007846326273419912,0.0006628603309269045,-0.008261695900983846,-0.007270172845402713
threshold,expanding,rf,x3,6,-0.007824157869119447,0.00030246280220845855,-0.008082485925723252,-0.007565777548106419
threshold,expanding,rf,x3,8,-0.00788340465446485,0.0004007740443558787,-0.008249815959645242,-0.007490806945091136
threshold,expanding,rf,x3,12,-0.007718760364679236,0.00024975778530030723,-0.007839013440493143,-0.007398741324626156
threshold,expanding,rf,x3,18,-0.007908861195050588,0.0003378808902328151,-0.008260578195726903,-0.007686128886734278
threshold,expanding,rf,x3,30,-0.007821492484609678,0.0002031502413874663,-0.007916381639363174,-0.007710782460987994
threshold,expanding,rf,x3,40,-0.00784969887011859,0.00023883050671373262,-0.008056221161955248,-0.007620155051154132
threshold,expanding,rf,x3,60,-0.007850147817490789,0.00013552400305860799,-0.007965208649425543,-0.007706602726531122
threshold,expanding,rf,x3,80,-0.007828795437576997,7.42139261185902e-05,-0.007903709915323416,-0.007759112425834586
threshold,expanding,rf,x3,100,-0.007801359603960771,7.975557550782684e-05,-0.007871606229342139,-0.007749235735313109
threshold,expanding,rf,x3,200,-0.007799393578968793,8.289901799770032e-05,-0.007859864230164326,-0.007740213636028283
threshold,expanding,rf,x3,500,-0.007809117211604499,3.9901244257771354e-05,-0.00785138395311584,-0.007771791306938653
threshold,expanding,rf,x3,1000,-0.007845531923392256,2.013581137176981e-05,-0.007862997338071562,-0.007828982059624809
threshold,expanding,rf,x4,3,0.0008604411625330785,0.001364942148984491,-0.0001317589493689119,0.002380520506236392
threshold,expanding,rf,x4,6,0.0018291128255265205,0.0008828055803861998,0.0011133124329722754,0.0028874035249362526
threshold,expanding,rf,x4,8,0.0013159115664309884,0.0005761127845621281,0.0006265936789365011,0.0018312158045626547
threshold,expanding,rf,x4,12,0.0014277208402583609,0.0007303238192415507,0.0006233428902636438,0.0019525361979548647
threshold,expanding,rf,x4,18,0.0011738061443595192,0.0007454473115081482,0.00036318928832267865,0.001739757228676666
threshold,expanding,rf,x4,30,0.0010097152855673688,0.00042886540377416916,0.0005261864283558508,0.0013344248828303371
threshold,expanding,rf,x4,40,0.0012574919411374153,0.0004207357808252048,0.0007927679189629119,0.001566277069167306
threshold,expanding,rf,x4,60,0.001078922118691889,0.00038057230590128664,0.0006644168419392082,0.0014639729109531831
threshold,expanding,rf,x4,80,0.0011742850763277392,0.0002916596139175798,0.0008448646309158494,0.0014020421869592196
threshold,expanding,rf,x4,100,0.0012270881824878793,0.00027847415279820504,0.001066123069997077,0.0014187772636027357
threshold,expanding,rf,x4,200,0.0013287028154979517,0.00012450684166828653,0.0012216281076438283,0.0014478115959049298
threshold,expanding,rf,x4,500,0.001229277116650892,7.80135488428325e-05,0.0011644638633309659,0.001267028994869286
threshold,expanding,rf,x4,1000,0.0011898194788349174,3.3739831806306305e-05,0.0011534299874918323,0.0012220461662690418
threshold,expanding,rf,x5,3,-0.010622292238779935,0.0010351802483629029,-0.011492414976270703,-0.009785486742946818
threshold,expanding,rf,x5,6,-0.010254758871876896,0.00038600148442421354,-0.01061085870300925,-0.009874785920655988
threshold,expanding,rf,x5,8,-0.010244090854124619,0.00042668767462664386,-0.010646392497558615,-0.009740156325073775
threshold,expanding,rf,x5,12,-0.010145058539282836,0.00045791057042285984,-0.010493049525457087,-0.009892681021005732
threshold,expanding,rf,x5,18,-0.010077156415216459,0.0004229811715997911,-0.010488360354138764,-0.00968973210859113
threshold,expanding,rf,x5,30,-0.009890765582034552,0.00028369429077944173,-0.009971436032421727,-0.009723504591164864
threshold,expanding,rf,x5,40,-0.009974183329411445,0.00024120259327253368,-0.010118593701631805,-0.009801784651165563
threshold,expanding,rf,x5,60,-0.01017136013827587,0.00031260595341187796,-0.01047312978721978,-0.009840199671578509
threshold,expanding,rf,x5,80,-0.009978445898239855,0.00014008686866579344,-0.010090395648394888,-0.009864728286442213
threshold,expanding,rf,x5,100,-0.010193355439179841,0.0002684321617039409,-0.01043108502921493,-0.009936469357985851
threshold,expanding,rf,x5,200,-0.010139551246785707,0.00017161564292112133,-0.010309570648847381,-0.009946419678070452
threshold,expanding,rf,x5,500,-0.010068303771196623,6.544681869976314e-05,-0.010143078348110122,-0.010033179556315639
threshold,expanding,rf,x5,1000,-0.010067933392155216,4.902338823560925e-05,-0.01010779713432691,-0.01004468689859275
threshold,expanding,rf,x6,3,-0.00141223843692496,0.00048386632472632076,-0.0018619515529084325,-0.0010029419044090856
threshold,expanding,rf,x6,6,-0.0010652769113044201,0.0002457279220282779,-0.0012697002388420192,-0.0007923730725950228
threshold,expanding,rf,x6,8,-0.001005074334646732,0.0004192054590871041,-0.00134662379644918,-0.0006532954680867842
threshold,expanding,rf,x6,12,-0.0011882814932476133,0.00026628892292398165,-0.0014128161072408012,-0.0008637243353005153
threshold,expanding,rf,x6,18,-0.0011494772067587975,0.00021969103548983584,-0.001321179304765674,-0.0009343612540527878
threshold,expanding,rf,x6,30,-0.0009752313234911695,9.714716167403637e-05,-0.0010239662014267248,-0.0009251948935995268
threshold,expanding,rf,x6,40,-0.0010395920682410354,0.00021058531451190955,-0.0011978088420090019,-0.0008719068683137759
threshold,expanding,rf,x6,60,-0.0010661187983608206,0.00013556110893332997,-0.0011567263757644784,-0.0009347410270643499
threshold,expanding,rf,x6,80,-0.001063058872694177,8.145340194190624e-05,-0.0011458120123641758,-0.0009924855482470803
threshold,expanding,rf,x6,100,-0.0010992874022322221,5.4714786601791296e-05,-0.0011488828991883685,-0.0010445573340006876
threshold,expanding,rf,x6,200,-0.0010463601129466237,6.444647467919882e-05,-0.001116721998385808,-0.0010032934327808142
threshold,expanding,rf,x6,500,-0.001072563998217206,3.6362665742132864e-05,-0.0010997439970911764,-0.0010401457119560554
threshold,expanding,rf,x6,1000,-0.0010412376560576479,3.958064152405412e-05,-0.0010693752331580558,-0.0010152929683485666
threshold,expanding,xgboost,x1,3,-0.7093286213744061,0.002191317338347949,-0.7103441390979683,-0.7084298925452703
threshold,expanding,xgboost,x1,6,-0.7086972413127692,0.0019550004607531645,-0.7108250870922943,-0.7066668412043826
threshold,expanding,xgboost,x1,8,-0.7074324955158049,0.0013203785317914944,-0.7084958113636011,-0.7068280072173151
threshold,expanding,xgboost,x1,12,-0.706728572507469,0.0022089076048278588,-0.7088846580511529,-0.7047475584962003
threshold,expanding,xgboost,x1,18,-0.706837763166086,0.0016706696029145352,-0.708439279290308,-0.7055397081810744
threshold,expanding,xgboost,x1,30,-0.7065571207915025,0.0011814801536139967,-0.7079885330883127,-0.7056715827252122
threshold,expanding,xgboost,x1,40,-0.706862984229479,0.000642864387029192,-0.7072439779659829,-0.7063985596611057
threshold,expanding,xgboost,x1,60,-0.7067331329081299,0.0006897185194500256,-0.7072737386274924,-0.7059923405119887
threshold,expanding,xgboost,x1,80,-0.7071686199742099,0.0005968566411523865,-0.7077737571375691,-0.7065549361129613
threshold,expanding,xgboost,x1,100,-0.7067753309029221,0.0008147256660863615,-0.7074309670220729,-0.7060651645652416
threshold,expanding,xgboost,x1,200,-0.7069878621509889,0.00040991232702991873,-0.7073332296002511,-0.7065371393126559
threshold,expanding,xgboost,x1,500,-0.7068105821507668,0.00021049964400142058,-0.7069901838451398,-0.7067241521099352
threshold,expanding,xgboost,x1,1000,-0.7068104538489777,0.00021994159123398983,-0.7069441331993457,-0.7066265517402925
threshold,expanding,xgboost,x2,3,-1.3505781703323851,0.002756688766247618,-1.3527423638201956,-1.3480692940501136
threshold,expanding,xgboost,x2,6,-1.351466660049638,0.002821980988244305,-1.3549752064679639,-1.3490162197474937
threshold,expanding,xgboost,x2,8,-1.3519085504702237,0.001515887923444567,-1.3531929567986414,-1.3511860881411502
threshold,expanding,xgboost,x2,12,-1.3527701716943772,0.0021782311264704392,-1.3541731698968393,-1.35081098115639
threshold,expanding,xgboost,x2,18,-1.3526572200261775,0.0019511343403911183,-1.3546054275108284,-1.3512527842120963
threshold,expanding,xgboost,x2,30,-1.3524160019368126,0.001616608962567913,-1.3539645444162478,-1.3510946445867422
threshold,expanding,xgboost,x2,40,-1.352497051786428,0.0012813231517837434,-1.354013045435558,-1.3516923964953305
threshold,expanding,xgboost,x2,60,-1.3528171779017168,0.0006066825802696057,-1.35340211324017,-1.3526065430992724
threshold,expanding,xgboost,x2,80,-1.3520891871321947,0.0005344068493252658,-1.3526687704562395,-1.351494879239752
threshold,expanding,xgboost,x2,100,-1.352337241690172,0.0006795612246686638,-1.352873963437268,-1.3519408904533394
threshold,expanding,xgboost,x2,200,-1.3524375816707837,0.00032309086393638673,-1.3528082197571318,-1.3521556729766564
threshold,expanding,xgboost,x2,500,-1.352498390384124,0.00018089516738054403,-1.3526380996555678,-1.352374790035452
threshold,expanding,xgboost,x2,1000,-1.3525639871482378,0.00024214024991153681,-1.352690900050169,-1.3523704390418372
threshold,expanding,xgboost,x3,3,-0.06700600292982428,0.0030013591803058287,-0.07033594787147847,-0.06533160164042821
threshold,expanding,xgboost,x3,6,-0.0672333348278192,0.0012990555489956013,-0.06811786426971203,-0.06567022810579977
threshold,expanding,xgboost,x3,8,-0.06831574376555337,0.0019410016754221266,-0.07045403257896422,-0.06699778036857379
threshold,expanding,xgboost,x3,12,-0.06812411702814679,0.0012246996803673658,-0.06930205108636293,-0.067012000125346
threshold,expanding,xgboost,x3,18,-0.06797885349427266,0.001634867823558187,-0.06941649694587954,-0.06640019137415684
threshold,expanding,xgboost,x3,30,-0.06801303132282993,0.000818568528539347,-0.06857737343654248,-0.06710858769782437
threshold,expanding,xgboost,x3,40,-0.06781480365109366,0.0012963290600863672,-0.06944111418179941,-0.06652709010619112
threshold,expanding,xgboost,x3,60,-0.06769637214845818,0.0005607733148602214,-0.06812708720214646,-0.06703620105392177
threshold,expanding,xgboost,x3,80,-0.06788167427502136,0.0004995586937028731,-0.06829366226407158,-0.06746972877791141
threshold,expanding,xgboost,x3,100,-0.06814221536657261,0.000444110995252328,-0.0685903126371642,-0.06759850487256013
threshold,expanding,xgboost,x3,200,-0.06791470131055408,0.0004606378662572745,-0.06844165915410472,-0.06758920111083344
threshold,expanding,xgboost,x3,500,-0.0680307629659091,0.00025947946559691016,-0.06828000140859289,-0.0677884463157406
threshold,expanding,xgboost,x3,1000,-0.06778377889271191,0.00016534644513958367,-0.06793326628044097,-0.06761976327583137
threshold,expanding,xgboost,x4,3,0.030678271574120546,0.003259307076983576,0.027338187130735127,0.03376558504631756
threshold,expanding,xgboost,x4,6,0.031954586008640026,0.002329758390936536,0.02985200159505353,0.03441719019666324
threshold,expanding,xgboost,x4,8,0.03111203295841561,0.0010399618752733515,0.030173875659393997,0.03195818231166538
threshold,expanding,xgboost,x4,12,0.03143353361485402,0.0018222357528956835,0.029542639127471987,0.03268821408429427
threshold,expanding,xgboost,x4,18,0.031437914019755236,0.0014144556117069097,0.030558326466279963,0.0328929765326762
threshold,expanding,xgboost,x4,30,0.030778966947999642,0.0010756766208219442,0.030096010780876554,0.03194394469708078
threshold,expanding,xgboost,x4,40,0.031061220962213237,0.001208028671549507,0.03016592355797214,0.03243981196592238
threshold,expanding,xgboost,x4,60,0.03109056466028271,0.0010308737457557886,0.029985684452537815,0.0321914623897272
threshold,expanding,xgboost,x4,80,0.03087561780981832,0.0006723310254874767,0.03019795937662621,0.03143081301177719
threshold,expanding,xgboost,x4,100,0.031137629404598674,0.000595677684794966,0.030556357043130512,0.03167387488293161
threshold,expanding,xgboost,x4,200,0.031110948702751388,0.00027417692343284294,0.030830046867666452,0.031393847590597185
threshold,expanding,xgboost,x4,500,0.031118923593226874,0.00024007531663244522,0.030949267516934213,0.03129105069403019
threshold,expanding,xgboost,x4,1000,0.03099920518419664,0.00017663911373365292,0.030858097569979093,0.031185849782222996
threshold,expanding,xgboost,x5,3,-0.02272574787024661,0.001178026184649156,-0.023275132637494332,-0.02217240950752019
threshold,expanding,xgboost,x5,6,-0.023235306453486114,0.0009136819804091472,-0.02406313799310041,-0.022599375615092065
threshold,expanding,xgboost,x5,8,-0.022867576958863732,0.0010167601833727044,-0.02395777263451081,-0.02170815166469674
threshold,expanding,xgboost,x5,12,-0.022691061186229267,0.00044988977893790693,-0.0231875133440263,-0.022176578220780334
threshold,expanding,xgboost,x5,18,-0.022991277839297795,0.0004401214629135737,-0.023271367133649905,-0.022690693064578618
threshold,expanding,xgboost,x5,30,-0.02264491208142808,0.0003606160277761107,-0.02296150744126153,-0.02236361715022206
threshold,expanding,xgboost,x5,40,-0.022850635615417777,0.00032611705989812006,-0.023181394768178834,-0.0225659293996415
threshold,expanding,xgboost,x5,60,-0.022849431430650498,0.00025244306555682763,-0.023035989977386227,-0.022644020350313505
threshold,expanding,xgboost,x5,80,-0.02282419657318873,0.00030812648681653797,-0.023088707147780642,-0.022566233272587416
threshold,expanding,xgboost,x5,100,-0.02294406821546859,0.00015644055461746595,-0.023133914096373866,-0.022790492861524524
threshold,expanding,xgboost,x5,200,-0.02288242626601967,0.00011940929642342611,-0.022933240223044042,-0.02280303350386204
threshold,expanding,xgboost,x5,500,-0.022861588261691778,0.00011885091440472249,-0.022948844904139273,-0.022767976898939463
threshold,expanding,xgboost,x5,1000,-0.02289929959241748,8.723784782188344e-05,-0.022978857020322624,-0.022820410205598683
threshold,expanding,xgboost,x6,3,0.006425967995576172,0.0010596883343429412,0.005310430643079836,0.007236133237227891
threshold,expanding,xgboost,x6,6,0.006143653697907009,0.0008911737019705603,0.005325299996711233,0.0067758691328526814
threshold,expanding,xgboost,x6,8,0.006878030814864548,0.0006265167141802998,0.006376782948683221,0.0073262256965883985
threshold,expanding,xgboost,x6,12,0.006346085864202917,0.00030225190239854333,0.005951486397271748,0.006587444069580222
threshold,expanding,xgboost,x6,18,0.0064928975689132334,0.0005012730693858881,0.005951290664313917,0.007007234380792004
threshold,expanding,xgboost,x6,30,0.0063177962474084345,0.0005173333092298305,0.0059559137575994885,0.006848330732905023
threshold,expanding,xgboost,x6,40,0.006429951383039983,0.00022559939812153795,0.0062175908917468225,0.0067045980700528056
threshold,expanding,xgboost,x6,60,0.006471246791507726,0.00018528254034937868,0.006344764733351708,0.006523964816242629
threshold,expanding,xgboost,x6,80,0.0065537572076310386,0.00021152255753736725,0.006343373583471267,0.006699543171134099
threshold,expanding,xgboost,x6,100,0.006526923833371299,0.00017550278463498542,0.006396431100145721,0.006643102570652886
threshold,expanding,xgboost,x6,200,0.006577319758429697,0.00015101998499463562,0.006434426813390089,0.006677254412022835
threshold,expanding,xgboost,x6,500,0.006548097232099305,5.498300892744419e-05,0.006492134617671772,0.0066101096976244385
threshold,expanding,xgboost,x6,1000,0.006524011360982975,3.551353707112249e-05,0.006498624950104745,0.006554319896763225
