horizon,model,model_label,comparison,comparison_label,weighting_source,null_type,mas,p_value,msdr,expected_msdr,null_alpha,n_sims,seed,n_predictors,n_good_gpbsv,n_bad_gpbsv,n_dropped_base,n_dropped_zero_weight,n_dropped_missing,comparison_role,left_object,right_object,left_transform,left_rank_type,right_rank_type,normalizer_alpha,pvalue_null_alpha,right_source_sha256,n_structural_zero,n_exact_net_zero_left,n_near_zero_left,n_good_left,n_bad_left,tie_method,zero_sign_rule
1,pca,PCA,is_shapley_vs_oos_gpbsv,Current: IS Shapley VI vs OOS GPBSV,ishapley_vi,signed,0.5580428631873304,0.003034,4245.475525495419,9606.079802473989,0.6666666666666666,1000000,20260602,121,66.0,55.0,1,0,0,existing_referee_variant,ishapley_vi,pbsv_rmse,identity,ordinary,signed,0.5,0.6666666666666666,93379958c744fd0153d17d1e5e35b45f9c05b75ee5175f804af5576c14055caf,0,0,0,,,average,value >= 0 is non-improving
1,enet,ENet,is_shapley_vs_oos_gpbsv,Current: IS Shapley VI vs OOS GPBSV,ishapley_vi,signed,0.5459668247048528,0.028749,4060.214344566375,8942.549940160225,0.6666666666666666,1000000,20260602,102,56.0,46.0,1,19,0,existing_referee_variant,ishapley_vi,pbsv_rmse,identity,ordinary,signed,0.5,0.6666666666666666,93379958c744fd0153d17d1e5e35b45f9c05b75ee5175f804af5576c14055caf,0,18,1,,,average,value >= 0 is non-improving
1,rf_cv,RF,is_shapley_vs_oos_gpbsv,Current: IS Shapley VI vs OOS GPBSV,ishapley_vi,signed,0.8599290151661536,0.0,1593.48195323817,11376.245802286425,0.6666666666666666,1000000,20260602,121,90.0,31.0,1,0,0,existing_referee_variant,ishapley_vi,pbsv_rmse,identity,ordinary,signed,0.5,0.6666666666666666,93379958c744fd0153d17d1e5e35b45f9c05b75ee5175f804af5576c14055caf,0,0,0,,,average,value >= 0 is non-improving
1,xgb_cv,XGBoost,is_shapley_vs_oos_gpbsv,Current: IS Shapley VI vs OOS GPBSV,ishapley_vi,signed,0.4991355588037746,0.035066,4901.91107371459,9786.901745325042,0.6666666666666666,1000000,20260602,121,72.0,49.0,1,0,0,existing_referee_variant,ishapley_vi,pbsv_rmse,identity,ordinary,signed,0.5,0.6666666666666666,93379958c744fd0153d17d1e5e35b45f9c05b75ee5175f804af5576c14055caf,0,0,0,,,average,value >= 0 is non-improving
1,nn_comb,Neural net,is_shapley_vs_oos_gpbsv,Current: IS Shapley VI vs OOS GPBSV,ishapley_vi,signed,0.5695740918125473,0.001144,3855.9333242952835,8958.413633911656,0.6666666666666666,1000000,20260602,121,80.0,41.0,1,0,0,existing_referee_variant,ishapley_vi,pbsv_rmse,identity,ordinary,signed,0.5,0.6666666666666666,93379958c744fd0153d17d1e5e35b45f9c05b75ee5175f804af5576c14055caf,0,0,0,,,average,value >= 0 is non-improving
1,lin_comb,Linear combination,is_shapley_vs_oos_gpbsv,Current: IS Shapley VI vs OOS GPBSV,ishapley_vi,signed,0.6488770496442171,0.000153,3801.9090813033695,10827.856958512692,0.6666666666666666,1000000,20260602,121,71.0,50.0,1,0,0,existing_referee_variant,ishapley_vi,pbsv_rmse,identity,ordinary,signed,0.5,0.6666666666666666,93379958c744fd0153d17d1e5e35b45f9c05b75ee5175f804af5576c14055caf,0,0,0,,,average,value >= 0 is non-improving
1,nonlin_comb,Nonlinear combination,is_shapley_vs_oos_gpbsv,Current: IS Shapley VI vs OOS GPBSV,ishapley_vi,signed,0.6672232936059588,8e-06,3107.9168021308506,9339.34600113135,0.6666666666666666,1000000,20260602,121,81.0,40.0,1,0,0,existing_referee_variant,ishapley_vi,pbsv_rmse,identity,ordinary,signed,0.5,0.6666666666666666,93379958c744fd0153d17d1e5e35b45f9c05b75ee5175f804af5576c14055caf,0,0,0,,,average,value >= 0 is non-improving
1,all_comb,All models combination,is_shapley_vs_oos_gpbsv,Current: IS Shapley VI vs OOS GPBSV,ishapley_vi,signed,0.7088122403481554,0.0,2834.388875357526,9733.88743656818,0.6666666666666666,1000000,20260602,121,81.0,40.0,1,0,0,existing_referee_variant,ishapley_vi,pbsv_rmse,identity,ordinary,signed,0.5,0.6666666666666666,93379958c744fd0153d17d1e5e35b45f9c05b75ee5175f804af5576c14055caf,0,0,0,,,average,value >= 0 is non-improving
1,pca,PCA,is_shapley_vs_oos_shapley,Check 1: IS Shapley VI vs OOS Shapley VI,ishapley_vi,ordinary,0.9582600593029525,0.0,115.95148456161847,2777.950390567292,0.6666666666666666,1000000,20260602,121,,,1,0,0,existing_referee_variant,ishapley_vi,oshapley_vi,identity,ordinary,ordinary,,0.6666666666666666,,0,0,0,,,average,value >= 0 is non-improving
1,enet,ENet,is_shapley_vs_oos_shapley,Check 1: IS Shapley VI vs OOS Shapley VI,ishapley_vi,ordinary,0.9906129905073578,0.0,23.210712293521127,2472.6418261017375,0.6666666666666666,1000000,20260602,102,,,1,19,0,existing_referee_variant,ishapley_vi,oshapley_vi,identity,ordinary,ordinary,,0.6666666666666666,,0,18,1,,,average,value >= 0 is non-improving
1,rf_cv,RF,is_shapley_vs_oos_shapley,Check 1: IS Shapley VI vs OOS Shapley VI,ishapley_vi,ordinary,0.9828835802653816,0.0,57.47000344315678,3357.5948904152124,0.6666666666666666,1000000,20260602,121,,,1,0,0,existing_referee_variant,ishapley_vi,oshapley_vi,identity,ordinary,ordinary,,0.6666666666666666,,0,0,0,,,average,value >= 0 is non-improving
1,xgb_cv,XGBoost,is_shapley_vs_oos_shapley,Check 1: IS Shapley VI vs OOS Shapley VI,ishapley_vi,ordinary,0.9675783751919131,0.0,94.34946567333833,2910.0782651030213,0.6666666666666666,1000000,20260602,121,,,1,0,0,existing_referee_variant,ishapley_vi,oshapley_vi,identity,ordinary,ordinary,,0.6666666666666666,,0,0,0,,,average,value >= 0 is non-improving
1,nn_comb,Neural net,is_shapley_vs_oos_shapley,Check 1: IS Shapley VI vs OOS Shapley VI,ishapley_vi,ordinary,0.9517342314970934,0.0,132.31760092797012,2741.4377732326316,0.6666666666666666,1000000,20260602,121,,,1,0,0,existing_referee_variant,ishapley_vi,oshapley_vi,identity,ordinary,ordinary,,0.6666666666666666,,0,0,0,,,average,value >= 0 is non-improving
1,lin_comb,Linear combination,is_shapley_vs_oos_shapley,Check 1: IS Shapley VI vs OOS Shapley VI,ishapley_vi,ordinary,0.9720634355045845,0.0,86.20791685805371,3085.8453218970712,0.6666666666666666,1000000,20260602,121,,,1,0,0,existing_referee_variant,ishapley_vi,oshapley_vi,identity,ordinary,ordinary,,0.6666666666666666,,0,0,0,,,average,value >= 0 is non-improving
1,nonlin_comb,Nonlinear combination,is_shapley_vs_oos_shapley,Check 1: IS Shapley VI vs OOS Shapley VI,ishapley_vi,ordinary,0.9587616926606909,0.0,117.68599847051235,2853.8028368184705,0.6666666666666666,1000000,20260602,121,,,1,0,0,existing_referee_variant,ishapley_vi,oshapley_vi,identity,ordinary,ordinary,,0.6666666666666666,,0,0,0,,,average,value >= 0 is non-improving
1,all_comb,All models combination,is_shapley_vs_oos_shapley,Check 1: IS Shapley VI vs OOS Shapley VI,ishapley_vi,ordinary,0.9520122969352356,0.0,140.79062884200172,2933.8897227898146,0.6666666666666666,1000000,20260602,121,,,1,0,0,existing_referee_variant,ishapley_vi,oshapley_vi,identity,ordinary,ordinary,,0.6666666666666666,,0,0,0,,,average,value >= 0 is non-improving
1,pca,PCA,oos_shapley_vs_oos_gpbsv,Check 2: OOS Shapley VI vs OOS GPBSV,oshapley_vi,signed,0.5439534406273507,0.004965,4382.484987887212,9609.73150179202,0.6666666666666666,1000000,20260602,121,66.0,55.0,1,0,0,existing_referee_variant,oshapley_vi,pbsv_rmse,identity,ordinary,signed,0.5,0.6666666666666666,93379958c744fd0153d17d1e5e35b45f9c05b75ee5175f804af5576c14055caf,0,0,0,,,average,value >= 0 is non-improving
1,enet,ENet,oos_shapley_vs_oos_gpbsv,Check 2: OOS Shapley VI vs OOS GPBSV,oshapley_vi,signed,0.5259459495700707,0.04959,4176.117135794299,8809.36916793959,0.6666666666666666,1000000,20260602,101,55.0,46.0,1,20,0,existing_referee_variant,oshapley_vi,pbsv_rmse,identity,ordinary,signed,0.5,0.6666666666666666,93379958c744fd0153d17d1e5e35b45f9c05b75ee5175f804af5576c14055caf,0,0,20,,,average,value >= 0 is non-improving
1,rf_cv,RF,oos_shapley_vs_oos_gpbsv,Check 2: OOS Shapley VI vs OOS GPBSV,oshapley_vi,signed,0.8612247044836806,0.0,1573.618376815877,11339.326433866794,0.6666666666666666,1000000,20260602,121,90.0,31.0,1,0,0,existing_referee_variant,oshapley_vi,pbsv_rmse,identity,ordinary,signed,0.5,0.6666666666666666,93379958c744fd0153d17d1e5e35b45f9c05b75ee5175f804af5576c14055caf,0,0,0,,,average,value >= 0 is non-improving
1,xgb_cv,XGBoost,oos_shapley_vs_oos_gpbsv,Check 2: OOS Shapley VI vs OOS GPBSV,oshapley_vi,signed,0.46144359777518995,0.086402,5200.252283092403,9655.91024748724,0.6666666666666666,1000000,20260602,121,72.0,49.0,1,0,0,existing_referee_variant,oshapley_vi,pbsv_rmse,identity,ordinary,signed,0.5,0.6666666666666666,93379958c744fd0153d17d1e5e35b45f9c05b75ee5175f804af5576c14055caf,0,0,0,,,average,value >= 0 is non-improving
1,nn_comb,Neural net,oos_shapley_vs_oos_gpbsv,Check 2: OOS Shapley VI vs OOS GPBSV,oshapley_vi,signed,0.5690103875745436,0.00136,3928.788217050155,9115.737604301716,0.6666666666666666,1000000,20260602,121,80.0,41.0,1,0,0,existing_referee_variant,oshapley_vi,pbsv_rmse,identity,ordinary,signed,0.5,0.6666666666666666,93379958c744fd0153d17d1e5e35b45f9c05b75ee5175f804af5576c14055caf,0,0,0,,,average,value >= 0 is non-improving
1,lin_comb,Linear combination,oos_shapley_vs_oos_gpbsv,Check 2: OOS Shapley VI vs OOS GPBSV,oshapley_vi,signed,0.6597111306645174,9e-05,3715.339347073662,10918.192400265661,0.6666666666666666,1000000,20260602,121,71.0,50.0,1,0,0,existing_referee_variant,oshapley_vi,pbsv_rmse,identity,ordinary,signed,0.5,0.6666666666666666,93379958c744fd0153d17d1e5e35b45f9c05b75ee5175f804af5576c14055caf,0,0,0,,,average,value >= 0 is non-improving
1,nonlin_comb,Nonlinear combination,oos_shapley_vs_oos_gpbsv,Check 2: OOS Shapley VI vs OOS GPBSV,oshapley_vi,signed,0.665846843003191,9e-06,3146.2041146006804,9415.455304618668,0.6666666666666666,1000000,20260602,121,81.0,40.0,1,0,0,existing_referee_variant,oshapley_vi,pbsv_rmse,identity,ordinary,signed,0.5,0.6666666666666666,93379958c744fd0153d17d1e5e35b45f9c05b75ee5175f804af5576c14055caf,0,0,0,,,average,value >= 0 is non-improving
1,all_comb,All models combination,oos_shapley_vs_oos_gpbsv,Check 2: OOS Shapley VI vs OOS GPBSV,oshapley_vi,signed,0.7190520790446671,0.0,2764.665512412853,9840.491088212748,0.6666666666666666,1000000,20260602,121,81.0,40.0,1,0,0,existing_referee_variant,oshapley_vi,pbsv_rmse,identity,ordinary,signed,0.5,0.6666666666666666,93379958c744fd0153d17d1e5e35b45f9c05b75ee5175f804af5576c14055caf,0,0,0,,,average,value >= 0 is non-improving
1,pca,PCA,is_gpbsv_abs_vs_saved_oos_gpbsv_signed,IS GPBSV robustness: abs(IS GPBSV) vs saved OOS GPBSV,is_gpbsv_abs,signed,0.6808657228502745,2.3999976000024e-05,3829.054266116385,11998.254466159835,0.6666666666666666,1000000,274089590,121,66.0,55.0,1,0,0,primary_mas_style_robustness,is_gpbsv_abs,pbsv_rmse,abs,ordinary,signed,0.5,0.6666666666666666,93379958c744fd0153d17d1e5e35b45f9c05b75ee5175f804af5576c14055caf,0,0,0,,,average,value >= 0 is non-improving
1,enet,ENet,is_gpbsv_abs_vs_saved_oos_gpbsv_signed,IS GPBSV robustness: abs(IS GPBSV) vs saved OOS GPBSV,is_gpbsv_abs,signed,0.5916976558589278,0.01735098264901735,5750.641216162028,14084.271860499359,0.6666666666666666,1000000,948441032,121,57.0,64.0,1,0,0,primary_mas_style_robustness,is_gpbsv_abs,pbsv_rmse,abs,ordinary,signed,0.5,0.6666666666666666,93379958c744fd0153d17d1e5e35b45f9c05b75ee5175f804af5576c14055caf,0,2,21,,,average,value >= 0 is non-improving
1,rf_cv,RF,is_gpbsv_abs_vs_saved_oos_gpbsv_signed,IS GPBSV robustness: abs(IS GPBSV) vs saved OOS GPBSV,is_gpbsv_abs,signed,0.8681960131660232,9.99999000001e-07,1550.0999944541695,11760.645726192712,0.6666666666666666,1000000,3415975564,121,90.0,31.0,1,0,0,primary_mas_style_robustness,is_gpbsv_abs,pbsv_rmse,abs,ordinary,signed,0.5,0.6666666666666666,93379958c744fd0153d17d1e5e35b45f9c05b75ee5175f804af5576c14055caf,0,0,0,,,average,value >= 0 is non-improving
1,xgb_cv,XGBoost,is_gpbsv_abs_vs_saved_oos_gpbsv_signed,IS GPBSV robustness: abs(IS GPBSV) vs saved OOS GPBSV,is_gpbsv_abs,signed,0.6011162606859044,0.004082995917004083,4665.912488399953,11697.424659183318,0.6666666666666666,1000000,3133656200,121,72.0,49.0,1,0,0,primary_mas_style_robustness,is_gpbsv_abs,pbsv_rmse,abs,ordinary,signed,0.5,0.6666666666666666,93379958c744fd0153d17d1e5e35b45f9c05b75ee5175f804af5576c14055caf,0,0,0,,,average,value >= 0 is non-improving
1,nn_comb,Neural net,is_gpbsv_abs_vs_saved_oos_gpbsv_signed,IS GPBSV robustness: abs(IS GPBSV) vs saved OOS GPBSV,is_gpbsv_abs,signed,0.7576683442985014,9.99999000001e-07,2925.117850272366,12070.721185000664,0.6666666666666666,1000000,3935362224,121,80.0,41.0,1,0,0,primary_mas_style_robustness,is_gpbsv_abs,pbsv_rmse,abs,ordinary,signed,0.5,0.6666666666666666,93379958c744fd0153d17d1e5e35b45f9c05b75ee5175f804af5576c14055caf,0,0,0,,,average,value >= 0 is non-improving
1,lin_comb,Linear combination,is_gpbsv_abs_vs_saved_oos_gpbsv_signed,IS GPBSV robustness: abs(IS GPBSV) vs saved OOS GPBSV,is_gpbsv_abs,signed,0.7538826654788946,1.999998000002e-06,3157.8917503446473,12830.838414893717,0.6666666666666666,1000000,1321789150,121,71.0,50.0,1,0,0,primary_mas_style_robustness,is_gpbsv_abs,pbsv_rmse,abs,ordinary,signed,0.5,0.6666666666666666,93379958c744fd0153d17d1e5e35b45f9c05b75ee5175f804af5576c14055caf,0,0,0,,,average,value >= 0 is non-improving
1,nonlin_comb,Nonlinear combination,is_gpbsv_abs_vs_saved_oos_gpbsv_signed,IS GPBSV robustness: abs(IS GPBSV) vs saved OOS GPBSV,is_gpbsv_abs,signed,0.7854700994022216,9.99999000001e-07,2472.0260425975493,11522.9906680111,0.6666666666666666,1000000,159976956,121,81.0,40.0,1,0,0,primary_mas_style_robustness,is_gpbsv_abs,pbsv_rmse,abs,ordinary,signed,0.5,0.6666666666666666,93379958c744fd0153d17d1e5e35b45f9c05b75ee5175f804af5576c14055caf,0,0,0,,,average,value >= 0 is non-improving
1,all_comb,All models combination,is_gpbsv_abs_vs_saved_oos_gpbsv_signed,IS GPBSV robustness: abs(IS GPBSV) vs saved OOS GPBSV,is_gpbsv_abs,signed,0.7990112991444228,9.99999000001e-07,2352.561115203444,11704.942144453704,0.6666666666666666,1000000,924288538,121,81.0,40.0,1,0,0,primary_mas_style_robustness,is_gpbsv_abs,pbsv_rmse,abs,ordinary,signed,0.5,0.6666666666666666,93379958c744fd0153d17d1e5e35b45f9c05b75ee5175f804af5576c14055caf,0,0,0,,,average,value >= 0 is non-improving
1,pca,PCA,is_gpbsv_signed_vs_saved_oos_gpbsv_signed,IS GPBSV concordance: signed IS GPBSV vs saved OOS GPBSV,is_gpbsv_abs,signed,0.7467341607782224,8.999991000009e-06,2411.6588546462553,9522.242960427187,0.6666666666666666,1000000,1863991319,121,66.0,55.0,1,0,0,signed_concordance_companion,is_gpbsv_signed,pbsv_rmse,identity,signed,signed,0.5,0.6666666666666666,93379958c744fd0153d17d1e5e35b45f9c05b75ee5175f804af5576c14055caf,0,0,0,108.0,13.0,average,value >= 0 is non-improving
1,enet,ENet,is_gpbsv_signed_vs_saved_oos_gpbsv_signed,IS GPBSV concordance: signed IS GPBSV vs saved OOS GPBSV,is_gpbsv_abs,signed,0.6975113370883173,0.012555987444012555,2696.455221668575,8914.235646761597,0.6666666666666666,1000000,257929161,121,57.0,64.0,1,0,0,signed_concordance_companion,is_gpbsv_signed,pbsv_rmse,identity,signed,signed,0.5,0.6666666666666666,93379958c744fd0153d17d1e5e35b45f9c05b75ee5175f804af5576c14055caf,0,2,21,95.0,26.0,average,value >= 0 is non-improving
1,rf_cv,RF,is_gpbsv_signed_vs_saved_oos_gpbsv_signed,IS GPBSV concordance: signed IS GPBSV vs saved OOS GPBSV,is_gpbsv_abs,signed,0.8681960131660232,9.99999000001e-07,1550.0999944541695,11760.645726192712,0.6666666666666666,1000000,787853641,121,90.0,31.0,1,0,0,signed_concordance_companion,is_gpbsv_signed,pbsv_rmse,identity,signed,signed,0.5,0.6666666666666666,93379958c744fd0153d17d1e5e35b45f9c05b75ee5175f804af5576c14055caf,0,0,0,121.0,0.0,average,value >= 0 is non-improving
1,xgb_cv,XGBoost,is_gpbsv_signed_vs_saved_oos_gpbsv_signed,IS GPBSV concordance: signed IS GPBSV vs saved OOS GPBSV,is_gpbsv_abs,signed,0.6011162606859044,0.004032995967004033,4665.912488399953,11697.424659183318,0.6666666666666666,1000000,2366815297,121,72.0,49.0,1,0,0,signed_concordance_companion,is_gpbsv_signed,pbsv_rmse,identity,signed,signed,0.5,0.6666666666666666,93379958c744fd0153d17d1e5e35b45f9c05b75ee5175f804af5576c14055caf,0,0,0,121.0,0.0,average,value >= 0 is non-improving
1,nn_comb,Neural net,is_gpbsv_signed_vs_saved_oos_gpbsv_signed,IS GPBSV concordance: signed IS GPBSV vs saved OOS GPBSV,is_gpbsv_abs,signed,0.8190576186141463,9.99999000001e-07,1733.0072071092486,9577.674361506648,0.6666666666666666,1000000,1499559344,121,80.0,41.0,1,0,0,signed_concordance_companion,is_gpbsv_signed,pbsv_rmse,identity,signed,signed,0.5,0.6666666666666666,93379958c744fd0153d17d1e5e35b45f9c05b75ee5175f804af5576c14055caf,0,0,0,108.0,13.0,average,value >= 0 is non-improving
1,lin_comb,Linear combination,is_gpbsv_signed_vs_saved_oos_gpbsv_signed,IS GPBSV concordance: signed IS GPBSV vs saved OOS GPBSV,is_gpbsv_abs,signed,0.7850247191805665,1.999998000002e-06,2450.875506083887,11400.73173409401,0.6666666666666666,1000000,3727199356,121,71.0,50.0,1,0,0,signed_concordance_companion,is_gpbsv_signed,pbsv_rmse,identity,signed,signed,0.5,0.6666666666666666,93379958c744fd0153d17d1e5e35b45f9c05b75ee5175f804af5576c14055caf,0,0,0,114.0,7.0,average,value >= 0 is non-improving
1,nonlin_comb,Nonlinear combination,is_gpbsv_signed_vs_saved_oos_gpbsv_signed,IS GPBSV concordance: signed IS GPBSV vs saved OOS GPBSV,is_gpbsv_abs,signed,0.7854700994022216,9.99999000001e-07,2472.0260425975493,11522.9906680111,0.6666666666666666,1000000,3735478314,121,81.0,40.0,1,0,0,signed_concordance_companion,is_gpbsv_signed,pbsv_rmse,identity,signed,signed,0.5,0.6666666666666666,93379958c744fd0153d17d1e5e35b45f9c05b75ee5175f804af5576c14055caf,0,0,0,121.0,0.0,average,value >= 0 is non-improving
1,all_comb,All models combination,is_gpbsv_signed_vs_saved_oos_gpbsv_signed,IS GPBSV concordance: signed IS GPBSV vs saved OOS GPBSV,is_gpbsv_abs,signed,0.7990112991444228,9.99999000001e-07,2352.561115203444,11704.942144453704,0.6666666666666666,1000000,1872473080,121,81.0,40.0,1,0,0,signed_concordance_companion,is_gpbsv_signed,pbsv_rmse,identity,signed,signed,0.5,0.6666666666666666,93379958c744fd0153d17d1e5e35b45f9c05b75ee5175f804af5576c14055caf,0,0,0,121.0,0.0,average,value >= 0 is non-improving
3,pca,PCA,is_shapley_vs_oos_gpbsv,Current: IS Shapley VI vs OOS GPBSV,ishapley_vi,signed,0.5461967038050662,0.005239,4229.180373842271,9319.413078977732,0.6666666666666666,1000000,20260602,121,68.0,53.0,1,0,0,existing_referee_variant,ishapley_vi,pbsv_rmse,identity,ordinary,signed,0.5,0.6666666666666666,b124956393154f1669791299ee7e329912942abecd7189a26c2dbdfbbbd7b47c,0,0,0,,,average,value >= 0 is non-improving
3,enet,ENet,is_shapley_vs_oos_gpbsv,Current: IS Shapley VI vs OOS GPBSV,ishapley_vi,signed,0.3241420476108279,0.463324,5072.139416275835,7504.741785379184,0.6666666666666666,1000000,20260602,92,43.0,49.0,1,29,0,existing_referee_variant,ishapley_vi,pbsv_rmse,identity,ordinary,signed,0.5,0.6666666666666666,b124956393154f1669791299ee7e329912942abecd7189a26c2dbdfbbbd7b47c,0,28,1,,,average,value >= 0 is non-improving
3,rf_cv,RF,is_shapley_vs_oos_gpbsv,Current: IS Shapley VI vs OOS GPBSV,ishapley_vi,signed,0.6077572035418048,0.000606,4204.888297458039,10720.116049106822,0.6666666666666666,1000000,20260602,121,68.0,53.0,1,0,0,existing_referee_variant,ishapley_vi,pbsv_rmse,identity,ordinary,signed,0.5,0.6666666666666666,b124956393154f1669791299ee7e329912942abecd7189a26c2dbdfbbbd7b47c,0,0,0,,,average,value >= 0 is non-improving
3,xgb_cv,XGBoost,is_shapley_vs_oos_gpbsv,Current: IS Shapley VI vs OOS GPBSV,ishapley_vi,signed,0.2658717038815026,0.690792,7313.701693616162,9962.429908076503,0.6666666666666666,1000000,20260602,121,55.0,66.0,1,0,0,existing_referee_variant,ishapley_vi,pbsv_rmse,identity,ordinary,signed,0.5,0.6666666666666666,b124956393154f1669791299ee7e329912942abecd7189a26c2dbdfbbbd7b47c,0,0,0,,,average,value >= 0 is non-improving
3,nn_comb,Neural net,is_shapley_vs_oos_gpbsv,Current: IS Shapley VI vs OOS GPBSV,ishapley_vi,signed,0.5533743508031742,0.003761,4321.501112305685,9675.891028822709,0.6666666666666666,1000000,20260602,121,74.0,47.0,1,0,0,existing_referee_variant,ishapley_vi,pbsv_rmse,identity,ordinary,signed,0.5,0.6666666666666666,b124956393154f1669791299ee7e329912942abecd7189a26c2dbdfbbbd7b47c,0,0,0,,,average,value >= 0 is non-improving
3,lin_comb,Linear combination,is_shapley_vs_oos_gpbsv,Current: IS Shapley VI vs OOS GPBSV,ishapley_vi,signed,0.5457729766495536,0.011716,4895.213918334311,10777.02044723469,0.6666666666666666,1000000,20260602,121,69.0,52.0,1,0,0,existing_referee_variant,ishapley_vi,pbsv_rmse,identity,ordinary,signed,0.5,0.6666666666666666,b124956393154f1669791299ee7e329912942abecd7189a26c2dbdfbbbd7b47c,0,0,0,,,average,value >= 0 is non-improving
3,nonlin_comb,Nonlinear combination,is_shapley_vs_oos_gpbsv,Current: IS Shapley VI vs OOS GPBSV,ishapley_vi,signed,0.5834009452801672,0.001283,4080.785053330223,9795.473626493447,0.6666666666666666,1000000,20260602,121,72.0,49.0,1,0,0,existing_referee_variant,ishapley_vi,pbsv_rmse,identity,ordinary,signed,0.5,0.6666666666666666,b124956393154f1669791299ee7e329912942abecd7189a26c2dbdfbbbd7b47c,0,0,0,,,average,value >= 0 is non-improving
3,all_comb,All models combination,is_shapley_vs_oos_gpbsv,Current: IS Shapley VI vs OOS GPBSV,ishapley_vi,signed,0.6042842622319348,0.000661,4034.554891107319,10195.58866640788,0.6666666666666666,1000000,20260602,121,72.0,49.0,1,0,0,existing_referee_variant,ishapley_vi,pbsv_rmse,identity,ordinary,signed,0.5,0.6666666666666666,b124956393154f1669791299ee7e329912942abecd7189a26c2dbdfbbbd7b47c,0,0,0,,,average,value >= 0 is non-improving
3,pca,PCA,is_shapley_vs_oos_shapley,Check 1: IS Shapley VI vs OOS Shapley VI,ishapley_vi,ordinary,0.9459627871748328,0.0,148.42463545285784,2746.7115288324194,0.6666666666666666,1000000,20260602,121,,,1,0,0,existing_referee_variant,ishapley_vi,oshapley_vi,identity,ordinary,ordinary,,0.6666666666666666,,0,0,0,,,average,value >= 0 is non-improving
3,enet,ENet,is_shapley_vs_oos_shapley,Check 1: IS Shapley VI vs OOS Shapley VI,ishapley_vi,ordinary,0.9943251810987317,0.0,11.797172843419364,2078.8633168157453,0.6666666666666666,1000000,20260602,92,,,1,29,0,existing_referee_variant,ishapley_vi,oshapley_vi,identity,ordinary,ordinary,,0.6666666666666666,,0,28,1,,,average,value >= 0 is non-improving
3,rf_cv,RF,is_shapley_vs_oos_shapley,Check 1: IS Shapley VI vs OOS Shapley VI,ishapley_vi,ordinary,0.9657149694924032,0.0,106.4905445420793,3106.036161131118,0.6666666666666666,1000000,20260602,121,,,1,0,0,existing_referee_variant,ishapley_vi,oshapley_vi,identity,ordinary,ordinary,,0.6666666666666666,,0,0,0,,,average,value >= 0 is non-improving
3,xgb_cv,XGBoost,is_shapley_vs_oos_shapley,Check 1: IS Shapley VI vs OOS Shapley VI,ishapley_vi,ordinary,0.9534799380107319,0.0,138.75495631758545,2982.69070126337,0.6666666666666666,1000000,20260602,121,,,1,0,0,existing_referee_variant,ishapley_vi,oshapley_vi,identity,ordinary,ordinary,,0.6666666666666666,,0,0,0,,,average,value >= 0 is non-improving
3,nn_comb,Neural net,is_shapley_vs_oos_shapley,Check 1: IS Shapley VI vs OOS Shapley VI,ishapley_vi,ordinary,0.9741041746131391,0.0,74.22736715580552,2866.3835211627306,0.6666666666666666,1000000,20260602,121,,,1,0,0,existing_referee_variant,ishapley_vi,oshapley_vi,identity,ordinary,ordinary,,0.6666666666666666,,0,0,0,,,average,value >= 0 is non-improving
3,lin_comb,Linear combination,is_shapley_vs_oos_shapley,Check 1: IS Shapley VI vs OOS Shapley VI,ishapley_vi,ordinary,0.9774171808542675,0.0,70.22216939958736,3109.5395551116303,0.6666666666666666,1000000,20260602,121,,,1,0,0,existing_referee_variant,ishapley_vi,oshapley_vi,identity,ordinary,ordinary,,0.6666666666666666,,0,0,0,,,average,value >= 0 is non-improving
3,nonlin_comb,Nonlinear combination,is_shapley_vs_oos_shapley,Check 1: IS Shapley VI vs OOS Shapley VI,ishapley_vi,ordinary,0.9681203218627006,0.0,92.71412516593523,2908.2516067644765,0.6666666666666666,1000000,20260602,121,,,1,0,0,existing_referee_variant,ishapley_vi,oshapley_vi,identity,ordinary,ordinary,,0.6666666666666666,,0,0,0,,,average,value >= 0 is non-improving
3,all_comb,All models combination,is_shapley_vs_oos_shapley,Check 1: IS Shapley VI vs OOS Shapley VI,ishapley_vi,ordinary,0.974805546582492,0.0,75.51271602939256,2997.1960406538333,0.6666666666666666,1000000,20260602,121,,,1,0,0,existing_referee_variant,ishapley_vi,oshapley_vi,identity,ordinary,ordinary,,0.6666666666666666,,0,0,0,,,average,value >= 0 is non-improving
3,pca,PCA,oos_shapley_vs_oos_gpbsv,Check 2: OOS Shapley VI vs OOS GPBSV,oshapley_vi,signed,0.5517668343756184,0.003805,4156.22671315442,9272.465832297043,0.6666666666666666,1000000,20260602,121,68.0,53.0,1,0,0,existing_referee_variant,oshapley_vi,pbsv_rmse,identity,ordinary,signed,0.5,0.6666666666666666,b124956393154f1669791299ee7e329912942abecd7189a26c2dbdfbbbd7b47c,0,0,0,,,average,value >= 0 is non-improving
3,enet,ENet,oos_shapley_vs_oos_gpbsv,Check 2: OOS Shapley VI vs OOS GPBSV,oshapley_vi,signed,0.3021462004622466,0.521635,5267.642425315603,7548.346700705507,0.6666666666666666,1000000,20260602,92,43.0,49.0,1,29,0,existing_referee_variant,oshapley_vi,pbsv_rmse,identity,ordinary,signed,0.5,0.6666666666666666,b124956393154f1669791299ee7e329912942abecd7189a26c2dbdfbbbd7b47c,0,0,29,,,average,value >= 0 is non-improving
3,rf_cv,RF,oos_shapley_vs_oos_gpbsv,Check 2: OOS Shapley VI vs OOS GPBSV,oshapley_vi,signed,0.55383992670877,0.0047,4689.7172255398655,10511.288450678247,0.6666666666666666,1000000,20260602,121,68.0,53.0,1,0,0,existing_referee_variant,oshapley_vi,pbsv_rmse,identity,ordinary,signed,0.5,0.6666666666666666,b124956393154f1669791299ee7e329912942abecd7189a26c2dbdfbbbd7b47c,0,0,0,,,average,value >= 0 is non-improving
3,xgb_cv,XGBoost,oos_shapley_vs_oos_gpbsv,Check 2: OOS Shapley VI vs OOS GPBSV,oshapley_vi,signed,0.22632687848614785,0.8136,7538.172857794737,9743.35626788318,0.6666666666666666,1000000,20260602,121,55.0,66.0,1,0,0,existing_referee_variant,oshapley_vi,pbsv_rmse,identity,ordinary,signed,0.5,0.6666666666666666,b124956393154f1669791299ee7e329912942abecd7189a26c2dbdfbbbd7b47c,0,0,0,,,average,value >= 0 is non-improving
3,nn_comb,Neural net,oos_shapley_vs_oos_gpbsv,Check 2: OOS Shapley VI vs OOS GPBSV,oshapley_vi,signed,0.550717181164627,0.004102,4376.597446767137,9741.297159130441,0.6666666666666666,1000000,20260602,121,74.0,47.0,1,0,0,existing_referee_variant,oshapley_vi,pbsv_rmse,identity,ordinary,signed,0.5,0.6666666666666666,b124956393154f1669791299ee7e329912942abecd7189a26c2dbdfbbbd7b47c,0,0,0,,,average,value >= 0 is non-improving
3,lin_comb,Linear combination,oos_shapley_vs_oos_gpbsv,Check 2: OOS Shapley VI vs OOS GPBSV,oshapley_vi,signed,0.557100439599286,0.007699,4816.6750372434435,10875.321332189968,0.6666666666666666,1000000,20260602,121,69.0,52.0,1,0,0,existing_referee_variant,oshapley_vi,pbsv_rmse,identity,ordinary,signed,0.5,0.6666666666666666,b124956393154f1669791299ee7e329912942abecd7189a26c2dbdfbbbd7b47c,0,0,0,,,average,value >= 0 is non-improving
3,nonlin_comb,Nonlinear combination,oos_shapley_vs_oos_gpbsv,Check 2: OOS Shapley VI vs OOS GPBSV,oshapley_vi,signed,0.5741246837109923,0.001728,4153.7171330986275,9753.364363291323,0.6666666666666666,1000000,20260602,121,72.0,49.0,1,0,0,existing_referee_variant,oshapley_vi,pbsv_rmse,identity,ordinary,signed,0.5,0.6666666666666666,b124956393154f1669791299ee7e329912942abecd7189a26c2dbdfbbbd7b47c,0,0,0,,,average,value >= 0 is non-improving
3,all_comb,All models combination,oos_shapley_vs_oos_gpbsv,Check 2: OOS Shapley VI vs OOS GPBSV,oshapley_vi,signed,0.6033138667159661,0.000625,4053.7715774482117,10219.090705007435,0.6666666666666666,1000000,20260602,121,72.0,49.0,1,0,0,existing_referee_variant,oshapley_vi,pbsv_rmse,identity,ordinary,signed,0.5,0.6666666666666666,b124956393154f1669791299ee7e329912942abecd7189a26c2dbdfbbbd7b47c,0,0,0,,,average,value >= 0 is non-improving
3,pca,PCA,is_gpbsv_abs_vs_saved_oos_gpbsv_signed,IS GPBSV robustness: abs(IS GPBSV) vs saved OOS GPBSV,is_gpbsv_abs,signed,0.6542322549380668,0.000145999854000146,4198.180696875789,12141.620370413153,0.6666666666666666,1000000,3305173641,121,68.0,53.0,1,0,0,primary_mas_style_robustness,is_gpbsv_abs,pbsv_rmse,abs,ordinary,signed,0.5,0.6666666666666666,b124956393154f1669791299ee7e329912942abecd7189a26c2dbdfbbbd7b47c,0,0,1,,,average,value >= 0 is non-improving
3,enet,ENet,is_gpbsv_abs_vs_saved_oos_gpbsv_signed,IS GPBSV robustness: abs(IS GPBSV) vs saved OOS GPBSV,is_gpbsv_abs,signed,0.3299149227678778,0.44347855652144347,9627.386209403583,14367.408761243893,0.6666666666666666,1000000,2073157910,121,44.0,77.0,1,0,0,primary_mas_style_robustness,is_gpbsv_abs,pbsv_rmse,abs,ordinary,signed,0.5,0.6666666666666666,b124956393154f1669791299ee7e329912942abecd7189a26c2dbdfbbbd7b47c,0,28,6,,,average,value >= 0 is non-improving
3,rf_cv,RF,is_gpbsv_abs_vs_saved_oos_gpbsv_signed,IS GPBSV robustness: abs(IS GPBSV) vs saved OOS GPBSV,is_gpbsv_abs,signed,0.6235769345382713,0.000514999485000515,4200.434726345532,11158.813345279965,0.6666666666666666,1000000,1757887353,121,68.0,53.0,1,0,0,primary_mas_style_robustness,is_gpbsv_abs,pbsv_rmse,abs,ordinary,signed,0.5,0.6666666666666666,b124956393154f1669791299ee7e329912942abecd7189a26c2dbdfbbbd7b47c,0,0,0,,,average,value >= 0 is non-improving
3,xgb_cv,XGBoost,is_gpbsv_abs_vs_saved_oos_gpbsv_signed,IS GPBSV robustness: abs(IS GPBSV) vs saved OOS GPBSV,is_gpbsv_abs,signed,0.3980031591807669,0.24762775237224763,7447.756291334405,12371.75311617758,0.6666666666666666,1000000,3014493341,121,55.0,66.0,1,0,0,primary_mas_style_robustness,is_gpbsv_abs,pbsv_rmse,abs,ordinary,signed,0.5,0.6666666666666666,b124956393154f1669791299ee7e329912942abecd7189a26c2dbdfbbbd7b47c,0,0,0,,,average,value >= 0 is non-improving
3,nn_comb,Neural net,is_gpbsv_abs_vs_saved_oos_gpbsv_signed,IS GPBSV robustness: abs(IS GPBSV) vs saved OOS GPBSV,is_gpbsv_abs,signed,0.7372200605300947,4.999995000005e-06,3308.7346763751107,12591.275738359936,0.6666666666666666,1000000,1377577535,121,74.0,47.0,1,0,0,primary_mas_style_robustness,is_gpbsv_abs,pbsv_rmse,abs,ordinary,signed,0.5,0.6666666666666666,b124956393154f1669791299ee7e329912942abecd7189a26c2dbdfbbbd7b47c,0,0,1,,,average,value >= 0 is non-improving
3,lin_comb,Linear combination,is_gpbsv_abs_vs_saved_oos_gpbsv_signed,IS GPBSV robustness: abs(IS GPBSV) vs saved OOS GPBSV,is_gpbsv_abs,signed,0.6587722813858248,0.000653999346000654,4412.941383242755,12932.540771204023,0.6666666666666666,1000000,2480996664,121,69.0,52.0,1,0,0,primary_mas_style_robustness,is_gpbsv_abs,pbsv_rmse,abs,ordinary,signed,0.5,0.6666666666666666,b124956393154f1669791299ee7e329912942abecd7189a26c2dbdfbbbd7b47c,0,0,1,,,average,value >= 0 is non-improving
3,nonlin_comb,Nonlinear combination,is_gpbsv_abs_vs_saved_oos_gpbsv_signed,IS GPBSV robustness: abs(IS GPBSV) vs saved OOS GPBSV,is_gpbsv_abs,signed,0.6753366818400751,6.0999939000061e-05,3858.3046712523064,11884.017859238893,0.6666666666666666,1000000,2731499818,121,72.0,49.0,1,0,0,primary_mas_style_robustness,is_gpbsv_abs,pbsv_rmse,abs,ordinary,signed,0.5,0.6666666666666666,b124956393154f1669791299ee7e329912942abecd7189a26c2dbdfbbbd7b47c,0,0,0,,,average,value >= 0 is non-improving
3,all_comb,All models combination,is_gpbsv_abs_vs_saved_oos_gpbsv_signed,IS GPBSV robustness: abs(IS GPBSV) vs saved OOS GPBSV,is_gpbsv_abs,signed,0.6894498604634762,3.999996000004e-05,3735.3575247802287,12028.194643077639,0.6666666666666666,1000000,3573263732,121,72.0,49.0,1,0,0,primary_mas_style_robustness,is_gpbsv_abs,pbsv_rmse,abs,ordinary,signed,0.5,0.6666666666666666,b124956393154f1669791299ee7e329912942abecd7189a26c2dbdfbbbd7b47c,0,0,0,,,average,value >= 0 is non-improving
3,pca,PCA,is_gpbsv_signed_vs_saved_oos_gpbsv_signed,IS GPBSV concordance: signed IS GPBSV vs saved OOS GPBSV,is_gpbsv_abs,signed,0.7156710835266833,6.5999934000066e-05,2691.047124242088,9464.556604444533,0.6666666666666666,1000000,1183029594,121,68.0,53.0,1,0,0,signed_concordance_companion,is_gpbsv_signed,pbsv_rmse,identity,signed,signed,0.5,0.6666666666666666,b124956393154f1669791299ee7e329912942abecd7189a26c2dbdfbbbd7b47c,0,0,1,107.0,14.0,average,value >= 0 is non-improving
3,enet,ENet,is_gpbsv_signed_vs_saved_oos_gpbsv_signed,IS GPBSV concordance: signed IS GPBSV vs saved OOS GPBSV,is_gpbsv_abs,signed,0.4453238861778068,0.43294356705643294,3559.0401810970993,6416.4295025655,0.6666666666666666,1000000,2215598127,121,44.0,77.0,1,0,0,signed_concordance_companion,is_gpbsv_signed,pbsv_rmse,identity,signed,signed,0.5,0.6666666666666666,b124956393154f1669791299ee7e329912942abecd7189a26c2dbdfbbbd7b47c,0,28,6,78.0,43.0,average,value >= 0 is non-improving
3,rf_cv,RF,is_gpbsv_signed_vs_saved_oos_gpbsv_signed,IS GPBSV concordance: signed IS GPBSV vs saved OOS GPBSV,is_gpbsv_abs,signed,0.6235769345382713,0.000501999498000502,4200.434726345532,11158.813345279965,0.6666666666666666,1000000,139980394,121,68.0,53.0,1,0,0,signed_concordance_companion,is_gpbsv_signed,pbsv_rmse,identity,signed,signed,0.5,0.6666666666666666,b124956393154f1669791299ee7e329912942abecd7189a26c2dbdfbbbd7b47c,0,0,0,121.0,0.0,average,value >= 0 is non-improving
3,xgb_cv,XGBoost,is_gpbsv_signed_vs_saved_oos_gpbsv_signed,IS GPBSV concordance: signed IS GPBSV vs saved OOS GPBSV,is_gpbsv_abs,signed,0.413652528071328,0.2383937616062384,6667.103232954424,11370.567030884145,0.6666666666666666,1000000,2115942426,121,55.0,66.0,1,0,0,signed_concordance_companion,is_gpbsv_signed,pbsv_rmse,identity,signed,signed,0.5,0.6666666666666666,b124956393154f1669791299ee7e329912942abecd7189a26c2dbdfbbbd7b47c,0,0,0,116.0,5.0,average,value >= 0 is non-improving
3,nn_comb,Neural net,is_gpbsv_signed_vs_saved_oos_gpbsv_signed,IS GPBSV concordance: signed IS GPBSV vs saved OOS GPBSV,is_gpbsv_abs,signed,0.8381841568556555,9.99999000001e-07,1390.0025393124768,8590.0274800197,0.6666666666666666,1000000,4131644219,121,74.0,47.0,1,0,0,signed_concordance_companion,is_gpbsv_signed,pbsv_rmse,identity,signed,signed,0.5,0.6666666666666666,b124956393154f1669791299ee7e329912942abecd7189a26c2dbdfbbbd7b47c,0,0,1,100.0,21.0,average,value >= 0 is non-improving
3,lin_comb,Linear combination,is_gpbsv_signed_vs_saved_oos_gpbsv_signed,IS GPBSV concordance: signed IS GPBSV vs saved OOS GPBSV,is_gpbsv_abs,signed,0.7071914722646027,0.000515999484000516,3080.2753247025407,10519.759613989441,0.6666666666666666,1000000,4260665961,121,69.0,52.0,1,0,0,signed_concordance_companion,is_gpbsv_signed,pbsv_rmse,identity,signed,signed,0.5,0.6666666666666666,b124956393154f1669791299ee7e329912942abecd7189a26c2dbdfbbbd7b47c,0,0,1,109.0,12.0,average,value >= 0 is non-improving
3,nonlin_comb,Nonlinear combination,is_gpbsv_signed_vs_saved_oos_gpbsv_signed,IS GPBSV concordance: signed IS GPBSV vs saved OOS GPBSV,is_gpbsv_abs,signed,0.6832086813093647,4.3999956000044e-05,3639.313641824427,11488.04726362601,0.6666666666666666,1000000,937082336,121,72.0,49.0,1,0,0,signed_concordance_companion,is_gpbsv_signed,pbsv_rmse,identity,signed,signed,0.5,0.6666666666666666,b124956393154f1669791299ee7e329912942abecd7189a26c2dbdfbbbd7b47c,0,0,0,119.0,2.0,average,value >= 0 is non-improving
3,all_comb,All models combination,is_gpbsv_signed_vs_saved_oos_gpbsv_signed,IS GPBSV concordance: signed IS GPBSV vs saved OOS GPBSV,is_gpbsv_abs,signed,0.7020645367477991,3.1999968000032e-05,3406.250763283332,11432.847658017665,0.6666666666666666,1000000,386126905,121,72.0,49.0,1,0,0,signed_concordance_companion,is_gpbsv_signed,pbsv_rmse,identity,signed,signed,0.5,0.6666666666666666,b124956393154f1669791299ee7e329912942abecd7189a26c2dbdfbbbd7b47c,0,0,0,118.0,3.0,average,value >= 0 is non-improving
6,pca,PCA,is_shapley_vs_oos_gpbsv,Current: IS Shapley VI vs OOS GPBSV,ishapley_vi,signed,0.45528375377326513,0.081889,5004.583323850742,9187.505161664692,0.6666666666666666,1000000,20260602,121,64.0,57.0,1,0,0,existing_referee_variant,ishapley_vi,pbsv_rmse,identity,ordinary,signed,0.5,0.6666666666666666,28ca996ae3649bd62b3fe754af497dc1cccfba45b4bab19515757a56c3d4a47e,0,0,0,,,average,value >= 0 is non-improving
6,enet,ENet,is_shapley_vs_oos_gpbsv,Current: IS Shapley VI vs OOS GPBSV,ishapley_vi,signed,0.5594110086814654,0.047217,1983.7492621606732,4502.493937090846,0.6666666666666666,1000000,20260602,71,40.0,31.0,1,50,0,existing_referee_variant,ishapley_vi,pbsv_rmse,identity,ordinary,signed,0.5,0.6666666666666666,28ca996ae3649bd62b3fe754af497dc1cccfba45b4bab19515757a56c3d4a47e,0,46,4,,,average,value >= 0 is non-improving
6,rf_cv,RF,is_shapley_vs_oos_gpbsv,Current: IS Shapley VI vs OOS GPBSV,ishapley_vi,signed,0.7186599146703512,0.0,3057.592280858961,10867.958176938604,0.6666666666666666,1000000,20260602,121,77.0,44.0,1,0,0,existing_referee_variant,ishapley_vi,pbsv_rmse,identity,ordinary,signed,0.5,0.6666666666666666,28ca996ae3649bd62b3fe754af497dc1cccfba45b4bab19515757a56c3d4a47e,0,0,0,,,average,value >= 0 is non-improving
6,xgb_cv,XGBoost,is_shapley_vs_oos_gpbsv,Current: IS Shapley VI vs OOS GPBSV,ishapley_vi,signed,0.29035679395217207,0.602999,7311.021218329498,10302.390209646785,0.6666666666666666,1000000,20260602,121,59.0,62.0,1,0,0,existing_referee_variant,ishapley_vi,pbsv_rmse,identity,ordinary,signed,0.5,0.6666666666666666,28ca996ae3649bd62b3fe754af497dc1cccfba45b4bab19515757a56c3d4a47e,0,0,0,,,average,value >= 0 is non-improving
6,nn_comb,Neural net,is_shapley_vs_oos_gpbsv,Current: IS Shapley VI vs OOS GPBSV,ishapley_vi,signed,0.3097528922344903,0.554131,6600.219895845468,9562.111628706296,0.6666666666666666,1000000,20260602,121,64.0,57.0,1,0,0,existing_referee_variant,ishapley_vi,pbsv_rmse,identity,ordinary,signed,0.5,0.6666666666666666,28ca996ae3649bd62b3fe754af497dc1cccfba45b4bab19515757a56c3d4a47e,0,0,0,,,average,value >= 0 is non-improving
6,lin_comb,Linear combination,is_shapley_vs_oos_gpbsv,Current: IS Shapley VI vs OOS GPBSV,ishapley_vi,signed,0.5533834612752392,0.010468,4793.656973220193,10733.272410618029,0.6666666666666666,1000000,20260602,121,68.0,53.0,1,0,0,existing_referee_variant,ishapley_vi,pbsv_rmse,identity,ordinary,signed,0.5,0.6666666666666666,28ca996ae3649bd62b3fe754af497dc1cccfba45b4bab19515757a56c3d4a47e,0,0,0,,,average,value >= 0 is non-improving
6,nonlin_comb,Nonlinear combination,is_shapley_vs_oos_gpbsv,Current: IS Shapley VI vs OOS GPBSV,ishapley_vi,signed,0.4158581036773419,0.158843,5711.337290347753,9777.311516777465,0.6666666666666666,1000000,20260602,121,66.0,55.0,1,0,0,existing_referee_variant,ishapley_vi,pbsv_rmse,identity,ordinary,signed,0.5,0.6666666666666666,28ca996ae3649bd62b3fe754af497dc1cccfba45b4bab19515757a56c3d4a47e,0,0,0,,,average,value >= 0 is non-improving
6,all_comb,All models combination,is_shapley_vs_oos_gpbsv,Current: IS Shapley VI vs OOS GPBSV,ishapley_vi,signed,0.48401682154015224,0.042552,5242.705975965685,10160.614134000603,0.6666666666666666,1000000,20260602,121,66.0,55.0,1,0,0,existing_referee_variant,ishapley_vi,pbsv_rmse,identity,ordinary,signed,0.5,0.6666666666666666,28ca996ae3649bd62b3fe754af497dc1cccfba45b4bab19515757a56c3d4a47e,0,0,0,,,average,value >= 0 is non-improving
6,pca,PCA,is_shapley_vs_oos_shapley,Check 1: IS Shapley VI vs OOS Shapley VI,ishapley_vi,ordinary,0.9554995607475675,0.0,121.71318305207302,2735.1007112906173,0.6666666666666666,1000000,20260602,121,,,1,0,0,existing_referee_variant,ishapley_vi,oshapley_vi,identity,ordinary,ordinary,,0.6666666666666666,,0,0,0,,,average,value >= 0 is non-improving
6,enet,ENet,is_shapley_vs_oos_shapley,Check 1: IS Shapley VI vs OOS Shapley VI,ishapley_vi,ordinary,0.9937768190105574,0.0,7.778274502840097,1249.887238702453,0.6666666666666666,1000000,20260602,71,,,1,50,0,existing_referee_variant,ishapley_vi,oshapley_vi,identity,ordinary,ordinary,,0.6666666666666666,,0,46,4,,,average,value >= 0 is non-improving
6,rf_cv,RF,is_shapley_vs_oos_shapley,Check 1: IS Shapley VI vs OOS Shapley VI,ishapley_vi,ordinary,0.9854714059866706,0.0,44.86630425041717,3088.1380682297304,0.6666666666666666,1000000,20260602,121,,,1,0,0,existing_referee_variant,ishapley_vi,oshapley_vi,identity,ordinary,ordinary,,0.6666666666666666,,0,0,0,,,average,value >= 0 is non-improving
6,xgb_cv,XGBoost,is_shapley_vs_oos_shapley,Check 1: IS Shapley VI vs OOS Shapley VI,ishapley_vi,ordinary,0.9792793629915988,0.0,62.900776647548284,3035.6584414873473,0.6666666666666666,1000000,20260602,121,,,1,0,0,existing_referee_variant,ishapley_vi,oshapley_vi,identity,ordinary,ordinary,,0.6666666666666666,,0,0,0,,,average,value >= 0 is non-improving
6,nn_comb,Neural net,is_shapley_vs_oos_shapley,Check 1: IS Shapley VI vs OOS Shapley VI,ishapley_vi,ordinary,0.9625962168135832,0.0,106.60092022249212,2850.0036932414982,0.6666666666666666,1000000,20260602,121,,,1,0,0,existing_referee_variant,ishapley_vi,oshapley_vi,identity,ordinary,ordinary,,0.6666666666666666,,0,0,0,,,average,value >= 0 is non-improving
6,lin_comb,Linear combination,is_shapley_vs_oos_shapley,Check 1: IS Shapley VI vs OOS Shapley VI,ishapley_vi,ordinary,0.9799001991716412,0.0,63.18894019868153,3143.759519722612,0.6666666666666666,1000000,20260602,121,,,1,0,0,existing_referee_variant,ishapley_vi,oshapley_vi,identity,ordinary,ordinary,,0.6666666666666666,,0,0,0,,,average,value >= 0 is non-improving
6,nonlin_comb,Nonlinear combination,is_shapley_vs_oos_shapley,Check 1: IS Shapley VI vs OOS Shapley VI,ishapley_vi,ordinary,0.9731627270303522,0.0,77.4779974986015,2886.954929669155,0.6666666666666666,1000000,20260602,121,,,1,0,0,existing_referee_variant,ishapley_vi,oshapley_vi,identity,ordinary,ordinary,,0.6666666666666666,,0,0,0,,,average,value >= 0 is non-improving
6,all_comb,All models combination,is_shapley_vs_oos_shapley,Check 1: IS Shapley VI vs OOS Shapley VI,ishapley_vi,ordinary,0.9789825927198524,0.0,62.66555408822673,2981.6024999153383,0.6666666666666666,1000000,20260602,121,,,1,0,0,existing_referee_variant,ishapley_vi,oshapley_vi,identity,ordinary,ordinary,,0.6666666666666666,,0,0,0,,,average,value >= 0 is non-improving
6,pca,PCA,oos_shapley_vs_oos_gpbsv,Check 2: OOS Shapley VI vs OOS GPBSV,oshapley_vi,signed,0.46240478494359283,0.067042,5007.988745474869,9315.538169269988,0.6666666666666666,1000000,20260602,121,64.0,57.0,1,0,0,existing_referee_variant,oshapley_vi,pbsv_rmse,identity,ordinary,signed,0.5,0.6666666666666666,28ca996ae3649bd62b3fe754af497dc1cccfba45b4bab19515757a56c3d4a47e,0,0,0,,,average,value >= 0 is non-improving
6,enet,ENet,oos_shapley_vs_oos_gpbsv,Check 2: OOS Shapley VI vs OOS GPBSV,oshapley_vi,signed,0.5762454237265231,0.035334,1898.4614351055923,4480.096596951886,0.6666666666666666,1000000,20260602,71,41.0,30.0,1,50,0,existing_referee_variant,oshapley_vi,pbsv_rmse,identity,ordinary,signed,0.5,0.6666666666666666,28ca996ae3649bd62b3fe754af497dc1cccfba45b4bab19515757a56c3d4a47e,0,9,41,,,average,value >= 0 is non-improving
6,rf_cv,RF,oos_shapley_vs_oos_gpbsv,Check 2: OOS Shapley VI vs OOS GPBSV,oshapley_vi,signed,0.6533275146896393,2.9e-05,3774.28396353625,10887.174850802769,0.6666666666666666,1000000,20260602,121,77.0,44.0,1,0,0,existing_referee_variant,oshapley_vi,pbsv_rmse,identity,ordinary,signed,0.5,0.6666666666666666,28ca996ae3649bd62b3fe754af497dc1cccfba45b4bab19515757a56c3d4a47e,0,0,0,,,average,value >= 0 is non-improving
6,xgb_cv,XGBoost,oos_shapley_vs_oos_gpbsv,Check 2: OOS Shapley VI vs OOS GPBSV,oshapley_vi,signed,0.2376114022630993,0.787197,7672.407917727804,10063.644630183126,0.6666666666666666,1000000,20260602,121,59.0,62.0,1,0,0,existing_referee_variant,oshapley_vi,pbsv_rmse,identity,ordinary,signed,0.5,0.6666666666666666,28ca996ae3649bd62b3fe754af497dc1cccfba45b4bab19515757a56c3d4a47e,0,0,0,,,average,value >= 0 is non-improving
6,nn_comb,Neural net,oos_shapley_vs_oos_gpbsv,Check 2: OOS Shapley VI vs OOS GPBSV,oshapley_vi,signed,0.27794101070180877,0.678606,6923.242625597506,9588.19532504759,0.6666666666666666,1000000,20260602,121,64.0,57.0,1,0,0,existing_referee_variant,oshapley_vi,pbsv_rmse,identity,ordinary,signed,0.5,0.6666666666666666,28ca996ae3649bd62b3fe754af497dc1cccfba45b4bab19515757a56c3d4a47e,0,0,0,,,average,value >= 0 is non-improving
6,lin_comb,Linear combination,oos_shapley_vs_oos_gpbsv,Check 2: OOS Shapley VI vs OOS GPBSV,oshapley_vi,signed,0.56275849981811,0.007492,4726.870458479353,10810.662886558119,0.6666666666666666,1000000,20260602,121,68.0,53.0,1,0,0,existing_referee_variant,oshapley_vi,pbsv_rmse,identity,ordinary,signed,0.5,0.6666666666666666,28ca996ae3649bd62b3fe754af497dc1cccfba45b4bab19515757a56c3d4a47e,0,0,0,,,average,value >= 0 is non-improving
6,nonlin_comb,Nonlinear combination,oos_shapley_vs_oos_gpbsv,Check 2: OOS Shapley VI vs OOS GPBSV,oshapley_vi,signed,0.38005228204268293,0.271261,6055.374696811912,9767.557039751568,0.6666666666666666,1000000,20260602,121,66.0,55.0,1,0,0,existing_referee_variant,oshapley_vi,pbsv_rmse,identity,ordinary,signed,0.5,0.6666666666666666,28ca996ae3649bd62b3fe754af497dc1cccfba45b4bab19515757a56c3d4a47e,0,0,0,,,average,value >= 0 is non-improving
6,all_comb,All models combination,oos_shapley_vs_oos_gpbsv,Check 2: OOS Shapley VI vs OOS GPBSV,oshapley_vi,signed,0.4614021543558555,0.069138,5479.515555419779,10173.667792648645,0.6666666666666666,1000000,20260602,121,66.0,55.0,1,0,0,existing_referee_variant,oshapley_vi,pbsv_rmse,identity,ordinary,signed,0.5,0.6666666666666666,28ca996ae3649bd62b3fe754af497dc1cccfba45b4bab19515757a56c3d4a47e,0,0,0,,,average,value >= 0 is non-improving
6,pca,PCA,is_gpbsv_abs_vs_saved_oos_gpbsv_signed,IS GPBSV robustness: abs(IS GPBSV) vs saved OOS GPBSV,is_gpbsv_abs,signed,0.5486486653076343,0.015575984424015575,5529.086871736379,12250.073161974635,0.6666666666666666,1000000,1852909379,121,64.0,57.0,1,0,0,primary_mas_style_robustness,is_gpbsv_abs,pbsv_rmse,abs,ordinary,signed,0.5,0.6666666666666666,28ca996ae3649bd62b3fe754af497dc1cccfba45b4bab19515757a56c3d4a47e,0,0,0,,,average,value >= 0 is non-improving
6,enet,ENet,is_gpbsv_abs_vs_saved_oos_gpbsv_signed,IS GPBSV robustness: abs(IS GPBSV) vs saved OOS GPBSV,is_gpbsv_abs,signed,0.7837337038499995,5.4999945000055e-05,3203.5566841242476,14813.018677225082,0.6666666666666666,1000000,1139427358,121,79.0,42.0,1,0,0,primary_mas_style_robustness,is_gpbsv_abs,pbsv_rmse,abs,ordinary,signed,0.5,0.6666666666666666,28ca996ae3649bd62b3fe754af497dc1cccfba45b4bab19515757a56c3d4a47e,0,46,6,,,average,value >= 0 is non-improving
6,rf_cv,RF,is_gpbsv_abs_vs_saved_oos_gpbsv_signed,IS GPBSV robustness: abs(IS GPBSV) vs saved OOS GPBSV,is_gpbsv_abs,signed,0.7481528844570833,9.99999000001e-07,2965.610692878036,11775.44037574126,0.6666666666666666,1000000,1652358686,121,77.0,44.0,1,0,0,primary_mas_style_robustness,is_gpbsv_abs,pbsv_rmse,abs,ordinary,signed,0.5,0.6666666666666666,28ca996ae3649bd62b3fe754af497dc1cccfba45b4bab19515757a56c3d4a47e,0,0,0,,,average,value >= 0 is non-improving
6,xgb_cv,XGBoost,is_gpbsv_abs_vs_saved_oos_gpbsv_signed,IS GPBSV robustness: abs(IS GPBSV) vs saved OOS GPBSV,is_gpbsv_abs,signed,0.46305303326323766,0.1165968834031166,6969.922692635101,12980.653815765196,0.6666666666666666,1000000,257466140,121,59.0,62.0,1,0,0,primary_mas_style_robustness,is_gpbsv_abs,pbsv_rmse,abs,ordinary,signed,0.5,0.6666666666666666,28ca996ae3649bd62b3fe754af497dc1cccfba45b4bab19515757a56c3d4a47e,0,0,0,,,average,value >= 0 is non-improving
6,nn_comb,Neural net,is_gpbsv_abs_vs_saved_oos_gpbsv_signed,IS GPBSV robustness: abs(IS GPBSV) vs saved OOS GPBSV,is_gpbsv_abs,signed,0.5723311473634697,0.007173992826007174,5296.27160969436,12384.048024642063,0.6666666666666666,1000000,2867715295,121,64.0,57.0,1,0,0,primary_mas_style_robustness,is_gpbsv_abs,pbsv_rmse,abs,ordinary,signed,0.5,0.6666666666666666,28ca996ae3649bd62b3fe754af497dc1cccfba45b4bab19515757a56c3d4a47e,0,0,1,,,average,value >= 0 is non-improving
6,lin_comb,Linear combination,is_gpbsv_abs_vs_saved_oos_gpbsv_signed,IS GPBSV robustness: abs(IS GPBSV) vs saved OOS GPBSV,is_gpbsv_abs,signed,0.6857133872120584,0.0003999996000004,4165.333710440227,13253.296643757147,0.6666666666666666,1000000,675072766,121,68.0,53.0,1,0,0,primary_mas_style_robustness,is_gpbsv_abs,pbsv_rmse,abs,ordinary,signed,0.5,0.6666666666666666,28ca996ae3649bd62b3fe754af497dc1cccfba45b4bab19515757a56c3d4a47e,0,0,2,,,average,value >= 0 is non-improving
6,nonlin_comb,Nonlinear combination,is_gpbsv_abs_vs_saved_oos_gpbsv_signed,IS GPBSV robustness: abs(IS GPBSV) vs saved OOS GPBSV,is_gpbsv_abs,signed,0.6004753107024888,0.002367997632002368,4887.302259708373,12232.791591182442,0.6666666666666666,1000000,2397209919,121,66.0,55.0,1,0,0,primary_mas_style_robustness,is_gpbsv_abs,pbsv_rmse,abs,ordinary,signed,0.5,0.6666666666666666,28ca996ae3649bd62b3fe754af497dc1cccfba45b4bab19515757a56c3d4a47e,0,0,0,,,average,value >= 0 is non-improving
6,all_comb,All models combination,is_gpbsv_abs_vs_saved_oos_gpbsv_signed,IS GPBSV robustness: abs(IS GPBSV) vs saved OOS GPBSV,is_gpbsv_abs,signed,0.6410422291596737,0.000660999339000661,4457.6679876855505,12418.363244372933,0.6666666666666666,1000000,127028885,121,66.0,55.0,1,0,0,primary_mas_style_robustness,is_gpbsv_abs,pbsv_rmse,abs,ordinary,signed,0.5,0.6666666666666666,28ca996ae3649bd62b3fe754af497dc1cccfba45b4bab19515757a56c3d4a47e,0,0,0,,,average,value >= 0 is non-improving
6,pca,PCA,is_gpbsv_signed_vs_saved_oos_gpbsv_signed,IS GPBSV concordance: signed IS GPBSV vs saved OOS GPBSV,is_gpbsv_abs,signed,0.6421338356961822,0.007843992156007845,2817.3334766069656,7872.589693098598,0.6666666666666666,1000000,2987935699,121,64.0,57.0,1,0,0,signed_concordance_companion,is_gpbsv_signed,pbsv_rmse,identity,signed,signed,0.5,0.6666666666666666,28ca996ae3649bd62b3fe754af497dc1cccfba45b4bab19515757a56c3d4a47e,0,0,0,97.0,24.0,average,value >= 0 is non-improving
6,enet,ENet,is_gpbsv_signed_vs_saved_oos_gpbsv_signed,IS GPBSV concordance: signed IS GPBSV vs saved OOS GPBSV,is_gpbsv_abs,signed,0.8372432777847911,0.009933990066009934,786.4352615782295,4831.967926574161,0.6666666666666666,1000000,2558697556,121,79.0,42.0,1,0,0,signed_concordance_companion,is_gpbsv_signed,pbsv_rmse,identity,signed,signed,0.5,0.6666666666666666,28ca996ae3649bd62b3fe754af497dc1cccfba45b4bab19515757a56c3d4a47e,0,46,6,64.0,57.0,average,value >= 0 is non-improving
6,rf_cv,RF,is_gpbsv_signed_vs_saved_oos_gpbsv_signed,IS GPBSV concordance: signed IS GPBSV vs saved OOS GPBSV,is_gpbsv_abs,signed,0.7481528844570833,9.99999000001e-07,2965.610692878036,11775.44037574126,0.6666666666666666,1000000,3475494883,121,77.0,44.0,1,0,0,signed_concordance_companion,is_gpbsv_signed,pbsv_rmse,identity,signed,signed,0.5,0.6666666666666666,28ca996ae3649bd62b3fe754af497dc1cccfba45b4bab19515757a56c3d4a47e,0,0,0,121.0,0.0,average,value >= 0 is non-improving
6,xgb_cv,XGBoost,is_gpbsv_signed_vs_saved_oos_gpbsv_signed,IS GPBSV concordance: signed IS GPBSV vs saved OOS GPBSV,is_gpbsv_abs,signed,0.47508722265951087,0.11468188531811468,6377.255484395695,12149.171747554992,0.6666666666666666,1000000,729771234,121,59.0,62.0,1,0,0,signed_concordance_companion,is_gpbsv_signed,pbsv_rmse,identity,signed,signed,0.5,0.6666666666666666,28ca996ae3649bd62b3fe754af497dc1cccfba45b4bab19515757a56c3d4a47e,0,0,0,117.0,4.0,average,value >= 0 is non-improving
6,nn_comb,Neural net,is_gpbsv_signed_vs_saved_oos_gpbsv_signed,IS GPBSV concordance: signed IS GPBSV vs saved OOS GPBSV,is_gpbsv_abs,signed,0.7035928258313966,0.000462999537000463,2485.526461613007,8385.513841170326,0.6666666666666666,1000000,2185967344,121,64.0,57.0,1,0,0,signed_concordance_companion,is_gpbsv_signed,pbsv_rmse,identity,signed,signed,0.5,0.6666666666666666,28ca996ae3649bd62b3fe754af497dc1cccfba45b4bab19515757a56c3d4a47e,0,0,1,100.0,21.0,average,value >= 0 is non-improving
6,lin_comb,Linear combination,is_gpbsv_signed_vs_saved_oos_gpbsv_signed,IS GPBSV concordance: signed IS GPBSV vs saved OOS GPBSV,is_gpbsv_abs,signed,0.75452430353021,0.000214999785000215,2421.4966768049635,9864.506798957063,0.6666666666666666,1000000,2062808975,121,68.0,53.0,1,0,0,signed_concordance_companion,is_gpbsv_signed,pbsv_rmse,identity,signed,signed,0.5,0.6666666666666666,28ca996ae3649bd62b3fe754af497dc1cccfba45b4bab19515757a56c3d4a47e,0,0,2,104.0,17.0,average,value >= 0 is non-improving
6,nonlin_comb,Nonlinear combination,is_gpbsv_signed_vs_saved_oos_gpbsv_signed,IS GPBSV concordance: signed IS GPBSV vs saved OOS GPBSV,is_gpbsv_abs,signed,0.6298108648145295,0.001606998393001607,4082.15792797149,11027.222411393208,0.6666666666666666,1000000,3199415223,121,66.0,55.0,1,0,0,signed_concordance_companion,is_gpbsv_signed,pbsv_rmse,identity,signed,signed,0.5,0.6666666666666666,28ca996ae3649bd62b3fe754af497dc1cccfba45b4bab19515757a56c3d4a47e,0,0,0,115.0,6.0,average,value >= 0 is non-improving
6,all_comb,All models combination,is_gpbsv_signed_vs_saved_oos_gpbsv_signed,IS GPBSV concordance: signed IS GPBSV vs saved OOS GPBSV,is_gpbsv_abs,signed,0.6585305686186381,0.000533999466000534,3963.83349662342,11608.164984456569,0.6666666666666666,1000000,2268591355,121,66.0,55.0,1,0,0,signed_concordance_companion,is_gpbsv_signed,pbsv_rmse,identity,signed,signed,0.5,0.6666666666666666,28ca996ae3649bd62b3fe754af497dc1cccfba45b4bab19515757a56c3d4a47e,0,0,0,117.0,4.0,average,value >= 0 is non-improving
12,pca,PCA,is_shapley_vs_oos_gpbsv,Current: IS Shapley VI vs OOS GPBSV,ishapley_vi,signed,0.5301242672524323,0.009367,4329.927381008031,9215.047892958983,0.6666666666666666,1000000,20260602,121,71.0,50.0,1,0,0,existing_referee_variant,ishapley_vi,pbsv_rmse,identity,ordinary,signed,0.5,0.6666666666666666,b9e59320ab753dd143d2a87a56647ea8ed890ebd6754bcef2f41c8107c758410,0,0,0,,,average,value >= 0 is non-improving
12,enet,ENet,is_shapley_vs_oos_gpbsv,Current: IS Shapley VI vs OOS GPBSV,ishapley_vi,signed,0.3683237763504008,0.350682,3602.7472045172117,5703.471287397565,0.6666666666666666,1000000,20260602,79,38.0,41.0,1,42,0,existing_referee_variant,ishapley_vi,pbsv_rmse,identity,ordinary,signed,0.5,0.6666666666666666,b9e59320ab753dd143d2a87a56647ea8ed890ebd6754bcef2f41c8107c758410,0,41,1,,,average,value >= 0 is non-improving
12,rf_cv,RF,is_shapley_vs_oos_gpbsv,Current: IS Shapley VI vs OOS GPBSV,ishapley_vi,signed,0.8935091596517483,0.0,1195.746259113663,11228.630135730667,0.6666666666666666,1000000,20260602,121,96.0,25.0,1,0,0,existing_referee_variant,ishapley_vi,pbsv_rmse,identity,ordinary,signed,0.5,0.6666666666666666,b9e59320ab753dd143d2a87a56647ea8ed890ebd6754bcef2f41c8107c758410,0,0,0,,,average,value >= 0 is non-improving
12,xgb_cv,XGBoost,is_shapley_vs_oos_gpbsv,Current: IS Shapley VI vs OOS GPBSV,ishapley_vi,signed,0.4736099625096918,0.053742,5608.04347926135,10653.779668777648,0.6666666666666666,1000000,20260602,121,64.0,57.0,1,0,0,existing_referee_variant,ishapley_vi,pbsv_rmse,identity,ordinary,signed,0.5,0.6666666666666666,b9e59320ab753dd143d2a87a56647ea8ed890ebd6754bcef2f41c8107c758410,0,0,0,,,average,value >= 0 is non-improving
12,nn_comb,Neural net,is_shapley_vs_oos_gpbsv,Current: IS Shapley VI vs OOS GPBSV,ishapley_vi,signed,0.47992750008418517,0.039377,5022.77404684047,9657.834335892623,0.6666666666666666,1000000,20260602,121,71.0,50.0,1,0,0,existing_referee_variant,ishapley_vi,pbsv_rmse,identity,ordinary,signed,0.5,0.6666666666666666,b9e59320ab753dd143d2a87a56647ea8ed890ebd6754bcef2f41c8107c758410,0,0,0,,,average,value >= 0 is non-improving
12,lin_comb,Linear combination,is_shapley_vs_oos_gpbsv,Current: IS Shapley VI vs OOS GPBSV,ishapley_vi,signed,0.5218921127977432,0.023692,5216.005293814774,10909.682591385941,0.6666666666666666,1000000,20260602,121,70.0,51.0,1,0,0,existing_referee_variant,ishapley_vi,pbsv_rmse,identity,ordinary,signed,0.5,0.6666666666666666,b9e59320ab753dd143d2a87a56647ea8ed890ebd6754bcef2f41c8107c758410,0,0,0,,,average,value >= 0 is non-improving
12,nonlin_comb,Nonlinear combination,is_shapley_vs_oos_gpbsv,Current: IS Shapley VI vs OOS GPBSV,ishapley_vi,signed,0.6337387629343558,5.1e-05,3642.3753764194553,9944.747103463313,0.6666666666666666,1000000,20260602,121,78.0,43.0,1,0,0,existing_referee_variant,ishapley_vi,pbsv_rmse,identity,ordinary,signed,0.5,0.6666666666666666,b9e59320ab753dd143d2a87a56647ea8ed890ebd6754bcef2f41c8107c758410,0,0,0,,,average,value >= 0 is non-improving
12,all_comb,All models combination,is_shapley_vs_oos_gpbsv,Current: IS Shapley VI vs OOS GPBSV,ishapley_vi,signed,0.6749139215594746,9e-06,3365.372485001302,10352.250398249513,0.6666666666666666,1000000,20260602,121,77.0,44.0,1,0,0,existing_referee_variant,ishapley_vi,pbsv_rmse,identity,ordinary,signed,0.5,0.6666666666666666,b9e59320ab753dd143d2a87a56647ea8ed890ebd6754bcef2f41c8107c758410,0,0,0,,,average,value >= 0 is non-improving
12,pca,PCA,is_shapley_vs_oos_shapley,Check 1: IS Shapley VI vs OOS Shapley VI,ishapley_vi,ordinary,0.9690870251142337,0.0,83.96148502763654,2716.0596913723807,0.6666666666666666,1000000,20260602,121,,,1,0,0,existing_referee_variant,ishapley_vi,oshapley_vi,identity,ordinary,ordinary,,0.6666666666666666,,0,0,0,,,average,value >= 0 is non-improving
12,enet,ENet,is_shapley_vs_oos_shapley,Check 1: IS Shapley VI vs OOS Shapley VI,ishapley_vi,ordinary,0.996551013240707,0.0,5.466429259145291,1584.9377340799006,0.6666666666666666,1000000,20260602,79,,,1,42,0,existing_referee_variant,ishapley_vi,oshapley_vi,identity,ordinary,ordinary,,0.6666666666666666,,0,41,1,,,average,value >= 0 is non-improving
12,rf_cv,RF,is_shapley_vs_oos_shapley,Check 1: IS Shapley VI vs OOS Shapley VI,ishapley_vi,ordinary,0.9920759192838204,0.0,24.703171394230324,3117.481040266395,0.6666666666666666,1000000,20260602,121,,,1,0,0,existing_referee_variant,ishapley_vi,oshapley_vi,identity,ordinary,ordinary,,0.6666666666666666,,0,0,0,,,average,value >= 0 is non-improving
12,xgb_cv,XGBoost,is_shapley_vs_oos_shapley,Check 1: IS Shapley VI vs OOS Shapley VI,ishapley_vi,ordinary,0.9898371809069371,0.0,31.169792782060785,3067.0419788675777,0.6666666666666666,1000000,20260602,121,,,1,0,0,existing_referee_variant,ishapley_vi,oshapley_vi,identity,ordinary,ordinary,,0.6666666666666666,,0,0,0,,,average,value >= 0 is non-improving
12,nn_comb,Neural net,is_shapley_vs_oos_shapley,Check 1: IS Shapley VI vs OOS Shapley VI,ishapley_vi,ordinary,0.9711110241722681,0.0,82.49564393884211,2855.609850303196,0.6666666666666666,1000000,20260602,121,,,1,0,0,existing_referee_variant,ishapley_vi,oshapley_vi,identity,ordinary,ordinary,,0.6666666666666666,,0,0,0,,,average,value >= 0 is non-improving
12,lin_comb,Linear combination,is_shapley_vs_oos_shapley,Check 1: IS Shapley VI vs OOS Shapley VI,ishapley_vi,ordinary,0.9845797024190964,0.0,49.05335539692074,3181.0900625982804,0.6666666666666666,1000000,20260602,121,,,1,0,0,existing_referee_variant,ishapley_vi,oshapley_vi,identity,ordinary,ordinary,,0.6666666666666666,,0,0,0,,,average,value >= 0 is non-improving
12,nonlin_comb,Nonlinear combination,is_shapley_vs_oos_shapley,Check 1: IS Shapley VI vs OOS Shapley VI,ishapley_vi,ordinary,0.9817662139872797,0.0,52.82123183306445,2896.8877772402957,0.6666666666666666,1000000,20260602,121,,,1,0,0,existing_referee_variant,ishapley_vi,oshapley_vi,identity,ordinary,ordinary,,0.6666666666666666,,0,0,0,,,average,value >= 0 is non-improving
12,all_comb,All models combination,is_shapley_vs_oos_shapley,Check 1: IS Shapley VI vs OOS Shapley VI,ishapley_vi,ordinary,0.9863235791594183,0.0,41.07217989150037,3003.138055654723,0.6666666666666666,1000000,20260602,121,,,1,0,0,existing_referee_variant,ishapley_vi,oshapley_vi,identity,ordinary,ordinary,,0.6666666666666666,,0,0,0,,,average,value >= 0 is non-improving
12,pca,PCA,oos_shapley_vs_oos_gpbsv,Check 2: OOS Shapley VI vs OOS GPBSV,oshapley_vi,signed,0.5239327617392878,0.011102,4459.59482493694,9367.573457123088,0.6666666666666666,1000000,20260602,121,71.0,50.0,1,0,0,existing_referee_variant,oshapley_vi,pbsv_rmse,identity,ordinary,signed,0.5,0.6666666666666666,b9e59320ab753dd143d2a87a56647ea8ed890ebd6754bcef2f41c8107c758410,0,0,0,,,average,value >= 0 is non-improving
12,enet,ENet,oos_shapley_vs_oos_gpbsv,Check 2: OOS Shapley VI vs OOS GPBSV,oshapley_vi,signed,0.3977675318502627,0.279496,3127.7412916691715,5193.57799037082,0.6666666666666666,1000000,20260602,76,35.0,41.0,1,45,0,existing_referee_variant,oshapley_vi,pbsv_rmse,identity,ordinary,signed,0.5,0.6666666666666666,b9e59320ab753dd143d2a87a56647ea8ed890ebd6754bcef2f41c8107c758410,0,1,44,,,average,value >= 0 is non-improving
12,rf_cv,RF,oos_shapley_vs_oos_gpbsv,Check 2: OOS Shapley VI vs OOS GPBSV,oshapley_vi,signed,0.8957302986647759,0.0,1175.9008077290966,11277.492815948615,0.6666666666666666,1000000,20260602,121,96.0,25.0,1,0,0,existing_referee_variant,oshapley_vi,pbsv_rmse,identity,ordinary,signed,0.5,0.6666666666666666,b9e59320ab753dd143d2a87a56647ea8ed890ebd6754bcef2f41c8107c758410,0,0,0,,,average,value >= 0 is non-improving
12,xgb_cv,XGBoost,oos_shapley_vs_oos_gpbsv,Check 2: OOS Shapley VI vs OOS GPBSV,oshapley_vi,signed,0.4487480044693346,0.084492,5782.472218570805,10489.707548367749,0.6666666666666666,1000000,20260602,121,64.0,57.0,1,0,0,existing_referee_variant,oshapley_vi,pbsv_rmse,identity,ordinary,signed,0.5,0.6666666666666666,b9e59320ab753dd143d2a87a56647ea8ed890ebd6754bcef2f41c8107c758410,0,0,0,,,average,value >= 0 is non-improving
12,nn_comb,Neural net,oos_shapley_vs_oos_gpbsv,Check 2: OOS Shapley VI vs OOS GPBSV,oshapley_vi,signed,0.47162228643116544,0.047183,5109.919670144476,9670.959881389434,0.6666666666666666,1000000,20260602,121,71.0,50.0,1,0,0,existing_referee_variant,oshapley_vi,pbsv_rmse,identity,ordinary,signed,0.5,0.6666666666666666,b9e59320ab753dd143d2a87a56647ea8ed890ebd6754bcef2f41c8107c758410,0,0,0,,,average,value >= 0 is non-improving
12,lin_comb,Linear combination,oos_shapley_vs_oos_gpbsv,Check 2: OOS Shapley VI vs OOS GPBSV,oshapley_vi,signed,0.5466285886884464,0.010179,4945.498635234409,10908.271919765797,0.6666666666666666,1000000,20260602,121,70.0,51.0,1,0,0,existing_referee_variant,oshapley_vi,pbsv_rmse,identity,ordinary,signed,0.5,0.6666666666666666,b9e59320ab753dd143d2a87a56647ea8ed890ebd6754bcef2f41c8107c758410,0,0,0,,,average,value >= 0 is non-improving
12,nonlin_comb,Nonlinear combination,oos_shapley_vs_oos_gpbsv,Check 2: OOS Shapley VI vs OOS GPBSV,oshapley_vi,signed,0.6229040628084568,9.9e-05,3751.3844345098946,9948.090298847228,0.6666666666666666,1000000,20260602,121,78.0,43.0,1,0,0,existing_referee_variant,oshapley_vi,pbsv_rmse,identity,ordinary,signed,0.5,0.6666666666666666,b9e59320ab753dd143d2a87a56647ea8ed890ebd6754bcef2f41c8107c758410,0,0,0,,,average,value >= 0 is non-improving
12,all_comb,All models combination,oos_shapley_vs_oos_gpbsv,Check 2: OOS Shapley VI vs OOS GPBSV,oshapley_vi,signed,0.668261307388834,1.1e-05,3439.6939445830385,10368.684814872458,0.6666666666666666,1000000,20260602,121,77.0,44.0,1,0,0,existing_referee_variant,oshapley_vi,pbsv_rmse,identity,ordinary,signed,0.5,0.6666666666666666,b9e59320ab753dd143d2a87a56647ea8ed890ebd6754bcef2f41c8107c758410,0,0,0,,,average,value >= 0 is non-improving
12,pca,PCA,is_gpbsv_abs_vs_saved_oos_gpbsv_signed,IS GPBSV robustness: abs(IS GPBSV) vs saved OOS GPBSV,is_gpbsv_abs,signed,0.5866336501859213,0.004310995689004311,5031.907439605102,12172.997250183334,0.6666666666666666,1000000,3102045034,121,71.0,50.0,1,0,0,primary_mas_style_robustness,is_gpbsv_abs,pbsv_rmse,abs,ordinary,signed,0.5,0.6666666666666666,b9e59320ab753dd143d2a87a56647ea8ed890ebd6754bcef2f41c8107c758410,0,0,0,,,average,value >= 0 is non-improving
12,enet,ENet,is_gpbsv_abs_vs_saved_oos_gpbsv_signed,IS GPBSV robustness: abs(IS GPBSV) vs saved OOS GPBSV,is_gpbsv_abs,signed,0.3236555067460849,0.4423385576614423,9912.177499147077,14655.515936056894,0.6666666666666666,1000000,3841474335,121,39.0,82.0,1,0,0,primary_mas_style_robustness,is_gpbsv_abs,pbsv_rmse,abs,ordinary,signed,0.5,0.6666666666666666,b9e59320ab753dd143d2a87a56647ea8ed890ebd6754bcef2f41c8107c758410,0,41,6,,,average,value >= 0 is non-improving
12,rf_cv,RF,is_gpbsv_abs_vs_saved_oos_gpbsv_signed,IS GPBSV robustness: abs(IS GPBSV) vs saved OOS GPBSV,is_gpbsv_abs,signed,0.9121736553363531,9.99999000001e-07,1066.1414456728505,12139.198662495937,0.6666666666666666,1000000,2062446239,121,96.0,25.0,1,0,0,primary_mas_style_robustness,is_gpbsv_abs,pbsv_rmse,abs,ordinary,signed,0.5,0.6666666666666666,b9e59320ab753dd143d2a87a56647ea8ed890ebd6754bcef2f41c8107c758410,0,0,0,,,average,value >= 0 is non-improving
12,xgb_cv,XGBoost,is_gpbsv_abs_vs_saved_oos_gpbsv_signed,IS GPBSV robustness: abs(IS GPBSV) vs saved OOS GPBSV,is_gpbsv_abs,signed,0.6280687691132839,0.00143999856000144,4868.825884494132,13090.661606680438,0.6666666666666666,1000000,3037219199,121,64.0,57.0,1,0,0,primary_mas_style_robustness,is_gpbsv_abs,pbsv_rmse,abs,ordinary,signed,0.5,0.6666666666666666,b9e59320ab753dd143d2a87a56647ea8ed890ebd6754bcef2f41c8107c758410,0,0,0,,,average,value >= 0 is non-improving
12,nn_comb,Neural net,is_gpbsv_abs_vs_saved_oos_gpbsv_signed,IS GPBSV robustness: abs(IS GPBSV) vs saved OOS GPBSV,is_gpbsv_abs,signed,0.6764821026482637,6.799993200006799e-05,4027.1261141403074,12447.923738085876,0.6666666666666666,1000000,3740860691,121,71.0,50.0,1,0,0,primary_mas_style_robustness,is_gpbsv_abs,pbsv_rmse,abs,ordinary,signed,0.5,0.6666666666666666,b9e59320ab753dd143d2a87a56647ea8ed890ebd6754bcef2f41c8107c758410,0,0,1,,,average,value >= 0 is non-improving
12,lin_comb,Linear combination,is_gpbsv_abs_vs_saved_oos_gpbsv_signed,IS GPBSV robustness: abs(IS GPBSV) vs saved OOS GPBSV,is_gpbsv_abs,signed,0.6555959480902069,0.000848999151000849,4544.384283803266,13194.92107773906,0.6666666666666666,1000000,699546885,121,70.0,51.0,1,0,0,primary_mas_style_robustness,is_gpbsv_abs,pbsv_rmse,abs,ordinary,signed,0.5,0.6666666666666666,b9e59320ab753dd143d2a87a56647ea8ed890ebd6754bcef2f41c8107c758410,0,0,0,,,average,value >= 0 is non-improving
12,nonlin_comb,Nonlinear combination,is_gpbsv_abs_vs_saved_oos_gpbsv_signed,IS GPBSV robustness: abs(IS GPBSV) vs saved OOS GPBSV,is_gpbsv_abs,signed,0.7723987701181062,9.99999000001e-07,2819.79607133251,12389.195228847184,0.6666666666666666,1000000,3915646301,121,78.0,43.0,1,0,0,primary_mas_style_robustness,is_gpbsv_abs,pbsv_rmse,abs,ordinary,signed,0.5,0.6666666666666666,b9e59320ab753dd143d2a87a56647ea8ed890ebd6754bcef2f41c8107c758410,0,0,0,,,average,value >= 0 is non-improving
12,all_comb,All models combination,is_gpbsv_abs_vs_saved_oos_gpbsv_signed,IS GPBSV robustness: abs(IS GPBSV) vs saved OOS GPBSV,is_gpbsv_abs,signed,0.7656620067216651,9.99999000001e-07,2944.600999978453,12565.614985364338,0.6666666666666666,1000000,983923536,121,77.0,44.0,1,0,0,primary_mas_style_robustness,is_gpbsv_abs,pbsv_rmse,abs,ordinary,signed,0.5,0.6666666666666666,b9e59320ab753dd143d2a87a56647ea8ed890ebd6754bcef2f41c8107c758410,0,0,0,,,average,value >= 0 is non-improving
12,pca,PCA,is_gpbsv_signed_vs_saved_oos_gpbsv_signed,IS GPBSV concordance: signed IS GPBSV vs saved OOS GPBSV,is_gpbsv_abs,signed,0.6763616824616778,0.001964998035001965,2584.2221460240858,7984.907861591781,0.6666666666666666,1000000,2608577488,121,71.0,50.0,1,0,0,signed_concordance_companion,is_gpbsv_signed,pbsv_rmse,identity,signed,signed,0.5,0.6666666666666666,b9e59320ab753dd143d2a87a56647ea8ed890ebd6754bcef2f41c8107c758410,0,0,0,98.0,23.0,average,value >= 0 is non-improving
12,enet,ENet,is_gpbsv_signed_vs_saved_oos_gpbsv_signed,IS GPBSV concordance: signed IS GPBSV vs saved OOS GPBSV,is_gpbsv_abs,signed,0.4461418311862443,0.422947577052423,3487.2401926872644,6296.269314138993,0.6666666666666666,1000000,2221360265,121,39.0,82.0,1,0,0,signed_concordance_companion,is_gpbsv_signed,pbsv_rmse,identity,signed,signed,0.5,0.6666666666666666,b9e59320ab753dd143d2a87a56647ea8ed890ebd6754bcef2f41c8107c758410,0,41,6,76.0,45.0,average,value >= 0 is non-improving
12,rf_cv,RF,is_gpbsv_signed_vs_saved_oos_gpbsv_signed,IS GPBSV concordance: signed IS GPBSV vs saved OOS GPBSV,is_gpbsv_abs,signed,0.9121736553363531,9.99999000001e-07,1066.1414456728505,12139.198662495937,0.6666666666666666,1000000,3787577488,121,96.0,25.0,1,0,0,signed_concordance_companion,is_gpbsv_signed,pbsv_rmse,identity,signed,signed,0.5,0.6666666666666666,b9e59320ab753dd143d2a87a56647ea8ed890ebd6754bcef2f41c8107c758410,0,0,0,121.0,0.0,average,value >= 0 is non-improving
12,xgb_cv,XGBoost,is_gpbsv_signed_vs_saved_oos_gpbsv_signed,IS GPBSV concordance: signed IS GPBSV vs saved OOS GPBSV,is_gpbsv_abs,signed,0.6734607145106486,0.001051998948001052,3543.7547932750363,10852.460793390816,0.6666666666666666,1000000,1785309790,121,64.0,57.0,1,0,0,signed_concordance_companion,is_gpbsv_signed,pbsv_rmse,identity,signed,signed,0.5,0.6666666666666666,b9e59320ab753dd143d2a87a56647ea8ed890ebd6754bcef2f41c8107c758410,0,0,0,110.0,11.0,average,value >= 0 is non-improving
12,nn_comb,Neural net,is_gpbsv_signed_vs_saved_oos_gpbsv_signed,IS GPBSV concordance: signed IS GPBSV vs saved OOS GPBSV,is_gpbsv_abs,signed,0.8324299984456378,9.99999000001e-07,1261.745239946299,7529.660608954341,0.6666666666666666,1000000,2137544307,121,71.0,50.0,1,0,0,signed_concordance_companion,is_gpbsv_signed,pbsv_rmse,identity,signed,signed,0.5,0.6666666666666666,b9e59320ab753dd143d2a87a56647ea8ed890ebd6754bcef2f41c8107c758410,0,0,1,94.0,27.0,average,value >= 0 is non-improving
12,lin_comb,Linear combination,is_gpbsv_signed_vs_saved_oos_gpbsv_signed,IS GPBSV concordance: signed IS GPBSV vs saved OOS GPBSV,is_gpbsv_abs,signed,0.7152084787288938,0.000741999258000742,2849.113253890836,10004.206730503867,0.6666666666666666,1000000,3059448786,121,70.0,51.0,1,0,0,signed_concordance_companion,is_gpbsv_signed,pbsv_rmse,identity,signed,signed,0.5,0.6666666666666666,b9e59320ab753dd143d2a87a56647ea8ed890ebd6754bcef2f41c8107c758410,0,0,0,105.0,16.0,average,value >= 0 is non-improving
12,nonlin_comb,Nonlinear combination,is_gpbsv_signed_vs_saved_oos_gpbsv_signed,IS GPBSV concordance: signed IS GPBSV vs saved OOS GPBSV,is_gpbsv_abs,signed,0.8273740243647819,9.99999000001e-07,1733.6333945189597,10042.71453435467,0.6666666666666666,1000000,1260565096,121,78.0,43.0,1,0,0,signed_concordance_companion,is_gpbsv_signed,pbsv_rmse,identity,signed,signed,0.5,0.6666666666666666,b9e59320ab753dd143d2a87a56647ea8ed890ebd6754bcef2f41c8107c758410,0,0,0,109.0,12.0,average,value >= 0 is non-improving
12,all_comb,All models combination,is_gpbsv_signed_vs_saved_oos_gpbsv_signed,IS GPBSV concordance: signed IS GPBSV vs saved OOS GPBSV,is_gpbsv_abs,signed,0.8041296776135807,9.99999000001e-07,2109.0447537047858,10767.556452702387,0.6666666666666666,1000000,2330757254,121,77.0,44.0,1,0,0,signed_concordance_companion,is_gpbsv_signed,pbsv_rmse,identity,signed,signed,0.5,0.6666666666666666,b9e59320ab753dd143d2a87a56647ea8ed890ebd6754bcef2f41c8107c758410,0,0,0,112.0,9.0,average,value >= 0 is non-improving
