scenario,seed,model,feature,role,is_gpbsv_mse,is_gpbsv_mse_pooled,oos_gpbsv_mse,is_gpbsv_rmse,is_gpbsv_rmse_pooled,oos_gpbsv_rmse,is_base_mse,oos_base_mse,n_windows_sampled,n_instances_per_window,n_iterations,sec_oos,sec_is
break_b08_expanding,100,ols,x1,signal,-1.030505742887049,-1.0305057428870492,-0.6812629091116778,-0.4252566687847475,-0.43179134853715523,-0.2789974323187182,2.1020929051331803,1.6109939915236489,5,24,48,10.4,15.0
break_b08_expanding,100,ols,x2,trap,-0.18563718055070372,-0.18563718055070375,0.36083030802373656,-0.07751489213653931,-0.07889304676125124,0.14585313985869855,2.1020929051331803,1.6109939915236489,5,24,48,10.4,15.0
break_b08_expanding,100,ols,x3,noise,-0.001381956526741933,-0.0013819565267418736,0.0013919571742134578,-0.0006558054775840309,-0.0005120643305754404,0.0006749139432332454,2.1020929051331803,1.6109939915236489,5,24,48,10.4,15.0
break_b08_expanding,100,ols,x4,noise,-0.016079278537514466,-0.01607927853751455,0.011634264559288407,-0.00647047717578299,-0.006735719679972377,0.0049676105425732016,2.1020929051331803,1.6109939915236489,5,24,48,10.4,15.0
break_b08_expanding,100,enet,x1,signal,-1.0304923225043647,-1.030492322504365,-0.6812925779932298,-0.42525120581716325,-0.43178478030042694,-0.27901708752000726,2.1020929051331803,1.610993991523649,5,24,48,10.4,15.0
break_b08_expanding,100,enet,x2,trap,-0.18566137777315184,-0.18566137777315175,0.36073626097841505,-0.07752567795769466,-0.07890340976224373,0.14581867384476938,2.1020929051331803,1.610993991523649,5,24,48,10.4,15.0
break_b08_expanding,100,enet,x3,noise,-0.0013802503425351,-0.0013802503425350704,0.0013943627900413504,-0.0006546258821854367,-0.000511307789740891,0.0006755052394576666,2.1020929051331803,1.610993991523649,5,24,48,10.4,15.0
break_b08_expanding,100,enet,x4,noise,-0.01606416883733465,-0.016064168837334587,0.011619723108270785,-0.006464203323977995,-0.006729441379102513,0.004961646007588125,2.1020929051331803,1.610993991523649,5,24,48,10.4,15.0
break_b08_expanding,100,rf,x1,signal,-1.1680730205646368,-1.168073020564637,-0.5976849584813169,-0.5018708536086249,-0.5079692861505253,-0.24610566588618296,2.1014960893044536,1.6137468886156214,5,24,48,10.4,15.0
break_b08_expanding,100,rf,x2,trap,-0.25499757841498716,-0.25499757841498705,0.32270643120800574,-0.11890873129038189,-0.12146001448187103,0.1324050951217963,2.1014960893044536,1.6137468886156214,5,24,48,10.4,15.0
break_b08_expanding,100,rf,x3,noise,-0.03538422906186104,-0.03538422906186103,0.013732191028279312,-0.018896342728365968,-0.01997139496705265,0.006137397485864918,2.1014960893044536,1.6137468886156214,5,24,48,10.4,15.0
break_b08_expanding,100,rf,x4,noise,-0.029207532697714478,-0.02920753269771441,0.00413431024362033,-0.016449937308024958,-0.016777670270453696,0.0019764909336807274,2.1014960893044536,1.6137468886156214,5,24,48,10.4,15.0
break_b08_expanding,101,ols,x1,signal,-1.0165387204970402,-1.0165387204970402,-0.8244737180752448,-0.35628038379487403,-0.36741643472265756,-0.3277036369548678,2.669260616274664,1.8070563969007252,5,24,48,10.4,13.8
break_b08_expanding,101,ols,x2,trap,-0.35927576025963215,-0.359275760259632,0.5391664368285736,-0.12894551643802682,-0.1328846684689087,0.21728419019490727,2.669260616274664,1.8070563969007252,5,24,48,10.4,13.8
break_b08_expanding,101,ols,x3,noise,-0.007726415294799958,-0.00772641529479999,0.014815823708100745,-0.0024014597376335912,-0.0025269604755188343,0.005581610242372852,2.669260616274664,1.8070563969007252,5,24,48,10.4,13.8
break_b08_expanding,101,ols,x4,noise,-0.03128815899434501,-0.0312881589943447,0.003510302142818162,-0.011946701686659457,-0.010945047012877731,0.0015675383291593042,2.669260616274664,1.8070563969007252,5,24,48,10.4,13.8
break_b08_expanding,101,enet,x1,signal,-1.0143541258215945,-1.0143541258215942,-0.8242233618788365,-0.35547305325820844,-0.36645914940812485,-0.3280759116007355,2.669260616274664,1.8070563969007252,5,24,48,10.4,13.8
break_b08_expanding,101,enet,x2,trap,-0.36036669623837125,-0.3603666962383711,0.5268937476710187,-0.12942743538277773,-0.13319893296768578,0.2127732883711871,2.669260616274664,1.8070563969007252,5,24,48,10.4,13.8
break_b08_expanding,101,enet,x3,noise,-0.007443677731578557,-0.007443677731578548,0.013652503833034393,-0.0023357817695327963,-0.0024468349422806673,0.005159676199522529,2.669260616274664,1.8070563969007252,5,24,48,10.4,13.8
break_b08_expanding,101,enet,x4,noise,-0.0303130802621688,-0.030313080262168692,0.003266039191277832,-0.011595467199636705,-0.010618932435097843,0.0014498657930090305,2.669260616274664,1.8070563969007252,5,24,48,10.4,13.8
break_b08_expanding,101,rf,x1,signal,-1.2055590117290464,-1.2055590117290464,-0.7467252289544671,-0.4496077330419565,-0.46343669779932023,-0.29711903328182737,2.670306739358136,1.8060237832463255,5,24,48,10.4,13.8
break_b08_expanding,101,rf,x2,trap,-0.5221117187418296,-0.5221117187418297,0.37099179037712715,-0.21055676280859315,-0.21171084083903705,0.14960190354742972,2.670306739358136,1.8060237832463255,5,24,48,10.4,13.8
break_b08_expanding,101,rf,x3,noise,-0.0680119138744996,-0.06801191387449965,0.005405401703902313,-0.030045617313307828,-0.02960175212050398,0.0018452196746502729,2.670306739358136,1.8060237832463255,5,24,48,10.4,13.8
break_b08_expanding,101,rf,x4,noise,-0.06049772093391452,-0.06049772093391461,0.007809553345826582,-0.027356037929991205,-0.027068513220142282,0.0032477209493188323,2.670306739358136,1.8060237832463255,5,24,48,10.4,13.8
break_b08_expanding,102,ols,x1,signal,-1.1309128554583427,-1.1309128554583427,-1.1236303392146534,-0.4284391439683367,-0.4305016024556729,-0.43099140497650246,2.744213772464774,2.2002221350799442,5,24,48,10.4,14.2
break_b08_expanding,102,ols,x2,trap,-0.6395596113274915,-0.6395596113274914,0.39800838917237297,-0.22062781142463841,-0.2409778638426714,0.1630997287559651,2.744213772464774,2.2002221350799442,5,24,48,10.4,14.2
break_b08_expanding,102,ols,x3,noise,-0.002118503277459183,-0.002118503277459039,0.010508503754495224,-0.0005305758565040161,-0.0005929242441577882,0.003533483425633937,2.744213772464774,2.2002221350799442,5,24,48,10.4,14.2
break_b08_expanding,102,ols,x4,noise,-0.010321893331243196,-0.010321893331243075,0.0032948391534367177,-0.004014924221532807,-0.004034932980069181,0.0010450614241989825,2.744213772464774,2.2002221350799442,5,24,48,10.4,14.2
break_b08_expanding,102,enet,x1,signal,-1.1309269584207775,-1.1309269584207773,-1.1236323266062664,-0.42844064580062363,-0.43050455325959,-0.43099791069330395,2.744213772464774,2.2002221350799442,5,24,48,10.4,14.2
break_b08_expanding,102,enet,x2,trap,-0.6395492791939686,-0.6395492791939685,0.397900155623347,-0.2206246554908128,-0.2409740904574762,0.1630594314978062,2.744213772464774,2.2002221350799442,5,24,48,10.4,14.2
break_b08_expanding,102,enet,x3,noise,-0.002111256029740469,-0.00211125602974032,0.010491637324848658,-0.0005282419125444484,-0.0005906452504984583,0.0035279131787487234,2.744213772464774,2.2002221350799442,5,24,48,10.4,14.2
break_b08_expanding,102,enet,x4,noise,-0.010310612752571776,-0.01031061275257164,0.003294466650349445,-0.004010730167406839,-0.004030509032408994,0.0010451959365388834,2.744213772464774,2.2002221350799442,5,24,48,10.4,14.2
break_b08_expanding,102,rf,x1,signal,-1.2739654039365582,-1.2739654039365582,-1.0549996063101077,-0.5135580037024057,-0.5133382738903824,-0.39705164242435353,2.7432417041861905,2.2015252659621014,5,24,48,10.4,14.2
break_b08_expanding,102,rf,x2,trap,-0.7734937933763297,-0.7734937933763293,0.34251863622661133,-0.296374856062547,-0.3185293584117919,0.13550364008282473,2.7432417041861905,2.2015252659621014,5,24,48,10.4,14.2
break_b08_expanding,102,rf,x3,noise,-0.04476738437896051,-0.04476738437896046,0.0363180105397349,-0.020933782130402652,-0.020441412274631133,0.013209998710539435,2.7432417041861905,2.2015252659621014,5,24,48,10.4,14.2
break_b08_expanding,102,rf,x4,noise,-0.0338619365345396,-0.03386193653453957,0.017257308397632926,-0.01800579456675636,-0.018373415464675108,0.006606617263977019,2.7432417041861905,2.2015252659621014,5,24,48,10.4,14.2
break_b08_expanding,103,ols,x1,signal,-0.6733218837074736,-0.6733218837074736,-1.2325968863263792,-0.27320450846817773,-0.2674626681899912,-0.4370685313902311,2.0687795415907133,2.423424582419385,5,24,48,10.4,13.4
break_b08_expanding,103,ols,x2,trap,-0.2997137501867849,-0.299713750186785,0.43516796013787307,-0.12308770018686255,-0.12413288361256336,0.15651005944396848,2.0687795415907133,2.423424582419385,5,24,48,10.4,13.4
break_b08_expanding,103,ols,x3,noise,0.007131335916273124,0.007131335916273113,0.01244682015115759,0.0028802437053928676,0.002873323640169604,0.004309244841838718,2.0687795415907133,2.423424582419385,5,24,48,10.4,13.4
break_b08_expanding,103,ols,x4,noise,-0.010425673763988456,-0.0104256737639883,0.002213079601133844,-0.004276363505451184,-0.004399903951806623,0.00039476867030009455,2.0687795415907133,2.423424582419385,5,24,48,10.4,13.4
break_b08_expanding,103,enet,x1,signal,-0.6781718223088854,-0.6781718223088854,-1.197291402275295,-0.276970433914083,-0.2703029044567467,-0.42884951284633077,2.0687795415907133,2.423424582419385,5,24,48,10.4,13.4
break_b08_expanding,103,enet,x2,trap,-0.3014002845490676,-0.30140028454906753,0.3262925388881638,-0.12316425497785792,-0.12443785233029821,0.11840506592751208,2.0687795415907133,2.423424582419385,5,24,48,10.4,13.4
break_b08_expanding,103,enet,x3,noise,-1.5959455978986624e-17,0.0,0.0,-1.0639637319324418e-17,0.0,0.0,2.0687795415907133,2.423424582419385,5,24,48,10.4,13.4
break_b08_expanding,103,enet,x4,noise,-0.001710082439097864,-0.001710082439097857,0.005210726954010296,-0.0006724469391317642,-0.0007530878022598692,0.0017622771285369192,2.0687795415907133,2.423424582419385,5,24,48,10.4,13.4
break_b08_expanding,103,rf,x1,signal,-0.839409744269366,-0.8394097442693659,-1.1000791417798421,-0.36535866791418103,-0.35900597622458924,-0.38197922432172066,2.0690327542742866,2.425687334679302,5,24,48,10.4,13.4
break_b08_expanding,103,rf,x2,trap,-0.4500091382883033,-0.4500091382883033,0.43373825694768836,-0.20470481116074293,-0.20364281342255794,0.15231216391369692,2.0690327542742866,2.425687334679302,5,24,48,10.4,13.4
break_b08_expanding,103,rf,x3,noise,-0.03095539661210922,-0.030955396612109224,0.013395151490228586,-0.016497286261293393,-0.01607078819155904,0.004731514000990739,2.0690327542742866,2.425687334679302,5,24,48,10.4,13.4
break_b08_expanding,103,rf,x4,noise,-0.0646470851427983,-0.06464708514279831,0.02967558649940935,-0.03360051555570311,-0.032643887700312665,0.010015038932012143,2.0690327542742866,2.425687334679302,5,24,48,10.4,13.4
break_b08_expanding,104,ols,x1,signal,-0.9023244112680769,-0.9023244112680769,-1.216197174496699,-0.33421904898464605,-0.33999200182786377,-0.44330867067689433,2.4697552197086594,2.4454102093394274,5,24,48,10.4,13.1
break_b08_expanding,104,ols,x2,trap,-0.3626375333718793,-0.3626375333718795,0.2893637688283655,-0.13298404787262894,-0.1359064531185375,0.1117268226078138,2.4697552197086594,2.4454102093394274,5,24,48,10.4,13.1
break_b08_expanding,104,ols,x3,noise,-0.0006205081744267023,-0.0006205081744266894,0.0025246627786683815,-4.4507921470854196e-05,0.0001771254306019617,0.001043235871766401,2.4697552197086594,2.4454102093394274,5,24,48,10.4,13.1
break_b08_expanding,104,ols,x4,noise,-0.010263102022121558,-0.010263102022121684,0.0035928610414630996,-0.0029361741209530667,-0.0031624241547239876,0.0015430042440215536,2.4697552197086594,2.4454102093394274,5,24,48,10.4,13.1
break_b08_expanding,104,enet,x1,signal,-0.9023603208126179,-0.9023603208126181,-1.2161974377399505,-0.3342354978028391,-0.34000682130508825,-0.4433134795943517,2.4697552197086594,2.4454102093394274,5,24,48,10.4,13.1
break_b08_expanding,104,enet,x2,trap,-0.36263036912625346,-0.3626303691262535,0.2892685162164001,-0.13298317927983477,-0.13590485732169036,0.11169207766091083,2.4697552197086594,2.4454102093394274,5,24,48,10.4,13.1
break_b08_expanding,104,enet,x3,noise,-0.0006258803620359343,-0.0006258803620359868,0.0025086584323950334,-4.6434066729553635e-05,0.0001747686857504968,0.0010376321781134883,2.4697552197086594,2.4454102093394274,5,24,48,10.4,13.1
break_b08_expanding,104,enet,x4,noise,-0.010267720753016109,-0.010267720753016086,0.0035902537625660466,-0.0029381915380118787,-0.003164569495126677,0.001541947439309084,2.4697552197086594,2.4454102093394274,5,24,48,10.4,13.1
break_b08_expanding,104,rf,x1,signal,-1.1746276660130914,-1.1746276660130912,-1.199376616171441,-0.46935345004658374,-0.47459022499066733,-0.43881132098782616,2.470565206502255,2.445908684017223,5,24,48,10.4,13.1
break_b08_expanding,104,rf,x2,trap,-0.43502345441890283,-0.43502345441890305,0.2243714802346857,-0.17976016436505404,-0.18207166338161515,0.08823263265603372,2.470565206502255,2.445908684017223,5,24,48,10.4,13.1
break_b08_expanding,104,rf,x3,noise,-0.04193462194284108,-0.04193462194284101,0.015167687669927531,-0.019944216137481704,-0.019997571177412504,0.006113887063990017,2.470565206502255,2.445908684017223,5,24,48,10.4,13.1
break_b08_expanding,104,rf,x4,noise,-0.09347799624746564,-0.09347799624746551,0.010356700230383133,-0.042296079795413256,-0.04337997138517713,0.003810399183897771,2.470565206502255,2.445908684017223,5,24,48,10.4,13.1
break_b08_expanding,105,ols,x1,signal,-0.5352012093086291,-0.5352012093086292,-0.8992865547212583,-0.20668238694271204,-0.20967247306430958,-0.37282629173627696,2.0461281932301576,1.8748220974550796,5,24,48,10.3,14.1
break_b08_expanding,105,ols,x2,trap,-0.27199207717889273,-0.2719920771788926,0.2119114740976282,-0.10868731681076753,-0.1088188173479523,0.09296749432641171,2.0461281932301576,1.8748220974550796,5,24,48,10.3,14.1
break_b08_expanding,105,ols,x3,noise,-0.012844249136985874,-0.012844249136985791,-0.020307734765327577,-0.004578869495845079,-0.005514439759947029,-0.008148477100437179,2.0461281932301576,1.8748220974550796,5,24,48,10.3,14.1
break_b08_expanding,105,ols,x4,noise,-0.013200185909232129,-0.013200185909232005,0.015548029531694619,-0.004663259294857272,-0.005110576489217505,0.00628012421357504,2.0461281932301576,1.8748220974550796,5,24,48,10.3,14.1
break_b08_expanding,105,enet,x1,signal,-0.5352090608460252,-0.5352090608460252,-0.8993121957131728,-0.20668457803696733,-0.20967576787180886,-0.37284306279735535,2.0461281932301576,1.8748220974550796,5,24,48,10.3,14.1
break_b08_expanding,105,enet,x2,trap,-0.2719862222473385,-0.2719862222473384,0.21182605730726936,-0.10868495723617996,-0.10881627576176607,0.09293279342743965,2.0461281932301576,1.8748220974550796,5,24,48,10.3,14.1
break_b08_expanding,105,enet,x3,noise,-0.012845666673144596,-0.012845666673144478,-0.020301293922460755,-0.004579617746202994,-0.005514714014028105,-0.008146239940393677,2.0461281932301576,1.8748220974550796,5,24,48,10.3,14.1
break_b08_expanding,105,enet,x4,noise,-0.01319250675736065,-0.013192506757360745,0.015529906102177452,-0.0046605698269888245,-0.005107612686066608,0.006272925936909396,2.0461281932301576,1.8748220974550796,5,24,48,10.3,14.1
break_b08_expanding,105,rf,x1,signal,-0.7352975479740774,-0.7352975479740773,-0.7923436527006836,-0.31123314097992044,-0.3141626230272783,-0.3228136168773991,2.044637867225788,1.8728705623055162,5,24,48,10.3,14.1
break_b08_expanding,105,rf,x2,trap,-0.4595036401731175,-0.4595036401731176,0.24886009454550098,-0.2014716361074104,-0.2019258681510072,0.10654839536481879,2.044637867225788,1.8728705623055162,5,24,48,10.3,14.1
break_b08_expanding,105,rf,x3,noise,-0.05619640403839695,-0.05619640403839687,-0.007004379355506901,-0.025041605443872683,-0.02643307239781294,-0.002229267519559044,2.044637867225788,1.8728705623055162,5,24,48,10.3,14.1
break_b08_expanding,105,rf,x4,noise,-0.043563317608486675,-0.043563317608486675,0.012715345683207799,-0.021573348836438508,-0.02131694463164516,0.00543027289387012,2.044637867225788,1.8728705623055162,5,24,48,10.3,14.1
break_b08_expanding,106,ols,x1,signal,-0.9172840790864776,-0.9172840790864778,-0.6775858782810779,-0.31812617459123327,-0.3282788529124733,-0.2543133834143714,2.9964061408512346,1.8560610487415208,5,24,48,10.5,13.7
break_b08_expanding,106,ols,x2,trap,-0.9686439955523962,-0.9686439955523959,0.5155505671106696,-0.3444912167443,-0.34628914786257675,0.19358189028060527,2.9964061408512346,1.8560610487415208,5,24,48,10.5,13.7
break_b08_expanding,106,ols,x3,noise,0.013176271542900426,0.013176271542900379,0.006231708461573326,0.004733416399522837,0.00401701167641786,0.0024301746110576006,2.9964061408512346,1.8560610487415208,5,24,48,10.5,13.7
break_b08_expanding,106,ols,x4,noise,0.00471275942117804,0.0047127594211780225,0.004863195950930471,0.0015807135883827966,0.0017842009195550544,0.0017306848792147875,2.9964061408512346,1.8560610487415208,5,24,48,10.5,13.7
break_b08_expanding,106,enet,x1,signal,-0.8998248959140003,-0.8998248959140002,-0.6874650412713775,-0.30991085706165805,-0.31991169986943924,-0.2632985699674862,2.9964061408512346,1.8560610487415208,5,24,48,10.5,13.7
break_b08_expanding,106,enet,x2,trap,-0.9339300179627934,-0.9339300179627932,0.3915142388680432,-0.32956352513008313,-0.33180734180932664,0.1500534775455508,2.9964061408512346,1.8560610487415208,5,24,48,10.5,13.7
break_b08_expanding,106,enet,x3,noise,0.006922890960568339,0.006922890960568237,0.004726313504179902,0.00248512565155344,0.0021745034430816768,0.0018060524616363427,2.9964061408512346,1.8560610487415208,5,24,48,10.5,13.7
break_b08_expanding,106,enet,x4,noise,-2.5905203907920317e-17,0.0,0.0,-1.295260195396016e-17,0.0,0.0,2.9964061408512346,1.8560610487415208,5,24,48,10.5,13.7
break_b08_expanding,106,rf,x1,signal,-1.176154572665024,-1.1761545726650242,-0.6405861851327704,-0.45188218349362713,-0.46300757673329135,-0.23906567170152035,2.9974972608198063,1.8558774862623257,5,24,48,10.5,13.7
break_b08_expanding,106,rf,x2,trap,-1.1401189612747304,-1.1401189612747304,0.5049080363665411,-0.4470215516889574,-0.44933769390097994,0.18746610273701028,2.9974972608198063,1.8558774862623257,5,24,48,10.5,13.7
break_b08_expanding,106,rf,x3,noise,-0.04282518139782279,-0.042825181397822765,0.01479229166876405,-0.020967674835715266,-0.020940785637962533,0.00633078466410765,2.9974972608198063,1.8558774862623257,5,24,48,10.5,13.7
break_b08_expanding,106,rf,x4,noise,-0.027717983688457747,-0.027717983688457876,-0.005740122701809114,-0.016680508085824965,-0.016581590801723237,-0.0020270816772739544,2.9974972608198063,1.8558774862623257,5,24,48,10.5,13.7
break_b08_expanding,107,ols,x1,signal,-1.4732010836563965,-1.4732010836563967,-0.8252045568061108,-0.5411662975664775,-0.5368942179217742,-0.29696785097962347,3.014215735382842,2.1470303469598924,5,24,48,10.5,13.6
break_b08_expanding,107,ols,x2,trap,-0.5063533158701043,-0.5063533158701042,0.5252857210761158,-0.182501162446775,-0.18171869559127907,0.19047150713086572,3.014215735382842,2.1470303469598924,5,24,48,10.5,13.6
break_b08_expanding,107,ols,x3,noise,-0.004810254341009309,-0.0048102543410091765,0.008094071018272626,-0.002509152201437502,-0.0032472599770968966,0.003072946972517756,3.014215735382842,2.1470303469598924,5,24,48,10.5,13.6
break_b08_expanding,107,ols,x4,noise,-0.005597966321284534,-0.0055979663212843865,-0.0005451124417163375,-0.0019895225775728264,-0.002235604193969535,7.756240675225087e-06,3.014215735382842,2.1470303469598924,5,24,48,10.5,13.6
break_b08_expanding,107,enet,x1,signal,-1.4723147877708755,-1.472314787770875,-0.8647335409934543,-0.5391447136204531,-0.5352257611707804,-0.31586973084995834,3.014215735382842,2.1470303469598924,5,24,48,10.5,13.6
break_b08_expanding,107,enet,x2,trap,-0.5021546253348339,-0.5021546253348337,0.4258976088527337,-0.18220437133757977,-0.18121008471023595,0.15758534458773435,3.014215735382842,2.1470303469598924,5,24,48,10.5,13.6
break_b08_expanding,107,enet,x3,noise,-0.0034604403202206763,-0.0034604403202206577,0.005953637067704562,-0.0016270525080399807,-0.001956110111864274,0.002209871312273596,3.014215735382842,2.1470303469598924,5,24,48,10.5,13.6
break_b08_expanding,107,enet,x4,noise,-0.0018507055989567954,-0.0018507055989566517,-0.0003828285021316412,-0.0005810218113424332,-0.0006858670140709155,-9.176113342422576e-05,3.014215735382842,2.1470303469598924,5,24,48,10.5,13.6
break_b08_expanding,107,rf,x1,signal,-1.6592757020671247,-1.6592757020671247,-0.7547806934885007,-0.6439277183871773,-0.6393534785611091,-0.2747913283041666,3.014353122312063,2.1454685008960994,5,24,48,10.5,13.6
break_b08_expanding,107,rf,x2,trap,-0.635445344056187,-0.6354453440561869,0.4330587547847713,-0.25149322296047566,-0.25300562465551724,0.1603233882779461,3.014353122312063,2.1454685008960994,5,24,48,10.5,13.6
break_b08_expanding,107,rf,x3,noise,-0.02031744126833084,-0.02031744126833075,-0.007155091982549616,-0.011646908342086624,-0.011920030314585642,-0.0025041973243174497,3.014353122312063,2.1454685008960994,5,24,48,10.5,13.6
break_b08_expanding,107,rf,x4,noise,-0.043770953432738166,-0.04377095343273818,0.0016819917552182613,-0.021288720393799348,-0.022253598806679622,0.0006640578493043401,3.014353122312063,2.1454685008960994,5,24,48,10.5,13.6
break_b08_expanding,108,ols,x1,signal,-0.6769074636907757,-0.6769074636907756,-1.2863339898361785,-0.23931165394245166,-0.24488901689819606,-0.4782511398505463,2.434714848085529,2.430696579531988,5,24,48,10.2,14.5
break_b08_expanding,108,ols,x2,trap,-0.316434867850958,-0.31643486785095803,0.3310811130679618,-0.11114270683094267,-0.11430642825100479,0.1341641024485203,2.434714848085529,2.430696579531988,5,24,48,10.2,14.5
break_b08_expanding,108,ols,x3,noise,0.0006669768787034227,0.0006669768787034661,0.007973706293829782,0.00029852154088502904,0.0001231933697750052,0.0028418590839468516,2.434714848085529,2.430696579531988,5,24,48,10.2,14.5
break_b08_expanding,108,ols,x4,noise,-0.0044072904856030755,-0.004407290485602976,-0.020526532045606647,-0.002706378344574386,-0.0022720184147777245,-0.00832370127044855,2.434714848085529,2.430696579531988,5,24,48,10.2,14.5
break_b08_expanding,108,enet,x1,signal,-0.6769251021621463,-0.6769251021621464,-1.286316320431619,-0.23931918426385104,-0.24489662548948865,-0.47824920801928616,2.434714848085529,2.4306965795319875,5,24,48,10.2,14.5
break_b08_expanding,108,enet,x2,trap,-0.3164446776365296,-0.3164446776365295,0.3309510741821013,-0.11114662588985522,-0.11431075886165591,0.13411442399780468,2.434714848085529,2.4306965795319875,5,24,48,10.2,14.5
break_b08_expanding,108,enet,x3,noise,0.0006731735592332576,0.0006731735592332005,0.007949801153430205,0.00030106728283982407,0.000125868845453736,0.0028335647619842017,2.434714848085529,2.4306965795319875,5,24,48,10.2,14.5
break_b08_expanding,108,enet,x4,noise,-0.0044071396658906,-0.004407139665890747,-0.020511620903284764,-0.0027055583462428116,-0.0022715539400288607,-0.008317832288763408,2.434714848085529,2.4306965795319875,5,24,48,10.2,14.5
break_b08_expanding,108,rf,x1,signal,-1.0150792043105752,-1.0150792043105752,-1.2447118184311023,-0.4012766055982576,-0.40499392318616567,-0.4668271820867423,2.4352839535075725,2.43071983298838,5,24,48,10.2,14.5
break_b08_expanding,108,rf,x2,trap,-0.5374614670398866,-0.5374614670398864,0.14840199083603364,-0.21971105076322264,-0.22316381180252895,0.062094146435824595,2.4352839535075725,2.43071983298838,5,24,48,10.2,14.5
break_b08_expanding,108,rf,x3,noise,-0.0643114559695882,-0.06431145596958811,0.007678218851105312,-0.03151605630155514,-0.030471548276374865,0.0030409166732355227,2.4352839535075725,2.43071983298838,5,24,48,10.2,14.5
break_b08_expanding,108,rf,x4,noise,-0.05791130142713521,-0.05791130142713516,-0.014291442803868133,-0.029931669031972204,-0.02983207305534039,-0.005083830118859471,2.4352839535075725,2.43071983298838,5,24,48,10.2,14.5
break_b08_expanding,109,ols,x1,signal,-0.9243787693315569,-0.9243787693315572,-1.2411900904809607,-0.32502942294787446,-0.334770294921878,-0.4600342807390274,2.6540266276918474,2.2836046947052724,5,24,48,11.2,14.2
break_b08_expanding,109,ols,x2,trap,-0.44921338933240024,-0.4492133893324004,0.41977955668614236,-0.1650012381233442,-0.1615412287526763,0.15844841742859847,2.6540266276918474,2.2836046947052724,5,24,48,11.2,14.2
break_b08_expanding,109,ols,x3,noise,0.007426593469610543,0.007426593469610575,0.00011680340427250764,0.0035117924183363522,0.0025039254408708253,0.0001507601665980407,2.6540266276918474,2.2836046947052724,5,24,48,11.2,14.2
break_b08_expanding,109,ols,x4,noise,0.006477482782591091,0.006477482782591193,0.0036353285179700537,0.0022264975158528995,0.0023792432494945275,0.0010377443611155196,2.6540266276918474,2.2836046947052724,5,24,48,11.2,14.2
break_b08_expanding,109,enet,x1,signal,-0.9243941421468289,-0.9243941421468289,-1.2411890707836213,-0.3250355230082473,-0.33477625965485275,-0.46004089249198254,2.6540266276918474,2.2836046947052724,5,24,48,11.2,14.2
break_b08_expanding,109,enet,x2,trap,-0.44919350620039766,-0.4491935062003975,0.41966682598284805,-0.16499416282050366,-0.16153479482829633,0.15840858905815927,2.6540266276918474,2.2836046947052724,5,24,48,11.2,14.2
break_b08_expanding,109,enet,x3,noise,0.007415346025505904,0.0074153460255059755,0.0001142259567412605,0.003506935761483631,0.002499998341028424,0.00014959892857438484,2.6540266276918474,2.2836046947052724,5,24,48,11.2,14.2
break_b08_expanding,109,enet,x4,noise,0.006470831672920332,0.006470831672920299,0.003637116457969753,0.002224439574707175,0.002376817186191482,0.0010388862995425417,2.6540266276918474,2.2836046947052724,5,24,48,11.2,14.2
break_b08_expanding,109,rf,x1,signal,-1.2855499796282062,-1.285549979628206,-1.1017258333984938,-0.505554987752374,-0.5131821760248677,-0.4055019196537542,2.656452957438106,2.2860747305617073,5,24,48,11.2,14.2
break_b08_expanding,109,rf,x2,trap,-0.5797283099359513,-0.5797283099359513,0.32958054030857514,-0.2403808005797739,-0.2385310377901525,0.12476882868938337,2.656452957438106,2.2860747305617073,5,24,48,11.2,14.2
break_b08_expanding,109,rf,x3,noise,-0.038312625169217324,-0.038312625169217435,0.013653663657639967,-0.019120212942184023,-0.020194039972398947,0.005248940018228861,2.656452957438106,2.2860747305617073,5,24,48,11.2,14.2
break_b08_expanding,109,rf,x4,noise,-0.1057859990638298,-0.10578599906382978,0.03316828203980534,-0.05474331106453347,-0.05354524065121868,0.012807415147766475,2.656452957438106,2.2860747305617073,5,24,48,11.2,14.2
break_b08_expanding,110,ols,x1,signal,-0.8211787460987556,-0.8211787460987555,-1.2921380813136827,-0.3413103670213627,-0.3432068344305357,-0.4790878160994636,2.226588150403464,2.3892911993474297,5,24,48,10.5,14.4
break_b08_expanding,110,ols,x2,trap,-0.5969871688429597,-0.5969871688429595,0.22625452401750099,-0.24742055118812564,-0.249573130580217,0.08455688376825161,2.226588150403464,2.3892911993474297,5,24,48,10.5,14.4
break_b08_expanding,110,ols,x3,noise,-0.006753008517121267,-0.006753008517121371,-0.0009103005633558462,-0.0026676274847790443,-0.002735420514075797,5.3939275834913314e-05,2.226588150403464,2.3892911993474297,5,24,48,10.5,14.4
break_b08_expanding,110,ols,x4,noise,0.005816568354693607,0.005816568354693709,0.014222925250303657,0.0019004571615465551,0.0019418762819561456,0.004909962584589224,2.226588150403464,2.3892911993474297,5,24,48,10.5,14.4
break_b08_expanding,110,enet,x1,signal,-0.8269613966099547,-0.8269613966099548,-1.2554843499620656,-0.34290715492279944,-0.34429017590286587,-0.4678663928953019,2.226588150403464,2.3892911993474297,5,24,48,10.5,14.4
break_b08_expanding,110,enet,x2,trap,-0.5743631180015771,-0.5743631180015772,0.1693757292445328,-0.2374761752020543,-0.23964580783796965,0.0636893302497983,2.226588150403464,2.3892911993474297,5,24,48,10.5,14.4
break_b08_expanding,110,enet,x3,noise,-0.0016907669754013459,-0.001690766975401159,0.001158972892214595,-0.0007148906400872389,-0.0007305032144155089,0.0005215732327005021,2.226588150403464,2.3892911993474297,5,24,48,10.5,14.4
break_b08_expanding,110,enet,x4,noise,-6.013708050052931e-18,0.0,0.0,-6.013708050052931e-18,0.0,0.0,2.226588150403464,2.3892911993474297,5,24,48,10.5,14.4
break_b08_expanding,110,rf,x1,signal,-0.9750628023428163,-0.9750628023428162,-1.1585869328535372,-0.4327558764070468,-0.4341809889418144,-0.4220724469010834,2.22422913760335,2.3866719783897548,5,24,48,10.5,14.4
break_b08_expanding,110,rf,x2,trap,-0.6647921651650226,-0.6647921651650227,0.2066111955062391,-0.29641401341703466,-0.298242488666862,0.0765390513587479,2.22422913760335,2.3866719783897548,5,24,48,10.5,14.4
break_b08_expanding,110,rf,x3,noise,-0.024665865387742646,-0.0246658653877426,0.012890435881125121,-0.013819361175892265,-0.01425551669255915,0.0049162969648534754,2.22422913760335,2.3866719783897548,5,24,48,10.5,14.4
break_b08_expanding,110,rf,x4,noise,-0.036351120615591835,-0.03635112061559189,0.007171159253239287,-0.02164463776968257,-0.02127168027608761,0.0018647731478206447,2.22422913760335,2.3866719783897548,5,24,48,10.5,14.4
break_b08_expanding,111,ols,x1,signal,-1.0838636055082238,-1.0838636055082238,-0.26884261275426485,-0.39614925913988935,-0.3949405493906035,-0.12010445560619436,2.803666096526288,1.353106748879097,5,24,48,10.4,15.2
break_b08_expanding,111,ols,x2,trap,-0.6225936104902137,-0.6225936104902137,0.1958247328201211,-0.227614108223594,-0.229235167119335,0.08841061600494865,2.803666096526288,1.353106748879097,5,24,48,10.4,15.2
break_b08_expanding,111,ols,x3,noise,0.004952705168255777,0.0049527051682558805,-0.002674394659654855,0.00040180137269997323,0.0006371112368776197,-0.0012829173544534843,2.803666096526288,1.353106748879097,5,24,48,10.4,15.2
break_b08_expanding,111,ols,x4,noise,0.01182317111451624,0.011823171114516235,0.002240949033385,0.004180250206315873,0.004578217716522314,0.0009641463572720906,2.803666096526288,1.353106748879097,5,24,48,10.4,15.2
break_b08_expanding,111,enet,x1,signal,-1.083829960739729,-1.0838299607397293,-0.26888270699636846,-0.39613716445066827,-0.3949289779957678,-0.12012463902982758,2.803666096526288,1.353106748879097,5,24,48,10.4,15.2
break_b08_expanding,111,enet,x2,trap,-0.6225953605495808,-0.6225953605495808,0.19572982238093628,-0.22761417226528363,-0.2292360972717387,0.08837099656939644,2.803666096526288,1.353106748879097,5,24,48,10.4,15.2
break_b08_expanding,111,enet,x3,noise,0.00492969683745563,0.004929696837455535,-0.002685425570718686,0.0003946249469084541,0.000629620031152379,-0.001287708570502653,2.803666096526288,1.353106748879097,5,24,48,10.4,15.2
break_b08_expanding,111,enet,x4,noise,0.011810034748202117,0.011810034748201963,0.002242203681088517,0.004175453772711201,0.004573054333441411,0.0009647452658983388,2.803666096526288,1.353106748879097,5,24,48,10.4,15.2
break_b08_expanding,111,rf,x1,signal,-1.2553502177099873,-1.2553502177099876,-0.23433096489051466,-0.4871975519348409,-0.48753511441868164,-0.10550230555712675,2.8024409570993187,1.3513172848904367,5,24,48,10.4,15.2
break_b08_expanding,111,rf,x2,trap,-0.7538298099588687,-0.7538298099588688,0.1349689400429628,-0.3013092193006272,-0.30365809218567863,0.0619939349666205,2.8024409570993187,1.3513172848904367,5,24,48,10.4,15.2
break_b08_expanding,111,rf,x3,noise,-0.059269733561603796,-0.05926973356160392,0.0037118184054402725,-0.028676095852794285,-0.029929059086299076,0.0015424027468308964,2.8024409570993187,1.3513172848904367,5,24,48,10.4,15.2
break_b08_expanding,111,rf,x4,noise,-0.04863287067961369,-0.048632870679613756,0.0073809149424037225,-0.024911830421925685,-0.025063292200697484,0.003358313151522805,2.8024409570993187,1.3513172848904367,5,24,48,10.4,15.2
break_b08_expanding,112,ols,x1,signal,-0.7027649850749433,-0.7027649850749432,-0.617809541195767,-0.29601461154025316,-0.2989743115913095,-0.2615877435498927,1.853985599369669,1.6020758096644676,5,24,48,10.3,13.4
break_b08_expanding,112,ols,x2,trap,-0.1819828900441896,-0.18198289004418955,0.3709041445328311,-0.07424284403967736,-0.07863306206151859,0.15985908127271786,1.853985599369669,1.6020758096644676,5,24,48,10.3,13.4
break_b08_expanding,112,ols,x3,noise,-0.0036266420336380106,-0.003626642033638019,-0.0014049948838011118,-0.0021820491212966517,-0.001494343189188505,-0.0005259526591619261,1.853985599369669,1.6020758096644676,5,24,48,10.3,13.4
break_b08_expanding,112,ols,x4,noise,-0.00011361075426872292,-0.00011361075426881764,0.003559471357171736,-8.456912301337029e-05,8.76276689129168e-05,0.0015661512477904115,1.853985599369669,1.6020758096644676,5,24,48,10.3,13.4
break_b08_expanding,112,enet,x1,signal,-0.7027883757872878,-0.7027883757872879,-0.6178419546334429,-0.2960283241435079,-0.2989859561439571,-0.2616050643552623,1.853985599369669,1.6020758096644676,5,24,48,10.3,13.4
break_b08_expanding,112,enet,x2,trap,-0.18199192004221315,-0.18199192004221318,0.37079946806132114,-0.07424831253750816,-0.07863754576666984,0.15981770580760274,1.853985599369669,1.6020758096644676,5,24,48,10.3,13.4
break_b08_expanding,112,enet,x3,noise,-0.0036285986175984817,-0.003628598617598542,-0.0014006480415681272,-0.002182016654150398,-0.0014954522759233746,-0.0005242436064711482,1.853985599369669,1.6020758096644676,5,24,48,10.3,13.4
break_b08_expanding,112,enet,x4,noise,-0.00011386333789620562,-0.00011386333789614848,0.003556034111896649,-8.500253568600423e-05,8.724325315448654e-05,0.0015646926643096703,1.853985599369669,1.6020758096644676,5,24,48,10.3,13.4
break_b08_expanding,112,rf,x1,signal,-0.8887993053752636,-0.8887993053752634,-0.5883819276477776,-0.39202613858219,-0.3992967364418529,-0.25169634810970165,1.853275172558444,1.6035705818326849,5,24,48,10.3,13.4
break_b08_expanding,112,rf,x2,trap,-0.2875347793862988,-0.28753477938629884,0.3370601607336902,-0.14113719427661775,-0.14098815661546957,0.14797101443250024,1.853275172558444,1.6035705818326849,5,24,48,10.3,13.4
break_b08_expanding,112,rf,x3,noise,-0.02394575391584457,-0.023945753915844466,0.004582324487118253,-0.013931409935573133,-0.014838438555462102,0.0019354607116819102,1.853275172558444,1.6035705818326849,5,24,48,10.3,13.4
break_b08_expanding,112,rf,x4,noise,-0.018150303046459305,-0.018150303046459235,0.007261659577387715,-0.009961856856543846,-0.009455533950189433,0.003412032878908792,1.853275172558444,1.6035705818326849,5,24,48,10.3,13.4
break_b08_expanding,113,ols,x1,signal,-1.5495375385939039,-1.5495375385939039,-1.0530623711919216,-0.5344379125527758,-0.5356086545792978,-0.40649629451496816,3.1661205929951914,1.9243546095339568,5,24,48,10.2,13.9
break_b08_expanding,113,ols,x2,trap,-0.3656309165179513,-0.3656309165179512,0.4081665883925676,-0.12929900444153936,-0.12658373528575115,0.15095575678562284,3.1661205929951914,1.9243546095339568,5,24,48,10.2,13.9
break_b08_expanding,113,ols,x3,noise,-0.004104011833869423,-0.004104011833869423,0.004926589408149706,-0.0013839817484317001,-0.0013770794575805045,0.001959782616238225,3.1661205929951914,1.9243546095339568,5,24,48,10.2,13.9
break_b08_expanding,113,ols,x4,noise,-0.007948095118451317,-0.007948095118451404,0.006060511519130472,-0.0026957662573520525,-0.0027312703175910308,0.002347625544146338,3.1661205929951914,1.9243546095339568,5,24,48,10.2,13.9
break_b08_expanding,113,enet,x1,signal,-1.5512851783576376,-1.5512851783576374,-1.0553745578332892,-0.5347258096837019,-0.53606470437733,-0.40864317681535073,3.1661205929951914,1.9243546095339568,5,24,48,10.2,13.9
break_b08_expanding,113,enet,x2,trap,-0.3661081859069185,-0.3661081859069184,0.40018332642645965,-0.12955296576240988,-0.12680148144519973,0.14835889417740608,3.1661205929951914,1.9243546095339568,5,24,48,10.2,13.9
break_b08_expanding,113,enet,x3,noise,-0.00313073029851018,-0.0031307302985102933,0.0035006730691623245,-0.001082603182408369,-0.001074567058090073,0.0014129867921382374,3.1661205929951914,1.9243546095339568,5,24,48,10.2,13.9
break_b08_expanding,113,enet,x4,noise,-0.006289401170431248,-0.006289401170431297,0.003992011756477338,-0.0021404116097760027,-0.0021771424768608424,0.0015522634697712038,3.1661205929951914,1.9243546095339568,5,24,48,10.2,13.9
break_b08_expanding,113,rf,x1,signal,-1.8166389172848152,-1.8166389172848154,-1.1004837485612515,-0.6716312560322959,-0.6743601176388849,-0.4354432860879594,3.162882656864252,1.9252531780840665,5,24,48,10.2,13.9
break_b08_expanding,113,rf,x2,trap,-0.5806934547560427,-0.5806934547560426,0.30121001820468934,-0.2364267091010034,-0.2364189780754579,0.1107237890031626,3.162882656864252,1.9252531780840665,5,24,48,10.2,13.9
break_b08_expanding,113,rf,x3,noise,-0.032350186626951674,-0.032350186626951716,0.007740923327599708,-0.015033612353605372,-0.015331845400210355,0.002631048332583881,3.162882656864252,1.9252531780840665,5,24,48,10.2,13.9
break_b08_expanding,113,rf,x4,noise,-0.039569601583050104,-0.03956960158305023,0.004927331385927175,-0.019618110947831197,-0.019493746662514053,0.0016278860901051614,3.162882656864252,1.9252531780840665,5,24,48,10.2,13.9
break_b08_expanding,114,ols,x1,signal,-0.5147854316720394,-0.5147854316720396,-0.8866903228934634,-0.21130138611689833,-0.2186501397171138,-0.3655595669972094,1.826435180885007,1.7517823901913978,5,24,48,10.8,14.1
break_b08_expanding,114,ols,x2,trap,-0.31993560058607234,-0.31993560058607245,0.3666536320215477,-0.13495808016469757,-0.13739839356488476,0.15204750825587918,1.826435180885007,1.7517823901913978,5,24,48,10.8,14.1
break_b08_expanding,114,ols,x3,noise,-0.003293284829556615,-0.0032932848295567627,0.014099404805467411,-0.0020970689331703445,-0.0016367714860918401,0.005974043620263973,1.826435180885007,1.7517823901913978,5,24,48,10.8,14.1
break_b08_expanding,114,ols,x4,noise,-0.003914757128364237,-0.003914757128364344,2.201560219714539e-05,-0.0013962506862213054,-0.0015485727294325899,0.00017302909763967692,1.826435180885007,1.7517823901913978,5,24,48,10.8,14.1
break_b08_expanding,114,enet,x1,signal,-0.5174624501834366,-0.5174624501834366,-0.8850124804090452,-0.21254840290201518,-0.2198985609826666,-0.3655174651745104,1.826435180885007,1.7517823901913978,5,24,48,10.8,14.1
break_b08_expanding,114,enet,x2,trap,-0.31951564046065845,-0.31951564046065856,0.3561328348296806,-0.13488913343490727,-0.13728571407700052,0.14801269671799835,1.826435180885007,1.7517823901913978,5,24,48,10.8,14.1
break_b08_expanding,114,enet,x3,noise,-0.0031228756134324353,-0.0031228756134324674,0.013028577735126437,-0.0019515698211051403,-0.0015440341483590008,0.005522097106090367,1.826435180885007,1.7517823901913978,5,24,48,10.8,14.1
break_b08_expanding,114,enet,x4,noise,-0.0039232144752129276,-0.0039232144752129735,-0.00025428022258504784,-0.00142893342483721,-0.001561894710829149,4.3619559270432574e-05,1.826435180885007,1.7517823901913978,5,24,48,10.8,14.1
break_b08_expanding,114,rf,x1,signal,-0.7433914158769198,-0.7433914158769198,-0.8053031669926409,-0.3298140978026622,-0.3382934280116204,-0.3341065458479487,1.8294052345029344,1.7504428750621095,5,24,48,10.8,14.1
break_b08_expanding,114,rf,x2,trap,-0.4003766602287044,-0.40037666022870444,0.2971013948701953,-0.19349912691686366,-0.19435867868045897,0.12424546832307905,1.8294052345029344,1.7504428750621095,5,24,48,10.8,14.1
break_b08_expanding,114,rf,x3,noise,-0.05520969226047669,-0.05520969226047667,-0.00727063243230897,-0.03106208298761597,-0.030816749591342316,-0.0022996324188576437,1.8294052345029344,1.7504428750621095,5,24,48,10.8,14.1
break_b08_expanding,114,rf,x4,noise,-0.04422840652267353,-0.044228406522673465,-0.0019419449794211157,-0.023161339057324978,-0.023449844463544322,-0.0004641500673658675,1.8294052345029344,1.7504428750621095,5,24,48,10.8,14.1
break_b08_expanding,115,ols,x1,signal,-0.7877200007005071,-0.7877200007005071,-0.5935183831809693,-0.30383285388400316,-0.30583362004791287,-0.24581272145789132,2.314422165550489,1.7851345948125596,5,24,48,10.5,14.1
break_b08_expanding,115,ols,x2,trap,-0.4073036927703872,-0.4073036927703873,0.21929162636055724,-0.1594998835722396,-0.15777979401699324,0.09731964783660081,2.314422165550489,1.7851345948125596,5,24,48,10.5,14.1
break_b08_expanding,115,ols,x3,noise,-0.003390748399800523,-0.003390748399800409,0.002550435802451685,-0.0010330214658159735,-0.0013886888669948176,0.0010854332847916454,2.314422165550489,1.7851345948125596,5,24,48,10.5,14.1
break_b08_expanding,115,ols,x4,noise,2.7274348065630185e-05,2.7274348065412884e-05,0.005832600227865745,0.00011366530150913392,0.0001051736842048225,0.0026582978290741696,2.314422165550489,1.7851345948125596,5,24,48,10.5,14.1
break_b08_expanding,115,enet,x1,signal,-0.7868712172876708,-0.7868712172876711,-0.5973919476237387,-0.30321599631402035,-0.30532737970386353,-0.24762068013916494,2.314422165550489,1.7851345948125596,5,24,48,10.5,14.1
break_b08_expanding,115,enet,x2,trap,-0.4061668796810628,-0.4061668796810629,0.20760757351648293,-0.1589352351577922,-0.1572918097835348,0.0926086160545365,2.314422165550489,1.7851345948125596,5,24,48,10.5,14.1
break_b08_expanding,115,enet,x3,noise,-0.003130791019898179,-0.003130791019898172,0.002358895638899438,-0.000956764838983187,-0.0012820293177864008,0.0010036832910897454,2.314422165550489,1.7851345948125596,5,24,48,10.5,14.1
break_b08_expanding,115,enet,x4,noise,0.0003585360787968773,0.000358536078796839,0.005453368685268895,0.00021785849169491043,0.0002231780346888118,0.002470685920884124,2.314422165550489,1.7851345948125596,5,24,48,10.5,14.1
break_b08_expanding,115,rf,x1,signal,-0.9615850053944761,-0.9615850053944763,-0.5525545834984729,-0.3986897633800389,-0.40016605998921384,-0.23007630918816566,2.304990754819874,1.7812939710142424,5,24,48,10.5,14.1
break_b08_expanding,115,rf,x2,trap,-0.5609555464138152,-0.5609555464138153,0.12594070866639648,-0.24347490085330858,-0.24270555067937852,0.05903897048140452,2.304990754819874,1.7812939710142424,5,24,48,10.5,14.1
break_b08_expanding,115,rf,x3,noise,-0.05261126776114451,-0.052611267761144775,0.01384697705607965,-0.02487247265244919,-0.025783335865459823,0.006008621311168659,2.304990754819874,1.7812939710142424,5,24,48,10.5,14.1
break_b08_expanding,115,rf,x4,noise,-0.05409748401099292,-0.05409748401099307,0.012742114251251047,-0.0276844040700124,-0.027529708527280195,0.00565155330976011,2.304990754819874,1.7812939710142424,5,24,48,10.5,14.1
break_b08_expanding,116,ols,x1,signal,-0.6095294751646679,-0.6095294751646678,-1.2200158754194839,-0.25615116578297414,-0.2557315716439728,-0.48358238264870507,2.130977863092811,1.9953497297801772,5,24,48,11.0,14.2
break_b08_expanding,116,ols,x2,trap,-0.6651228846564495,-0.6651228846564496,0.40019695249907433,-0.2762268829981045,-0.2786324348637966,0.1558189098720987,2.130977863092811,1.9953497297801772,5,24,48,11.0,14.2
break_b08_expanding,116,ols,x3,noise,0.0007691578518554679,0.0007691578518554549,0.0041358091821854,0.0002268518813899256,0.00021344873586838972,0.0016954864396779821,2.130977863092811,1.9953497297801772,5,24,48,11.0,14.2
break_b08_expanding,116,ols,x4,noise,-0.0023412858857291365,-0.002341285885729022,0.005782534811207186,-0.0012502267274086807,-0.001107634665950977,0.002282834707823508,2.130977863092811,1.9953497297801772,5,24,48,11.0,14.2
break_b08_expanding,116,enet,x1,signal,-0.6108320731916235,-0.6108320731916234,-1.219902454869885,-0.25662076916860527,-0.25632720517342933,-0.4844964739869439,2.130977863092811,1.9953497297801777,5,24,48,11.0,14.2
break_b08_expanding,116,enet,x2,trap,-0.6637054667314765,-0.6637054667314765,0.39197212253579455,-0.27572051901486144,-0.2781117318627117,0.15292483324341366,2.130977863092811,1.9953497297801777,5,24,48,11.0,14.2
break_b08_expanding,116,enet,x3,noise,5.81628820660564e-06,5.816288206512976e-06,0.003474785787012276,-7.003751553163345e-05,-8.708549272439779e-05,0.0014128237380320794,2.130977863092811,1.9953497297801777,5,24,48,11.0,14.2
break_b08_expanding,116,enet,x4,noise,-0.002096559866185562,-0.0020965598661854975,0.004753772802181959,-0.0010361424525063571,-0.0009505748828354336,0.0018633383208875632,2.130977863092811,1.9953497297801777,5,24,48,11.0,14.2
break_b08_expanding,116,rf,x1,signal,-0.8130219158504486,-0.8130219158504488,-1.1036043084714597,-0.3720419462753283,-0.37117746399752605,-0.43137690141743407,2.1294982806111173,1.99863573959494,5,24,48,11.0,14.2
break_b08_expanding,116,rf,x2,trap,-0.7716434198579901,-0.7716434198579902,0.408028160854179,-0.3495411004543289,-0.35236156090213383,0.15937274801296616,2.1294982806111173,1.99863573959494,5,24,48,11.0,14.2
break_b08_expanding,116,rf,x3,noise,-0.029717073115244845,-0.029717073115244807,-0.0027192123649297864,-0.017957303434570422,-0.018184772454206962,-0.0009281033490160564,2.1294982806111173,1.99863573959494,5,24,48,11.0,14.2
break_b08_expanding,116,rf,x4,noise,-0.018208470010664644,-0.01820847001066458,0.004839207492480779,-0.01291993841245333,-0.01263966615445213,0.0016456818709100786,2.1294982806111173,1.99863573959494,5,24,48,11.0,14.2
break_b08_expanding,117,ols,x1,signal,-0.6739560172621611,-0.6739560172621614,-0.7998870323150387,-0.2685203686336278,-0.26297800653127673,-0.31942966102037684,2.1231856171869983,1.803975513803006,5,24,48,10.5,13.5
break_b08_expanding,117,ols,x2,trap,-0.2691114376778566,-0.26911143767785656,0.40566946874994914,-0.10703286565714673,-0.10735761015628427,0.16427311993625354,2.1231856171869983,1.803975513803006,5,24,48,10.5,13.5
break_b08_expanding,117,ols,x3,noise,-0.013699334742671885,-0.013699334742671801,0.036060019771523046,-0.00657631787224121,-0.006711262055933066,0.014586298949785227,2.1231856171869983,1.803975513803006,5,24,48,10.5,13.5
break_b08_expanding,117,ols,x4,noise,0.0005517537871520091,0.000551753787151966,0.0056543189565604335,0.0003345606074366081,0.00019549180766795468,0.002219323772390968,2.1231856171869983,1.803975513803006,5,24,48,10.5,13.5
break_b08_expanding,117,enet,x1,signal,-0.678692275383464,-0.678692275383464,-0.7853612906261054,-0.27166837456822174,-0.2655402126882338,-0.3180775183038102,2.1231856171869983,1.803975513803006,5,24,48,10.5,13.5
break_b08_expanding,117,enet,x2,trap,-0.266790451986312,-0.26679045198631207,0.29633132282038593,-0.105952481735586,-0.10645557471412848,0.1220448294132287,2.1231856171869983,1.803975513803006,5,24,48,10.5,13.5
break_b08_expanding,117,enet,x3,noise,-0.011322414609814825,-0.011322414609814887,0.0157821632822877,-0.005135566810738521,-0.005128764535025305,0.006482851343123842,2.1231856171869983,1.803975513803006,5,24,48,10.5,13.5
break_b08_expanding,117,enet,x4,noise,1.1102230246251566e-17,0.0,6.013708050052931e-17,5.551115123125783e-18,0.0,6.013708050052931e-17,2.1231856171869983,1.803975513803006,5,24,48,10.5,13.5
break_b08_expanding,117,rf,x1,signal,-0.8666078927886403,-0.8666078927886404,-0.6855735366923458,-0.36273039259538714,-0.3609078496791402,-0.2774793956388963,2.1222436479206093,1.8012370234068575,5,24,48,10.5,13.5
break_b08_expanding,117,rf,x2,trap,-0.3873918594873125,-0.3873918594873125,0.23447613136816745,-0.16725931805411604,-0.1700665816311636,0.09747091860705522,2.1222436479206093,1.8012370234068575,5,24,48,10.5,13.5
break_b08_expanding,117,rf,x3,noise,-0.062025072643621636,-0.0620250726436218,-0.001867995917487264,-0.030002932890966734,-0.030347090466978945,-0.0005081491150287243,2.1222436479206093,1.8012370234068575,5,24,48,10.5,13.5
break_b08_expanding,117,rf,x4,noise,-0.03488957184924201,-0.034889571849242025,0.007894099602268563,-0.017300697402630343,-0.017217200914608956,0.0029601928296551483,2.1222436479206093,1.8012370234068575,5,24,48,10.5,13.5
break_b08_expanding,118,ols,x1,signal,-0.6272436640117451,-0.6272436640117451,-1.053081104967937,-0.26864939821450223,-0.2687428003852515,-0.4021193200248054,1.8035239081598808,2.0036171650047696,5,24,48,10.5,13.6
break_b08_expanding,118,ols,x2,trap,-0.23252044761247365,-0.23252044761247373,0.5455631974564666,-0.10581735471764622,-0.1058098407392909,0.2096509499488163,1.8035239081598808,2.0036171650047696,5,24,48,10.5,13.6
break_b08_expanding,118,ols,x3,noise,-0.02257067059443437,-0.022570670594434492,-0.0001709630131173067,-0.009343170064334359,-0.009659823389604198,0.00011562704102834286,1.8035239081598808,2.0036171650047696,5,24,48,10.5,13.6
break_b08_expanding,118,ols,x4,noise,-0.006893727111879201,-0.006893727111879255,-0.0006861382619929487,-0.0026422110613205764,-0.002553011260607776,-0.0003381554851004086,1.8035239081598808,2.0036171650047696,5,24,48,10.5,13.6
break_b08_expanding,118,enet,x1,signal,-0.6196214301463525,-0.6196214301463525,-1.0441382078075014,-0.26385807616460577,-0.2642558835141391,-0.4063090268938507,1.8035239081598808,2.0036171650047696,5,24,48,10.5,13.6
break_b08_expanding,118,enet,x2,trap,-0.23871035474431715,-0.23871035474431723,0.4031908062348857,-0.10560521229924173,-0.10653272189361192,0.15823416909610624,1.8035239081598808,2.0036171650047696,5,24,48,10.5,13.6
break_b08_expanding,118,enet,x3,noise,1.3877787807814457e-17,0.0,0.0008703591234445288,6.938893903907228e-18,0.0,0.0003381504147350588,1.8035239081598808,2.0036171650047696,5,24,48,10.5,13.6
break_b08_expanding,118,enet,x4,noise,-0.0004041979842197434,-0.00040419798421981293,0.0009756015061456713,-0.00015926947641374233,-0.00016280281276639363,0.0003697369675403119,1.8035239081598808,2.0036171650047696,5,24,48,10.5,13.6
break_b08_expanding,118,rf,x1,signal,-0.7575321498137062,-0.7575321498137063,-0.9329360815423211,-0.3514981175121361,-0.3525813718804966,-0.3583827926198455,1.8011626431899082,2.0013950844014827,5,24,48,10.5,13.6
break_b08_expanding,118,rf,x2,trap,-0.3685075277413468,-0.36850752774134676,0.3908217829600004,-0.18148442317918909,-0.1835381381920298,0.15097120358776508,1.8011626431899082,2.0013950844014827,5,24,48,10.5,13.6
break_b08_expanding,118,rf,x3,noise,-0.06743973620758395,-0.06743973620758394,0.002285831284400302,-0.03475663110124854,-0.03524605641456643,0.0015172325816739617,1.8011626431899082,2.0013950844014827,5,24,48,10.5,13.6
break_b08_expanding,118,rf,x4,noise,-0.06178199996102192,-0.06178199996102194,-0.0020573935356551936,-0.03215802506324653,-0.03185715110750797,-0.0007108612022575164,1.8011626431899082,2.0013950844014827,5,24,48,10.5,13.6
break_b08_expanding,119,ols,x1,signal,-0.883127735052969,-0.8831277350529687,-1.1720202182503068,-0.35425928725925787,-0.37449437038322114,-0.4546013618132825,1.892266499314077,2.197451403187792,5,24,48,10.4,14.0
break_b08_expanding,119,ols,x2,trap,-0.07341357545212282,-0.07341357545212294,0.23567471616157798,-0.020808335624371725,-0.03507675404284204,0.09505073959654364,1.892266499314077,2.197451403187792,5,24,48,10.4,14.0
break_b08_expanding,119,ols,x3,noise,0.008358782055497673,0.008358782055497843,-0.005350830973023822,0.0038235841118615986,0.0034081418349511602,-0.001761125933773607,1.892266499314077,2.197451403187792,5,24,48,10.4,14.0
break_b08_expanding,119,ols,x4,noise,-0.018474974918224647,-0.0184749749182246,0.00763572856436606,-0.008448781921075815,-0.007348043836081887,0.0029380145297695664,1.892266499314077,2.197451403187792,5,24,48,10.4,14.0
break_b08_expanding,119,enet,x1,signal,-0.8838907115704663,-0.8838907115704661,-1.1735259902895316,-0.3547977490370839,-0.37502391860390755,-0.45573826373099946,1.892266499314077,2.197451403187792,5,24,48,10.4,14.0
break_b08_expanding,119,enet,x2,trap,-0.07555346742518966,-0.0755534674251896,0.22821848107063056,-0.021614722498403516,-0.03593835317946218,0.09220922678551254,1.892266499314077,2.197451403187792,5,24,48,10.4,14.0
break_b08_expanding,119,enet,x3,noise,0.007324157655985586,0.007324157655985639,-0.004878355233690855,0.00331978544708377,0.002990880145128117,-0.0016358945117322828,1.892266499314077,2.197451403187792,5,24,48,10.4,14.0
break_b08_expanding,119,enet,x4,noise,-0.016590785664823516,-0.016590785664823558,0.006854157837853575,-0.007594786624216995,-0.006607337756226517,0.0026594723586086367,1.892266499314077,2.197451403187792,5,24,48,10.4,14.0
break_b08_expanding,119,rf,x1,signal,-1.0459693699450994,-1.0459693699450996,-1.046733795252811,-0.44801837900082775,-0.4692552605123912,-0.3993067096567517,1.8908632961731375,2.195510883557929,5,24,48,10.4,14.0
break_b08_expanding,119,rf,x2,trap,-0.17867053293610477,-0.17867053293610477,0.21061544088475345,-0.07592176196367068,-0.09342256888744761,0.08371296778399713,1.8908632961731375,2.195510883557929,5,24,48,10.4,14.0
break_b08_expanding,119,rf,x3,noise,-0.03346042313244298,-0.03346042313244294,-0.011297122982089876,-0.018204701578469738,-0.018744943972312942,-0.004213566582549709,1.8908632961731375,2.195510883557929,5,24,48,10.4,14.0
break_b08_expanding,119,rf,x4,noise,-0.023089523309478045,-0.02308952330947812,0.033992908483658164,-0.0127787404692902,-0.012847991678945458,0.013704186828613728,1.8908632961731375,2.195510883557929,5,24,48,10.4,14.0
break_b08_expanding,120,ols,x1,signal,-0.9462964085991603,-0.9462964085991605,-0.6467875416646739,-0.356104293024501,-0.35208497492946744,-0.2500260278728315,2.683711079106492,1.9678930933925853,5,24,48,10.6,14.2
break_b08_expanding,120,ols,x2,trap,-0.6510100857876592,-0.6510100857876592,0.1493182942463033,-0.242407211142066,-0.24295682553967266,0.05946258456098369,2.683711079106492,1.9678930933925853,5,24,48,10.6,14.2
break_b08_expanding,120,ols,x3,noise,0.006093909634947965,0.006093909634947954,-0.008717645336323304,0.002096755185165725,0.001955727297087357,-0.0034598180778711526,2.683711079106492,1.9678930933925853,5,24,48,10.6,14.2
break_b08_expanding,120,ols,x4,noise,0.00213268142873447,0.0021326814287343115,-0.0016392036544379586,0.0011370503523686752,0.001128690679368193,-0.0004605475937112478,2.683711079106492,1.9678930933925853,5,24,48,10.6,14.2
break_b08_expanding,120,enet,x1,signal,-0.9435369709718581,-0.9435369709718578,-0.64860992473344,-0.35481905882179304,-0.3509428383647426,-0.250918154875537,2.683711079106492,1.9678930933925853,5,24,48,10.6,14.2
break_b08_expanding,120,enet,x2,trap,-0.6506546574105643,-0.6506546574105646,0.14287335651740832,-0.24214345922349892,-0.24276597277366085,0.05697950424642653,2.683711079106492,1.9678930933925853,5,24,48,10.6,14.2
break_b08_expanding,120,enet,x3,noise,0.0052722586155484795,0.005272258615548256,-0.00810339417392599,0.0018108509794342031,0.0016746743319784642,-0.003208739174749009,2.683711079106492,1.9678930933925853,5,24,48,10.6,14.2
break_b08_expanding,120,enet,x4,noise,0.00124076832212803,0.0012407683221280243,-0.0011665431646609482,0.0007389516290325397,0.000746220855887228,-0.0003112874605345715,2.683711079106492,1.9678930933925853,5,24,48,10.6,14.2
break_b08_expanding,120,rf,x1,signal,-1.1833817424807127,-1.183381742480713,-0.6406571974032924,-0.47273407510502496,-0.47059630100506383,-0.2500710249851505,2.6799740974169044,1.9695977484149985,5,24,48,10.6,14.2
break_b08_expanding,120,rf,x2,trap,-0.7431772334450171,-0.7431772334450172,0.15149833092202084,-0.29797442589819595,-0.3031948804943314,0.06257548672070169,2.6799740974169044,1.9695977484149985,5,24,48,10.6,14.2
break_b08_expanding,120,rf,x3,noise,-0.039539682300374135,-0.03953968230037419,-0.02003525137001959,-0.02027716066465896,-0.02005923954214983,-0.008087638763518737,2.6799740974169044,1.9695977484149985,5,24,48,10.6,14.2
break_b08_expanding,120,rf,x4,noise,-0.03248874333920407,-0.03248874333920398,-0.024273378622170938,-0.017519225325050323,-0.01775071728673427,-0.00945388396404337,2.6799740974169044,1.9695977484149985,5,24,48,10.6,14.2
break_b08_expanding,121,ols,x1,signal,-1.3023826550330708,-1.3023826550330708,-1.0060190199817047,-0.4756434942367294,-0.4744644317477615,-0.3920195009524055,2.7517808590241617,2.125954129456723,5,24,48,10.4,14.1
break_b08_expanding,121,ols,x2,trap,-0.29314716801076635,-0.29314716801076623,0.22130679351464996,-0.1051181127682578,-0.10448020918276325,0.09090832676766591,2.7517808590241617,2.125954129456723,5,24,48,10.4,14.1
break_b08_expanding,121,ols,x3,noise,0.007130575467087967,0.007130575467088121,0.0018299029619752137,0.0025697610066828034,0.0026075844759763586,0.0008454490963864572,2.7517808590241617,2.125954129456723,5,24,48,10.4,14.1
break_b08_expanding,121,ols,x4,noise,0.03388805886713388,0.03388805886713381,-0.013680641159041183,0.011534378641529147,0.011685985011373391,-0.004807209887041096,2.7517808590241617,2.125954129456723,5,24,48,10.4,14.1
break_b08_expanding,121,enet,x1,signal,-1.2737660856631638,-1.2737660856631638,-0.9969113035568223,-0.46234422669283237,-0.4620819494118738,-0.3896633617695607,2.7517808590241617,2.125954129456723,5,24,48,10.4,14.1
break_b08_expanding,121,enet,x2,trap,-0.27149419896449745,-0.2714941989644973,0.1552117269002872,-0.0971682066142743,-0.0970947025934495,0.06424155318697534,2.7517808590241617,2.125954129456723,5,24,48,10.4,14.1
break_b08_expanding,121,enet,x3,noise,-1.2027416100105861e-17,0.0,0.0,-1.2027416100105861e-17,0.0,0.0,2.7517808590241617,2.125954129456723,5,24,48,10.4,14.1
break_b08_expanding,121,enet,x4,noise,0.011157761494627026,0.011157761494626934,-0.007150879530359371,0.0036768278947749504,0.0038120278134169704,-0.002553274782771798,2.7517808590241617,2.125954129456723,5,24,48,10.4,14.1
break_b08_expanding,121,rf,x1,signal,-1.4948998751316849,-1.4948998751316849,-0.9575513034873883,-0.5831348218845289,-0.5837829518021924,-0.3726721139693681,2.7518333579901215,2.1246192497033762,5,24,48,10.4,14.1
break_b08_expanding,121,rf,x2,trap,-0.44631207507783743,-0.4463120750778371,0.1445826608767975,-0.18552575767683713,-0.18560103008090492,0.060151465628267724,2.7518333579901215,2.1246192497033762,5,24,48,10.4,14.1
break_b08_expanding,121,rf,x3,noise,-0.05775213592960702,-0.057752135929607006,0.013860190472840338,-0.027974034394889446,-0.028339885430257783,0.00560230407491596,2.7518333579901215,2.1246192497033762,5,24,48,10.4,14.1
break_b08_expanding,121,rf,x4,noise,-0.06026325710447274,-0.06026325710447251,0.00214652975144061,-0.029248773228959753,-0.028911669492080464,0.0015511070774627475,2.7518333579901215,2.1246192497033762,5,24,48,10.4,14.1
break_b08_expanding,122,ols,x1,signal,-0.988901094604184,-0.988901094604184,-1.3224369351735856,-0.3930860551842027,-0.39561362873546274,-0.4887807378909185,2.2047061933830765,2.329726411925679,5,24,48,10.4,13.7
break_b08_expanding,122,ols,x2,trap,-0.1922749012351011,-0.19227490123510096,0.4287001997524806,-0.08537347171050617,-0.07867539317069565,0.16184658237889113,2.2047061933830765,2.329726411925679,5,24,48,10.4,13.7
break_b08_expanding,122,ols,x3,noise,-0.0102990695427033,-0.010299069542703142,0.01598673195122584,-0.004489924601606231,-0.00383651375580836,0.005891305105240702,2.2047061933830765,2.329726411925679,5,24,48,10.4,13.7
break_b08_expanding,122,ols,x4,noise,0.0003669971652406498,0.0003669971652407386,0.01242200402215725,-0.00025248752239735473,7.633308496074233e-05,0.00482202220230728,2.2047061933830765,2.329726411925679,5,24,48,10.4,13.7
break_b08_expanding,122,enet,x1,signal,-0.970187580514339,-0.9701875805143388,-1.2831334325978174,-0.3844824762117546,-0.3869444608757271,-0.47856311011015124,2.2047061933830765,2.329726411925679,5,24,48,10.4,13.7
break_b08_expanding,122,enet,x2,trap,-0.20691156958587617,-0.20691156958587617,0.3328129995698355,-0.09031074223580968,-0.08436003833137988,0.12693344840683943,2.2047061933830765,2.329726411925679,5,24,48,10.4,13.7
break_b08_expanding,122,enet,x3,noise,-0.0021964394769567372,-0.002196439476956744,0.002270247257502261,-0.000992362421498501,-0.0008688588189373648,0.0008435550745368332,2.2047061933830765,2.329726411925679,5,24,48,10.4,13.7
break_b08_expanding,122,enet,x4,noise,-6.198239830848551e-05,-6.198239830840686e-05,0.0020393886554279325,-6.191593025839034e-05,-5.695556632856249e-05,0.0007563938127017935,2.2047061933830765,2.329726411925679,5,24,48,10.4,13.7
break_b08_expanding,122,rf,x1,signal,-1.1971045629616857,-1.1971045629616859,-1.1755067052062143,-0.5041070113729227,-0.5105946409238854,-0.4359706425154995,2.2047419587264416,2.3305083600233516,5,24,48,10.4,13.7
break_b08_expanding,122,rf,x2,trap,-0.3027304266300541,-0.30273042663005406,0.2098903331362214,-0.14342153491711668,-0.1410275676992662,0.07841387273621213,2.2047419587264416,2.3305083600233516,5,24,48,10.4,13.7
break_b08_expanding,122,rf,x3,noise,-0.022802658004610427,-0.022802658004610583,-0.004786577966767898,-0.014036380672754931,-0.013846925078441789,-0.0015806474836024566,2.2047419587264416,2.3305083600233516,5,24,48,10.4,13.7
break_b08_expanding,122,rf,x4,noise,-0.07563092831081752,-0.07563092831081773,0.03211236700385092,-0.03872931957688084,-0.04060420752185424,0.012459939569064075,2.2047419587264416,2.3305083600233516,5,24,48,10.4,13.7
break_b08_expanding,123,ols,x1,signal,-0.7977586346371199,-0.7977586346371198,-1.1662668805176712,-0.3171125500406927,-0.3274996118641998,-0.4521963327746867,2.145771538744498,2.191377276623425,5,24,48,10.3,13.7
break_b08_expanding,123,ols,x2,trap,-0.40998930918686793,-0.409989309186868,0.2828151508740602,-0.16222513360879737,-0.16939527756501513,0.11606281622940795,2.145771538744498,2.191377276623425,5,24,48,10.3,13.7
break_b08_expanding,123,ols,x3,noise,0.0009928423299859171,0.000992842329985957,0.006252506781306548,0.00047152807868108034,0.0004763025028628072,0.0023673825995859147,2.145771538744498,2.191377276623425,5,24,48,10.3,13.7
break_b08_expanding,123,ols,x4,noise,-0.006711452642099882,-0.006711452642099751,0.0021851903527202988,-0.00296997237824158,-0.0028672245950109774,0.0007647525681353679,2.145771538744498,2.191377276623425,5,24,48,10.3,13.7
break_b08_expanding,123,enet,x1,signal,-0.8117126531456254,-0.8117126531456255,-1.1582718950787532,-0.32417974510286274,-0.33323890682321283,-0.45284254813398833,2.145771538744498,2.191377276623425,5,24,48,10.3,13.7
break_b08_expanding,123,enet,x2,trap,-0.4044781994683486,-0.40447819946834823,0.20531029805659315,-0.16125564464441916,-0.16745867259304378,0.08535368826334933,2.145771538744498,2.191377276623425,5,24,48,10.3,13.7
break_b08_expanding,123,enet,x3,noise,1.1564823173178714e-17,0.0,0.0,0.0,0.0,0.0,2.145771538744498,2.191377276623425,5,24,48,10.3,13.7
break_b08_expanding,123,enet,x4,noise,8.789265611615822e-18,0.0,0.0,0.0,0.0,0.0,2.145771538744498,2.191377276623425,5,24,48,10.3,13.7
break_b08_expanding,123,rf,x1,signal,-0.9494270630386177,-0.9494270630386176,-1.1695342514501477,-0.39669060113236426,-0.40652609478219387,-0.454088836174813,2.1465079646062475,2.1932893630962975,5,24,48,10.3,13.7
break_b08_expanding,123,rf,x2,trap,-0.45048854655153947,-0.45048854655153936,0.23472414161134206,-0.19193333795525852,-0.19961994362187632,0.09440579919852167,2.1465079646062475,2.1932893630962975,5,24,48,10.3,13.7
break_b08_expanding,123,rf,x3,noise,-0.030303200937777875,-0.03030320093777791,0.005588944478639886,-0.016686165018918953,-0.016794442987887032,0.002905940048265658,2.1465079646062475,2.1932893630962975,5,24,48,10.3,13.7
break_b08_expanding,123,rf,x4,noise,-0.04010459062087029,-0.04010459062087031,-0.005664663992440523,-0.019822327105169377,-0.01985166775781459,-0.002412849515060697,2.1465079646062475,2.1932893630962975,5,24,48,10.3,13.7
break_b08_expanding,124,ols,x1,signal,-1.693252160222628,-1.6932521602226276,-1.561453464748827,-0.58571445734326,-0.5918387171131118,-0.5807982870823435,3.188256488254111,2.356208965089032,5,24,48,10.2,13.4
break_b08_expanding,124,ols,x2,trap,-0.3495287965721377,-0.34952879657213787,0.606384063449803,-0.12407321150060042,-0.12675933138307602,0.22992667509691456,3.188256488254111,2.356208965089032,5,24,48,10.2,13.4
break_b08_expanding,124,ols,x3,noise,0.00024048941968616644,0.00024048941968625448,0.004495303514265373,2.8719615989218323e-05,8.314409965352414e-05,0.0015498143502923171,3.188256488254111,2.356208965089032,5,24,48,10.2,13.4
break_b08_expanding,124,ols,x4,noise,-0.04990805609801164,-0.04990805609801178,-0.017511054433726386,-0.017021052515587713,-0.020245583118415154,-0.007486316258166241,3.188256488254111,2.356208965089032,5,24,48,10.2,13.4
break_b08_expanding,124,enet,x1,signal,-1.6906440208465265,-1.6906440208465263,-1.5557053948911055,-0.5848013583815663,-0.5908956477006221,-0.5792703043787513,3.188256488254111,2.356208965089032,5,24,48,10.2,13.4
break_b08_expanding,124,enet,x2,trap,-0.35218332533065744,-0.35218332533065766,0.5940614119793689,-0.12496882548781763,-0.12768268163029578,0.22555637962033392,3.188256488254111,2.356208965089032,5,24,48,10.2,13.4
break_b08_expanding,124,enet,x3,noise,7.392081301264495e-08,7.392081291986614e-08,0.0037274224067171493,-4.294697033615663e-05,-8.605413313507911e-07,0.0012905006329410895,3.188256488254111,2.356208965089032,5,24,48,10.2,13.4
break_b08_expanding,124,enet,x4,noise,-0.04825352213807414,-0.04825352213807408,-0.01730802233033162,-0.016454475089248057,-0.019528216106115336,-0.007418434099703923,3.188256488254111,2.356208965089032,5,24,48,10.2,13.4
break_b08_expanding,124,rf,x1,signal,-1.9166578473106601,-1.9166578473106604,-1.3337532347866663,-0.7033892612018511,-0.7066380633212802,-0.4975687278741438,3.187616320950033,2.35814809276208,5,24,48,10.2,13.4
break_b08_expanding,124,rf,x2,trap,-0.4668355753116087,-0.46683557531160874,0.4567181473455264,-0.1868492413798219,-0.1911226756629599,0.17764478155454455,3.187616320950033,2.35814809276208,5,24,48,10.2,13.4
break_b08_expanding,124,rf,x3,noise,-0.026683713362072238,-0.026683713362072287,-0.004789461534183448,-0.013164754814355644,-0.013405884580189436,-0.00136024101923929,3.187616320950033,2.35814809276208,5,24,48,10.2,13.4
break_b08_expanding,124,rf,x4,noise,-0.0692627372220364,-0.06926273722203638,-0.0062538190117404175,-0.03222997717260969,-0.03269085721594204,-0.0018777805078947195,3.187616320950033,2.35814809276208,5,24,48,10.2,13.4
