replicate,period,row_position,row_label,window_n_rows,row_inclusion_probability
0,0,53,1964-06-01 00:00:00,337,0.011869436201780416
0,0,59,1964-12-01 00:00:00,337,0.011869436201780416
0,0,64,1965-05-01 00:00:00,337,0.011869436201780416
0,0,117,1969-10-01 00:00:00,337,0.011869436201780416
0,1,55,1964-09-01 00:00:00,337,0.011869436201780416
0,1,83,1967-01-01 00:00:00,337,0.011869436201780416
0,1,144,1972-02-01 00:00:00,337,0.011869436201780416
0,1,319,1986-09-01 00:00:00,337,0.011869436201780416
0,2,37,1963-04-01 00:00:00,337,0.011869436201780416
0,2,156,1973-03-01 00:00:00,337,0.011869436201780416
0,2,258,1981-09-01 00:00:00,337,0.011869436201780416
0,2,263,1982-02-01 00:00:00,337,0.011869436201780416
0,3,56,1964-12-01 00:00:00,337,0.011869436201780416
0,3,58,1965-02-01 00:00:00,337,0.011869436201780416
0,3,283,1983-11-01 00:00:00,337,0.011869436201780416
0,3,302,1985-06-01 00:00:00,337,0.011869436201780416
0,4,46,1964-03-01 00:00:00,337,0.011869436201780416
0,4,198,1976-11-01 00:00:00,337,0.011869436201780416
0,4,256,1981-09-01 00:00:00,337,0.011869436201780416
0,4,305,1985-10-01 00:00:00,337,0.011869436201780416
0,5,4,1960-10-01 00:00:00,337,0.011869436201780416
0,5,45,1964-03-01 00:00:00,337,0.011869436201780416
0,5,97,1968-07-01 00:00:00,337,0.011869436201780416
0,5,219,1978-09-01 00:00:00,337,0.011869436201780416
0,6,7,1961-02-01 00:00:00,337,0.011869436201780416
0,6,123,1970-10-01 00:00:00,337,0.011869436201780416
0,6,159,1973-10-01 00:00:00,337,0.011869436201780416
0,6,320,1987-03-01 00:00:00,337,0.011869436201780416
0,7,95,1968-07-01 00:00:00,337,0.011869436201780416
0,7,111,1969-11-01 00:00:00,337,0.011869436201780416
0,7,310,1986-06-01 00:00:00,337,0.011869436201780416
0,7,325,1987-09-01 00:00:00,337,0.011869436201780416
0,8,32,1963-05-01 00:00:00,337,0.011869436201780416
0,8,41,1964-02-01 00:00:00,337,0.011869436201780416
0,8,45,1964-06-01 00:00:00,337,0.011869436201780416
0,8,221,1979-02-01 00:00:00,337,0.011869436201780416
0,9,39,1964-01-01 00:00:00,337,0.011869436201780416
0,9,41,1964-03-01 00:00:00,337,0.011869436201780416
0,9,242,1980-12-01 00:00:00,337,0.011869436201780416
0,9,289,1984-11-01 00:00:00,337,0.011869436201780416
0,10,11,1961-10-01 00:00:00,337,0.011869436201780416
0,10,71,1966-10-01 00:00:00,337,0.011869436201780416
0,10,175,1975-06-01 00:00:00,337,0.011869436201780416
0,10,316,1987-03-01 00:00:00,337,0.011869436201780416
0,11,78,1967-06-01 00:00:00,337,0.011869436201780416
0,11,180,1975-12-01 00:00:00,337,0.011869436201780416
0,11,268,1983-04-01 00:00:00,337,0.011869436201780416
0,11,325,1988-01-01 00:00:00,337,0.011869436201780416
0,12,52,1965-05-01 00:00:00,337,0.011869436201780416
0,12,101,1969-06-01 00:00:00,337,0.011869436201780416
0,12,139,1972-08-01 00:00:00,337,0.011869436201780416
0,12,323,1987-12-01 00:00:00,337,0.011869436201780416
0,13,242,1981-04-01 00:00:00,337,0.011869436201780416
0,13,256,1982-06-01 00:00:00,337,0.011869436201780416
0,13,275,1984-01-01 00:00:00,337,0.011869436201780416
0,13,298,1985-12-01 00:00:00,337,0.011869436201780416
0,14,19,1962-10-01 00:00:00,337,0.011869436201780416
0,14,50,1965-05-01 00:00:00,337,0.011869436201780416
0,14,315,1987-06-01 00:00:00,337,0.011869436201780416
0,14,328,1988-07-01 00:00:00,337,0.011869436201780416
0,15,112,1970-08-01 00:00:00,337,0.011869436201780416
0,15,119,1971-03-01 00:00:00,337,0.011869436201780416
0,15,124,1971-08-01 00:00:00,337,0.011869436201780416
0,15,271,1983-11-01 00:00:00,337,0.011869436201780416
0,16,38,1964-07-01 00:00:00,337,0.011869436201780416
0,16,236,1981-01-01 00:00:00,337,0.011869436201780416
0,16,246,1981-11-01 00:00:00,337,0.011869436201780416
0,16,247,1981-12-01 00:00:00,337,0.011869436201780416
0,17,113,1970-11-01 00:00:00,337,0.011869436201780416
0,17,203,1978-05-01 00:00:00,337,0.011869436201780416
0,17,223,1980-01-01 00:00:00,337,0.011869436201780416
0,17,274,1984-04-01 00:00:00,337,0.011869436201780416
0,18,170,1975-09-01 00:00:00,337,0.011869436201780416
0,18,185,1976-12-01 00:00:00,337,0.011869436201780416
0,18,192,1977-07-01 00:00:00,337,0.011869436201780416
0,18,332,1989-03-01 00:00:00,337,0.011869436201780416
0,19,37,1964-09-01 00:00:00,337,0.011869436201780416
0,19,103,1970-03-01 00:00:00,337,0.011869436201780416
0,19,267,1983-11-01 00:00:00,337,0.011869436201780416
0,19,299,1986-07-01 00:00:00,337,0.011869436201780416
0,20,103,1970-04-01 00:00:00,337,0.011869436201780416
0,20,126,1972-03-01 00:00:00,337,0.011869436201780416
0,20,128,1972-05-01 00:00:00,337,0.011869436201780416
0,20,144,1973-09-01 00:00:00,337,0.011869436201780416
0,21,28,1964-02-01 00:00:00,337,0.011869436201780416
0,21,116,1971-06-01 00:00:00,337,0.011869436201780416
0,21,148,1974-02-01 00:00:00,337,0.011869436201780416
0,21,155,1974-09-01 00:00:00,337,0.011869436201780416
0,22,114,1971-05-01 00:00:00,337,0.011869436201780416
0,22,183,1977-02-01 00:00:00,337,0.011869436201780416
0,22,227,1980-10-01 00:00:00,337,0.011869436201780416
0,22,265,1983-12-01 00:00:00,337,0.011869436201780416
0,23,7,1962-07-01 00:00:00,337,0.011869436201780416
0,23,205,1979-01-01 00:00:00,337,0.011869436201780416
0,23,264,1983-12-01 00:00:00,337,0.011869436201780416
0,23,298,1986-10-01 00:00:00,337,0.011869436201780416
0,24,104,1970-09-01 00:00:00,337,0.011869436201780416
0,24,152,1974-09-01 00:00:00,337,0.011869436201780416
0,24,156,1975-01-01 00:00:00,337,0.011869436201780416
0,24,161,1975-06-01 00:00:00,337,0.011869436201780416
0,25,63,1967-05-01 00:00:00,337,0.011869436201780416
0,25,91,1969-09-01 00:00:00,337,0.011869436201780416
0,25,232,1981-06-01 00:00:00,337,0.011869436201780416
0,25,322,1988-12-01 00:00:00,337,0.011869436201780416
0,26,9,1962-12-01 00:00:00,337,0.011869436201780416
0,26,59,1967-02-01 00:00:00,337,0.011869436201780416
0,26,80,1968-11-01 00:00:00,337,0.011869436201780416
0,26,114,1971-09-01 00:00:00,337,0.011869436201780416
0,27,28,1964-08-01 00:00:00,337,0.011869436201780416
0,27,95,1970-03-01 00:00:00,337,0.011869436201780416
0,27,148,1974-08-01 00:00:00,337,0.011869436201780416
0,27,285,1986-01-01 00:00:00,337,0.011869436201780416
0,28,83,1969-04-01 00:00:00,337,0.011869436201780416
0,28,127,1972-12-01 00:00:00,337,0.011869436201780416
0,28,164,1976-01-01 00:00:00,337,0.011869436201780416
0,28,335,1990-04-01 00:00:00,337,0.011869436201780416
0,29,16,1963-10-01 00:00:00,337,0.011869436201780416
0,29,100,1970-10-01 00:00:00,337,0.011869436201780416
0,29,173,1976-11-01 00:00:00,337,0.011869436201780416
0,29,326,1989-08-01 00:00:00,337,0.011869436201780416
0,30,42,1966-01-01 00:00:00,337,0.011869436201780416
0,30,76,1968-11-01 00:00:00,337,0.011869436201780416
0,30,94,1970-05-01 00:00:00,337,0.011869436201780416
0,30,137,1973-12-01 00:00:00,337,0.011869436201780416
0,31,29,1965-01-01 00:00:00,337,0.011869436201780416
0,31,121,1972-09-01 00:00:00,337,0.011869436201780416
0,31,189,1978-05-01 00:00:00,337,0.011869436201780416
0,31,311,1988-07-01 00:00:00,337,0.011869436201780416
0,32,168,1976-09-01 00:00:00,337,0.011869436201780416
0,32,250,1983-07-01 00:00:00,337,0.011869436201780416
0,32,284,1986-05-01 00:00:00,337,0.011869436201780416
0,32,318,1989-03-01 00:00:00,337,0.011869436201780416
0,33,0,1962-10-01 00:00:00,337,0.011869436201780416
0,33,72,1968-10-01 00:00:00,337,0.011869436201780416
0,33,154,1975-08-01 00:00:00,337,0.011869436201780416
0,33,235,1982-05-01 00:00:00,337,0.011869436201780416
0,34,145,1974-12-01 00:00:00,337,0.011869436201780416
0,34,146,1975-01-01 00:00:00,337,0.011869436201780416
0,34,198,1979-05-01 00:00:00,337,0.011869436201780416
0,34,265,1984-12-01 00:00:00,337,0.011869436201780416
0,35,202,1979-10-01 00:00:00,337,0.011869436201780416
0,35,296,1987-08-01 00:00:00,337,0.011869436201780416
0,35,299,1987-11-01 00:00:00,337,0.011869436201780416
0,35,324,1989-12-01 00:00:00,337,0.011869436201780416
0,36,8,1963-09-01 00:00:00,337,0.011869436201780416
0,36,25,1965-02-01 00:00:00,337,0.011869436201780416
0,36,27,1965-04-01 00:00:00,337,0.011869436201780416
0,36,106,1971-11-01 00:00:00,337,0.011869436201780416
0,37,62,1968-04-01 00:00:00,337,0.011869436201780416
0,37,199,1979-09-01 00:00:00,337,0.011869436201780416
0,37,205,1980-03-01 00:00:00,337,0.011869436201780416
0,37,330,1990-08-01 00:00:00,337,0.011869436201780416
0,38,50,1967-05-01 00:00:00,337,0.011869436201780416
0,38,63,1968-06-01 00:00:00,337,0.011869436201780416
0,38,136,1974-07-01 00:00:00,337,0.011869436201780416
0,38,237,1982-12-01 00:00:00,337,0.011869436201780416
0,39,65,1968-09-01 00:00:00,337,0.011869436201780416
0,39,157,1976-05-01 00:00:00,337,0.011869436201780416
0,39,192,1979-04-01 00:00:00,337,0.011869436201780416
0,39,220,1981-08-01 00:00:00,337,0.011869436201780416
0,40,98,1971-07-01 00:00:00,337,0.011869436201780416
0,40,260,1985-01-01 00:00:00,337,0.011869436201780416
0,40,326,1990-07-01 00:00:00,337,0.011869436201780416
0,40,334,1991-03-01 00:00:00,337,0.011869436201780416
0,41,175,1978-01-01 00:00:00,337,0.011869436201780416
0,41,186,1978-12-01 00:00:00,337,0.011869436201780416
0,41,310,1989-04-01 00:00:00,337,0.011869436201780416
0,41,321,1990-03-01 00:00:00,337,0.011869436201780416
0,42,13,1964-08-01 00:00:00,337,0.011869436201780416
0,42,34,1966-05-01 00:00:00,337,0.011869436201780416
0,42,153,1976-04-01 00:00:00,337,0.011869436201780416
0,42,299,1988-06-01 00:00:00,337,0.011869436201780416
0,43,106,1972-06-01 00:00:00,337,0.011869436201780416
0,43,229,1982-09-01 00:00:00,337,0.011869436201780416
0,43,243,1983-11-01 00:00:00,337,0.011869436201780416
0,43,247,1984-03-01 00:00:00,337,0.011869436201780416
0,44,99,1971-12-01 00:00:00,337,0.011869436201780416
0,44,103,1972-04-01 00:00:00,337,0.011869436201780416
0,44,270,1986-03-01 00:00:00,337,0.011869436201780416
0,44,319,1990-04-01 00:00:00,337,0.011869436201780416
0,45,3,1964-01-01 00:00:00,337,0.011869436201780416
0,45,51,1968-01-01 00:00:00,337,0.011869436201780416
0,45,192,1979-10-01 00:00:00,337,0.011869436201780416
0,45,203,1980-09-01 00:00:00,337,0.011869436201780416
0,46,35,1966-10-01 00:00:00,337,0.011869436201780416
0,46,58,1968-09-01 00:00:00,337,0.011869436201780416
0,46,60,1968-11-01 00:00:00,337,0.011869436201780416
0,46,215,1981-10-01 00:00:00,337,0.011869436201780416
0,47,13,1965-01-01 00:00:00,337,0.011869436201780416
0,47,172,1978-04-01 00:00:00,337,0.011869436201780416
0,47,186,1979-06-01 00:00:00,337,0.011869436201780416
0,47,273,1986-09-01 00:00:00,337,0.011869436201780416
0,48,182,1979-03-01 00:00:00,337,0.011869436201780416
0,48,209,1981-06-01 00:00:00,337,0.011869436201780416
0,48,235,1983-08-01 00:00:00,337,0.011869436201780416
0,48,236,1983-09-01 00:00:00,337,0.011869436201780416
0,49,43,1967-09-01 00:00:00,337,0.011869436201780416
0,49,109,1973-03-01 00:00:00,337,0.011869436201780416
0,49,183,1979-05-01 00:00:00,337,0.011869436201780416
0,49,293,1988-07-01 00:00:00,337,0.011869436201780416
0,50,53,1968-08-01 00:00:00,337,0.011869436201780416
0,50,78,1970-09-01 00:00:00,337,0.011869436201780416
0,50,193,1980-04-01 00:00:00,337,0.011869436201780416
0,50,257,1985-08-01 00:00:00,337,0.011869436201780416
0,51,105,1973-01-01 00:00:00,337,0.011869436201780416
0,51,192,1980-04-01 00:00:00,337,0.011869436201780416
0,51,250,1985-02-01 00:00:00,337,0.011869436201780416
0,51,273,1987-01-01 00:00:00,337,0.011869436201780416
0,52,13,1965-06-01 00:00:00,337,0.011869436201780416
0,52,97,1972-06-01 00:00:00,337,0.011869436201780416
0,52,140,1976-01-01 00:00:00,337,0.011869436201780416
0,52,282,1987-11-01 00:00:00,337,0.011869436201780416
0,53,73,1970-07-01 00:00:00,337,0.011869436201780416
0,53,212,1982-02-01 00:00:00,337,0.011869436201780416
0,53,270,1986-12-01 00:00:00,337,0.011869436201780416
0,53,310,1990-04-01 00:00:00,337,0.011869436201780416
0,54,35,1967-06-01 00:00:00,337,0.011869436201780416
0,54,85,1971-08-01 00:00:00,337,0.011869436201780416
0,54,234,1984-01-01 00:00:00,337,0.011869436201780416
0,54,294,1989-01-01 00:00:00,337,0.011869436201780416
0,55,45,1968-05-01 00:00:00,337,0.011869436201780416
0,55,79,1971-03-01 00:00:00,337,0.011869436201780416
0,55,127,1975-03-01 00:00:00,337,0.011869436201780416
0,55,255,1985-11-01 00:00:00,337,0.011869436201780416
0,56,100,1973-01-01 00:00:00,337,0.011869436201780416
0,56,102,1973-03-01 00:00:00,337,0.011869436201780416
0,56,113,1974-02-01 00:00:00,337,0.011869436201780416
0,56,185,1980-02-01 00:00:00,337,0.011869436201780416
0,57,97,1972-11-01 00:00:00,337,0.011869436201780416
0,57,112,1974-02-01 00:00:00,337,0.011869436201780416
0,57,282,1988-04-01 00:00:00,337,0.011869436201780416
0,57,286,1988-08-01 00:00:00,337,0.011869436201780416
0,58,67,1970-06-01 00:00:00,337,0.011869436201780416
0,58,167,1978-10-01 00:00:00,337,0.011869436201780416
0,58,264,1986-11-01 00:00:00,337,0.011869436201780416
0,58,336,1992-11-01 00:00:00,337,0.011869436201780416
0,59,75,1971-03-01 00:00:00,337,0.011869436201780416
0,59,97,1973-01-01 00:00:00,337,0.011869436201780416
0,59,210,1982-06-01 00:00:00,337,0.011869436201780416
0,59,291,1989-03-01 00:00:00,337,0.011869436201780416
0,60,21,1966-10-01 00:00:00,337,0.011869436201780416
0,60,112,1974-05-01 00:00:00,337,0.011869436201780416
0,60,225,1983-10-01 00:00:00,337,0.011869436201780416
0,60,272,1987-09-01 00:00:00,337,0.011869436201780416
0,61,10,1965-12-01 00:00:00,337,0.011869436201780416
0,61,83,1972-01-01 00:00:00,337,0.011869436201780416
0,61,187,1980-09-01 00:00:00,337,0.011869436201780416
0,61,283,1988-09-01 00:00:00,337,0.011869436201780416
0,62,32,1967-11-01 00:00:00,337,0.011869436201780416
0,62,218,1983-05-01 00:00:00,337,0.011869436201780416
0,62,276,1988-03-01 00:00:00,337,0.011869436201780416
0,62,288,1989-03-01 00:00:00,337,0.011869436201780416
0,63,124,1975-08-01 00:00:00,337,0.011869436201780416
0,63,169,1979-05-01 00:00:00,337,0.011869436201780416
0,63,222,1983-10-01 00:00:00,337,0.011869436201780416
0,63,236,1984-12-01 00:00:00,337,0.011869436201780416
0,64,44,1969-01-01 00:00:00,337,0.011869436201780416
0,64,46,1969-03-01 00:00:00,337,0.011869436201780416
0,64,214,1983-03-01 00:00:00,337,0.011869436201780416
0,64,260,1987-01-01 00:00:00,337,0.011869436201780416
0,65,12,1966-06-01 00:00:00,337,0.011869436201780416
0,65,15,1966-09-01 00:00:00,337,0.011869436201780416
0,65,17,1966-11-01 00:00:00,337,0.011869436201780416
0,65,136,1976-10-01 00:00:00,337,0.011869436201780416
0,66,54,1970-01-01 00:00:00,337,0.011869436201780416
0,66,72,1971-07-01 00:00:00,337,0.011869436201780416
0,66,97,1973-08-01 00:00:00,337,0.011869436201780416
0,66,299,1990-06-01 00:00:00,337,0.011869436201780416
0,67,15,1966-11-01 00:00:00,337,0.011869436201780416
0,67,100,1973-12-01 00:00:00,337,0.011869436201780416
0,67,158,1978-10-01 00:00:00,337,0.011869436201780416
0,67,236,1985-04-01 00:00:00,337,0.011869436201780416
0,68,2,1965-11-01 00:00:00,337,0.011869436201780416
0,68,69,1971-06-01 00:00:00,337,0.011869436201780416
0,68,71,1971-08-01 00:00:00,337,0.011869436201780416
0,68,192,1981-09-01 00:00:00,337,0.011869436201780416
0,69,71,1971-09-01 00:00:00,337,0.011869436201780416
0,69,117,1975-07-01 00:00:00,337,0.011869436201780416
0,69,202,1982-08-01 00:00:00,337,0.011869436201780416
0,69,222,1984-04-01 00:00:00,337,0.011869436201780416
0,70,67,1971-06-01 00:00:00,337,0.011869436201780416
0,70,104,1974-07-01 00:00:00,337,0.011869436201780416
0,70,208,1983-03-01 00:00:00,337,0.011869436201780416
0,70,318,1992-05-01 00:00:00,337,0.011869436201780416
0,71,19,1967-07-01 00:00:00,337,0.011869436201780416
0,71,87,1973-03-01 00:00:00,337,0.011869436201780416
0,71,94,1973-10-01 00:00:00,337,0.011869436201780416
0,71,252,1986-12-01 00:00:00,337,0.011869436201780416
0,72,44,1969-09-01 00:00:00,337,0.011869436201780416
0,72,161,1979-06-01 00:00:00,337,0.011869436201780416
0,72,170,1980-03-01 00:00:00,337,0.011869436201780416
0,72,325,1993-02-01 00:00:00,337,0.011869436201780416
0,73,65,1971-07-01 00:00:00,337,0.011869436201780416
0,73,142,1977-12-01 00:00:00,337,0.011869436201780416
0,73,245,1986-07-01 00:00:00,337,0.011869436201780416
0,73,272,1988-10-01 00:00:00,337,0.011869436201780416
0,74,62,1971-05-01 00:00:00,337,0.011869436201780416
0,74,231,1985-06-01 00:00:00,337,0.011869436201780416
0,74,238,1986-01-01 00:00:00,337,0.011869436201780416
0,74,305,1991-08-01 00:00:00,337,0.011869436201780416
0,75,223,1984-11-01 00:00:00,337,0.011869436201780416
0,75,235,1985-11-01 00:00:00,337,0.011869436201780416
0,75,249,1987-01-01 00:00:00,337,0.011869436201780416
0,75,259,1987-11-01 00:00:00,337,0.011869436201780416
0,76,34,1969-03-01 00:00:00,337,0.011869436201780416
0,76,158,1979-07-01 00:00:00,337,0.011869436201780416
0,76,256,1987-09-01 00:00:00,337,0.011869436201780416
0,76,336,1994-05-01 00:00:00,337,0.011869436201780416
0,77,113,1975-11-01 00:00:00,337,0.011869436201780416
0,77,253,1987-07-01 00:00:00,337,0.011869436201780416
0,77,260,1988-02-01 00:00:00,337,0.011869436201780416
0,77,264,1988-06-01 00:00:00,337,0.011869436201780416
0,78,40,1969-11-01 00:00:00,337,0.011869436201780416
0,78,59,1971-06-01 00:00:00,337,0.011869436201780416
0,78,141,1978-04-01 00:00:00,337,0.011869436201780416
0,78,297,1991-04-01 00:00:00,337,0.011869436201780416
0,79,45,1970-05-01 00:00:00,337,0.011869436201780416
0,79,61,1971-09-01 00:00:00,337,0.011869436201780416
0,79,269,1989-01-01 00:00:00,337,0.011869436201780416
0,79,326,1993-10-01 00:00:00,337,0.011869436201780416
0,80,2,1966-11-01 00:00:00,337,0.011869436201780416
0,80,134,1977-11-01 00:00:00,337,0.011869436201780416
0,80,187,1982-04-01 00:00:00,337,0.011869436201780416
0,80,282,1990-03-01 00:00:00,337,0.011869436201780416
0,81,1,1966-11-01 00:00:00,337,0.011869436201780416
0,81,19,1968-05-01 00:00:00,337,0.011869436201780416
0,81,59,1971-09-01 00:00:00,337,0.011869436201780416
0,81,248,1987-06-01 00:00:00,337,0.011869436201780416
0,82,113,1976-04-01 00:00:00,337,0.011869436201780416
0,82,171,1981-02-01 00:00:00,337,0.011869436201780416
0,82,217,1984-12-01 00:00:00,337,0.011869436201780416
0,82,328,1994-03-01 00:00:00,337,0.011869436201780416
0,83,33,1969-09-01 00:00:00,337,0.011869436201780416
0,83,84,1973-12-01 00:00:00,337,0.011869436201780416
0,83,196,1983-04-01 00:00:00,337,0.011869436201780416
0,83,221,1985-05-01 00:00:00,337,0.011869436201780416
0,84,53,1971-06-01 00:00:00,337,0.011869436201780416
0,84,102,1975-07-01 00:00:00,337,0.011869436201780416
0,84,172,1981-05-01 00:00:00,337,0.011869436201780416
0,84,257,1988-06-01 00:00:00,337,0.011869436201780416
0,85,41,1970-07-01 00:00:00,337,0.011869436201780416
0,85,57,1971-11-01 00:00:00,337,0.011869436201780416
0,85,99,1975-05-01 00:00:00,337,0.011869436201780416
0,85,252,1988-02-01 00:00:00,337,0.011869436201780416
0,86,97,1975-04-01 00:00:00,337,0.011869436201780416
0,86,149,1979-08-01 00:00:00,337,0.011869436201780416
0,86,274,1990-01-01 00:00:00,337,0.011869436201780416
0,86,303,1992-06-01 00:00:00,337,0.011869436201780416
0,87,174,1981-10-01 00:00:00,337,0.011869436201780416
0,87,200,1983-12-01 00:00:00,337,0.011869436201780416
0,87,260,1988-12-01 00:00:00,337,0.011869436201780416
0,87,262,1989-02-01 00:00:00,337,0.011869436201780416
0,88,0,1967-05-01 00:00:00,337,0.011869436201780416
0,88,1,1967-06-01 00:00:00,337,0.011869436201780416
0,88,53,1971-10-01 00:00:00,337,0.011869436201780416
0,88,61,1972-06-01 00:00:00,337,0.011869436201780416
0,89,51,1971-09-01 00:00:00,337,0.011869436201780416
0,89,100,1975-10-01 00:00:00,337,0.011869436201780416
0,89,134,1978-08-01 00:00:00,337,0.011869436201780416
0,89,324,1994-06-01 00:00:00,337,0.011869436201780416
0,90,24,1969-07-01 00:00:00,337,0.011869436201780416
0,90,35,1970-06-01 00:00:00,337,0.011869436201780416
0,90,232,1986-11-01 00:00:00,337,0.011869436201780416
0,90,282,1991-01-01 00:00:00,337,0.011869436201780416
0,91,118,1977-06-01 00:00:00,337,0.011869436201780416
0,91,123,1977-11-01 00:00:00,337,0.011869436201780416
0,91,126,1978-02-01 00:00:00,337,0.011869436201780416
0,91,163,1981-03-01 00:00:00,337,0.011869436201780416
0,92,193,1983-10-01 00:00:00,337,0.011869436201780416
0,92,252,1988-09-01 00:00:00,337,0.011869436201780416
0,92,283,1991-04-01 00:00:00,337,0.011869436201780416
0,92,328,1995-01-01 00:00:00,337,0.011869436201780416
0,93,43,1971-05-01 00:00:00,337,0.011869436201780416
0,93,61,1972-11-01 00:00:00,337,0.011869436201780416
0,93,134,1978-12-01 00:00:00,337,0.011869436201780416
0,93,175,1982-05-01 00:00:00,337,0.011869436201780416
0,94,126,1978-05-01 00:00:00,337,0.011869436201780416
0,94,257,1989-04-01 00:00:00,337,0.011869436201780416
0,94,324,1994-11-01 00:00:00,337,0.011869436201780416
0,94,331,1995-06-01 00:00:00,337,0.011869436201780416
0,95,61,1973-01-01 00:00:00,337,0.011869436201780416
0,95,209,1985-05-01 00:00:00,337,0.011869436201780416
0,95,222,1986-06-01 00:00:00,337,0.011869436201780416
0,95,279,1991-03-01 00:00:00,337,0.011869436201780416
0,96,38,1971-03-01 00:00:00,337,0.011869436201780416
0,96,59,1972-12-01 00:00:00,337,0.011869436201780416
0,96,195,1984-04-01 00:00:00,337,0.011869436201780416
0,96,248,1988-09-01 00:00:00,337,0.011869436201780416
0,97,63,1973-05-01 00:00:00,337,0.011869436201780416
0,97,103,1976-09-01 00:00:00,337,0.011869436201780416
0,97,243,1988-05-01 00:00:00,337,0.011869436201780416
0,97,305,1993-07-01 00:00:00,337,0.011869436201780416
0,98,33,1970-12-01 00:00:00,337,0.011869436201780416
0,98,221,1986-08-01 00:00:00,337,0.011869436201780416
0,98,282,1991-09-01 00:00:00,337,0.011869436201780416
0,98,295,1992-10-01 00:00:00,337,0.011869436201780416
0,99,13,1969-05-01 00:00:00,337,0.011869436201780416
0,99,137,1979-09-01 00:00:00,337,0.011869436201780416
0,99,221,1986-09-01 00:00:00,337,0.011869436201780416
0,99,230,1987-06-01 00:00:00,337,0.011869436201780416
0,100,120,1978-05-01 00:00:00,337,0.011869436201780416
0,100,171,1982-08-01 00:00:00,337,0.011869436201780416
0,100,267,1990-08-01 00:00:00,337,0.011869436201780416
0,100,272,1991-01-01 00:00:00,337,0.011869436201780416
0,101,15,1969-09-01 00:00:00,337,0.011869436201780416
0,101,18,1969-12-01 00:00:00,337,0.011869436201780416
0,101,34,1971-04-01 00:00:00,337,0.011869436201780416
0,101,336,1996-06-01 00:00:00,337,0.011869436201780416
0,102,51,1972-10-01 00:00:00,337,0.011869436201780416
0,102,79,1975-02-01 00:00:00,337,0.011869436201780416
0,102,218,1986-09-01 00:00:00,337,0.011869436201780416
0,102,301,1993-08-01 00:00:00,337,0.011869436201780416
0,103,11,1969-07-01 00:00:00,337,0.011869436201780416
0,103,28,1970-12-01 00:00:00,337,0.011869436201780416
0,103,186,1984-02-01 00:00:00,337,0.011869436201780416
0,103,208,1985-12-01 00:00:00,337,0.011869436201780416
0,104,10,1969-07-01 00:00:00,337,0.011869436201780416
0,104,12,1969-09-01 00:00:00,337,0.011869436201780416
0,104,38,1971-11-01 00:00:00,337,0.011869436201780416
0,104,96,1976-09-01 00:00:00,337,0.011869436201780416
0,105,82,1975-08-01 00:00:00,337,0.011869436201780416
0,105,200,1985-06-01 00:00:00,337,0.011869436201780416
0,105,287,1992-09-01 00:00:00,337,0.011869436201780416
0,105,319,1995-05-01 00:00:00,337,0.011869436201780416
0,106,18,1970-05-01 00:00:00,337,0.011869436201780416
0,106,183,1984-02-01 00:00:00,337,0.011869436201780416
0,106,190,1984-09-01 00:00:00,337,0.011869436201780416
0,106,280,1992-03-01 00:00:00,337,0.011869436201780416
0,107,98,1977-02-01 00:00:00,337,0.011869436201780416
0,107,200,1985-08-01 00:00:00,337,0.011869436201780416
0,107,254,1990-02-01 00:00:00,337,0.011869436201780416
0,107,271,1991-07-01 00:00:00,337,0.011869436201780416
0,108,23,1970-12-01 00:00:00,337,0.011869436201780416
0,108,70,1974-11-01 00:00:00,337,0.011869436201780416
0,108,119,1978-12-01 00:00:00,337,0.011869436201780416
0,108,230,1988-03-01 00:00:00,337,0.011869436201780416
0,109,141,1980-11-01 00:00:00,337,0.011869436201780416
0,109,236,1988-10-01 00:00:00,337,0.011869436201780416
0,109,266,1991-04-01 00:00:00,337,0.011869436201780416
0,109,314,1995-04-01 00:00:00,337,0.011869436201780416
0,110,5,1969-08-01 00:00:00,337,0.011869436201780416
0,110,54,1973-09-01 00:00:00,337,0.011869436201780416
0,110,157,1982-04-01 00:00:00,337,0.011869436201780416
0,110,238,1989-01-01 00:00:00,337,0.011869436201780416
0,111,37,1972-05-01 00:00:00,337,0.011869436201780416
0,111,139,1980-11-01 00:00:00,337,0.011869436201780416
0,111,182,1984-06-01 00:00:00,337,0.011869436201780416
0,111,309,1995-01-01 00:00:00,337,0.011869436201780416
0,112,22,1971-03-01 00:00:00,337,0.011869436201780416
0,112,181,1984-06-01 00:00:00,337,0.011869436201780416
0,112,264,1991-05-01 00:00:00,337,0.011869436201780416
0,112,273,1992-02-01 00:00:00,337,0.011869436201780416
0,113,1,1969-07-01 00:00:00,337,0.011869436201780416
0,113,14,1970-08-01 00:00:00,337,0.011869436201780416
0,113,252,1990-06-01 00:00:00,337,0.011869436201780416
0,113,307,1995-01-01 00:00:00,337,0.011869436201780416
0,114,114,1979-01-01 00:00:00,337,0.011869436201780416
0,114,122,1979-09-01 00:00:00,337,0.011869436201780416
0,114,167,1983-06-01 00:00:00,337,0.011869436201780416
0,114,236,1989-03-01 00:00:00,337,0.011869436201780416
0,115,64,1974-12-01 00:00:00,337,0.011869436201780416
0,115,140,1981-04-01 00:00:00,337,0.011869436201780416
0,115,151,1982-03-01 00:00:00,337,0.011869436201780416
0,115,307,1995-03-01 00:00:00,337,0.011869436201780416
0,116,25,1971-10-01 00:00:00,337,0.011869436201780416
0,116,57,1974-06-01 00:00:00,337,0.011869436201780416
0,116,138,1981-03-01 00:00:00,337,0.011869436201780416
0,116,229,1988-10-01 00:00:00,337,0.011869436201780416
0,117,95,1977-09-01 00:00:00,337,0.011869436201780416
0,117,119,1979-09-01 00:00:00,337,0.011869436201780416
0,117,211,1987-05-01 00:00:00,337,0.011869436201780416
0,117,221,1988-03-01 00:00:00,337,0.011869436201780416
0,118,117,1979-08-01 00:00:00,337,0.011869436201780416
0,118,142,1981-09-01 00:00:00,337,0.011869436201780416
0,118,286,1993-09-01 00:00:00,337,0.011869436201780416
0,118,293,1994-04-01 00:00:00,337,0.011869436201780416
0,119,46,1973-10-01 00:00:00,337,0.011869436201780416
0,119,203,1986-11-01 00:00:00,337,0.011869436201780416
0,119,251,1990-11-01 00:00:00,337,0.011869436201780416
0,119,317,1996-05-01 00:00:00,337,0.011869436201780416
0,120,29,1972-06-01 00:00:00,337,0.011869436201780416
0,120,65,1975-06-01 00:00:00,337,0.011869436201780416
0,120,226,1988-11-01 00:00:00,337,0.011869436201780416
0,120,308,1995-09-01 00:00:00,337,0.011869436201780416
0,121,13,1971-03-01 00:00:00,337,0.011869436201780416
0,121,75,1976-05-01 00:00:00,337,0.011869436201780416
0,121,210,1987-08-01 00:00:00,337,0.011869436201780416
0,121,317,1996-07-01 00:00:00,337,0.011869436201780416
0,122,5,1970-08-01 00:00:00,337,0.011869436201780416
0,122,137,1981-08-01 00:00:00,337,0.011869436201780416
0,122,172,1984-07-01 00:00:00,337,0.011869436201780416
0,122,216,1988-03-01 00:00:00,337,0.011869436201780416
0,123,244,1990-08-01 00:00:00,337,0.011869436201780416
0,123,249,1991-01-01 00:00:00,337,0.011869436201780416
0,123,254,1991-06-01 00:00:00,337,0.011869436201780416
0,123,318,1996-10-01 00:00:00,337,0.011869436201780416
0,124,67,1975-12-01 00:00:00,337,0.011869436201780416
0,124,74,1976-07-01 00:00:00,337,0.011869436201780416
0,124,291,1994-08-01 00:00:00,337,0.011869436201780416
0,124,314,1996-07-01 00:00:00,337,0.011869436201780416
0,125,36,1973-06-01 00:00:00,337,0.011869436201780416
0,125,77,1976-11-01 00:00:00,337,0.011869436201780416
0,125,135,1981-09-01 00:00:00,337,0.011869436201780416
0,125,286,1994-04-01 00:00:00,337,0.011869436201780416
0,126,9,1971-04-01 00:00:00,337,0.011869436201780416
0,126,149,1982-12-01 00:00:00,337,0.011869436201780416
0,126,160,1983-11-01 00:00:00,337,0.011869436201780416
0,126,266,1992-09-01 00:00:00,337,0.011869436201780416
0,127,64,1975-12-01 00:00:00,337,0.011869436201780416
0,127,65,1976-01-01 00:00:00,337,0.011869436201780416
0,127,114,1980-02-01 00:00:00,337,0.011869436201780416
0,127,286,1994-06-01 00:00:00,337,0.011869436201780416
0,128,56,1975-05-01 00:00:00,337,0.011869436201780416
0,128,135,1981-12-01 00:00:00,337,0.011869436201780416
0,128,178,1985-07-01 00:00:00,337,0.011869436201780416
0,128,284,1994-05-01 00:00:00,337,0.011869436201780416
0,129,142,1982-08-01 00:00:00,337,0.011869436201780416
0,129,179,1985-09-01 00:00:00,337,0.011869436201780416
0,129,251,1991-09-01 00:00:00,337,0.011869436201780416
0,129,286,1994-08-01 00:00:00,337,0.011869436201780416
0,130,118,1980-09-01 00:00:00,337,0.011869436201780416
0,130,134,1982-01-01 00:00:00,337,0.011869436201780416
0,130,138,1982-05-01 00:00:00,337,0.011869436201780416
0,130,210,1988-05-01 00:00:00,337,0.011869436201780416
0,131,1,1971-01-01 00:00:00,337,0.011869436201780416
0,131,36,1973-12-01 00:00:00,337,0.011869436201780416
0,131,225,1989-09-01 00:00:00,337,0.011869436201780416
0,131,278,1994-02-01 00:00:00,337,0.011869436201780416
0,132,43,1974-08-01 00:00:00,337,0.011869436201780416
0,132,150,1983-07-01 00:00:00,337,0.011869436201780416
0,132,195,1987-04-01 00:00:00,337,0.011869436201780416
0,132,202,1987-11-01 00:00:00,337,0.011869436201780416
0,133,57,1975-11-01 00:00:00,337,0.011869436201780416
0,133,93,1978-11-01 00:00:00,337,0.011869436201780416
0,133,107,1980-01-01 00:00:00,337,0.011869436201780416
0,133,319,1997-09-01 00:00:00,337,0.011869436201780416
0,134,7,1971-10-01 00:00:00,337,0.011869436201780416
0,134,78,1977-09-01 00:00:00,337,0.011869436201780416
0,134,123,1981-06-01 00:00:00,337,0.011869436201780416
0,134,314,1997-05-01 00:00:00,337,0.011869436201780416
0,135,88,1978-08-01 00:00:00,337,0.011869436201780416
0,135,220,1989-08-01 00:00:00,337,0.011869436201780416
0,135,239,1991-03-01 00:00:00,337,0.011869436201780416
0,135,258,1992-10-01 00:00:00,337,0.011869436201780416
0,136,77,1977-10-01 00:00:00,337,0.011869436201780416
0,136,212,1989-01-01 00:00:00,337,0.011869436201780416
0,136,296,1996-01-01 00:00:00,337,0.011869436201780416
0,136,311,1997-04-01 00:00:00,337,0.011869436201780416
0,137,81,1978-03-01 00:00:00,337,0.011869436201780416
0,137,211,1989-01-01 00:00:00,337,0.011869436201780416
0,137,215,1989-05-01 00:00:00,337,0.011869436201780416
0,137,291,1995-09-01 00:00:00,337,0.011869436201780416
0,138,118,1981-05-01 00:00:00,337,0.011869436201780416
0,138,125,1981-12-01 00:00:00,337,0.011869436201780416
0,138,223,1990-02-01 00:00:00,337,0.011869436201780416
0,138,282,1995-01-01 00:00:00,337,0.011869436201780416
0,139,32,1974-04-01 00:00:00,337,0.011869436201780416
0,139,105,1980-05-01 00:00:00,337,0.011869436201780416
0,139,152,1984-04-01 00:00:00,337,0.011869436201780416
0,139,254,1992-10-01 00:00:00,337,0.011869436201780416
0,140,149,1984-02-01 00:00:00,337,0.011869436201780416
0,140,222,1990-03-01 00:00:00,337,0.011869436201780416
0,140,226,1990-07-01 00:00:00,337,0.011869436201780416
0,140,328,1999-01-01 00:00:00,337,0.011869436201780416
0,141,32,1974-06-01 00:00:00,337,0.011869436201780416
0,141,115,1981-05-01 00:00:00,337,0.011869436201780416
0,141,257,1993-03-01 00:00:00,337,0.011869436201780416
0,141,263,1993-09-01 00:00:00,337,0.011869436201780416
0,142,33,1974-08-01 00:00:00,337,0.011869436201780416
0,142,58,1976-09-01 00:00:00,337,0.011869436201780416
0,142,251,1992-10-01 00:00:00,337,0.011869436201780416
0,142,326,1999-01-01 00:00:00,337,0.011869436201780416
0,143,2,1972-02-01 00:00:00,337,0.011869436201780416
0,143,113,1981-05-01 00:00:00,337,0.011869436201780416
0,143,246,1992-06-01 00:00:00,337,0.011869436201780416
0,143,302,1997-02-01 00:00:00,337,0.011869436201780416
0,144,70,1977-11-01 00:00:00,337,0.011869436201780416
0,144,73,1978-02-01 00:00:00,337,0.011869436201780416
0,144,80,1978-09-01 00:00:00,337,0.011869436201780416
0,144,323,1998-12-01 00:00:00,337,0.011869436201780416
0,145,57,1976-11-01 00:00:00,337,0.011869436201780416
0,145,173,1986-07-01 00:00:00,337,0.011869436201780416
0,145,200,1988-10-01 00:00:00,337,0.011869436201780416
0,145,201,1988-11-01 00:00:00,337,0.011869436201780416
0,146,2,1972-05-01 00:00:00,337,0.011869436201780416
0,146,51,1976-06-01 00:00:00,337,0.011869436201780416
0,146,165,1985-12-01 00:00:00,337,0.011869436201780416
0,146,167,1986-02-01 00:00:00,337,0.011869436201780416
0,147,77,1978-09-01 00:00:00,337,0.011869436201780416
0,147,205,1989-05-01 00:00:00,337,0.011869436201780416
0,147,314,1998-06-01 00:00:00,337,0.011869436201780416
0,147,329,1999-09-01 00:00:00,337,0.011869436201780416
0,148,29,1974-10-01 00:00:00,337,0.011869436201780416
0,148,106,1981-03-01 00:00:00,337,0.011869436201780416
0,148,239,1992-04-01 00:00:00,337,0.011869436201780416
0,148,293,1996-10-01 00:00:00,337,0.011869436201780416
0,149,3,1972-09-01 00:00:00,337,0.011869436201780416
0,149,158,1985-08-01 00:00:00,337,0.011869436201780416
0,149,184,1987-10-01 00:00:00,337,0.011869436201780416
0,149,333,2000-03-01 00:00:00,337,0.011869436201780416
0,150,89,1979-12-01 00:00:00,337,0.011869436201780416
0,150,174,1987-01-01 00:00:00,337,0.011869436201780416
0,150,176,1987-03-01 00:00:00,337,0.011869436201780416
0,150,325,1999-08-01 00:00:00,337,0.011869436201780416
0,151,15,1973-11-01 00:00:00,337,0.011869436201780416
0,151,30,1975-02-01 00:00:00,337,0.011869436201780416
0,151,119,1982-07-01 00:00:00,337,0.011869436201780416
0,151,199,1989-03-01 00:00:00,337,0.011869436201780416
0,152,16,1974-01-01 00:00:00,337,0.011869436201780416
0,152,46,1976-07-01 00:00:00,337,0.011869436201780416
0,152,211,1990-04-01 00:00:00,337,0.011869436201780416
0,152,264,1994-09-01 00:00:00,337,0.011869436201780416
0,153,65,1978-03-01 00:00:00,337,0.011869436201780416
0,153,82,1979-08-01 00:00:00,337,0.011869436201780416
0,153,204,1989-10-01 00:00:00,337,0.011869436201780416
0,153,229,1991-11-01 00:00:00,337,0.011869436201780416
0,154,47,1976-10-01 00:00:00,337,0.011869436201780416
0,154,159,1986-02-01 00:00:00,337,0.011869436201780416
0,154,180,1987-11-01 00:00:00,337,0.011869436201780416
0,154,294,1997-05-01 00:00:00,337,0.011869436201780416
0,155,20,1974-08-01 00:00:00,337,0.011869436201780416
0,155,113,1982-05-01 00:00:00,337,0.011869436201780416
0,155,172,1987-04-01 00:00:00,337,0.011869436201780416
0,155,258,1994-06-01 00:00:00,337,0.011869436201780416
0,156,181,1988-02-01 00:00:00,337,0.011869436201780416
0,156,190,1988-11-01 00:00:00,337,0.011869436201780416
0,156,235,1992-08-01 00:00:00,337,0.011869436201780416
0,156,335,2000-12-01 00:00:00,337,0.011869436201780416
0,157,78,1979-08-01 00:00:00,337,0.011869436201780416
0,157,134,1984-04-01 00:00:00,337,0.011869436201780416
0,157,157,1986-03-01 00:00:00,337,0.011869436201780416
0,157,219,1991-05-01 00:00:00,337,0.011869436201780416
0,158,37,1976-04-01 00:00:00,337,0.011869436201780416
0,158,103,1981-10-01 00:00:00,337,0.011869436201780416
0,158,124,1983-07-01 00:00:00,337,0.011869436201780416
0,158,311,1999-02-01 00:00:00,337,0.011869436201780416
0,159,95,1981-03-01 00:00:00,337,0.011869436201780416
0,159,130,1984-02-01 00:00:00,337,0.011869436201780416
0,159,194,1989-06-01 00:00:00,337,0.011869436201780416
0,159,300,1998-04-01 00:00:00,337,0.011869436201780416
0,160,122,1983-07-01 00:00:00,337,0.011869436201780416
0,160,153,1986-02-01 00:00:00,337,0.011869436201780416
0,160,191,1989-04-01 00:00:00,337,0.011869436201780416
0,160,319,1999-12-01 00:00:00,337,0.011869436201780416
0,161,16,1974-10-01 00:00:00,337,0.011869436201780416
0,161,41,1976-11-01 00:00:00,337,0.011869436201780416
0,161,102,1981-12-01 00:00:00,337,0.011869436201780416
0,161,169,1987-07-01 00:00:00,337,0.011869436201780416
0,162,50,1977-09-01 00:00:00,337,0.011869436201780416
0,162,120,1983-07-01 00:00:00,337,0.011869436201780416
0,162,178,1988-05-01 00:00:00,337,0.011869436201780416
0,162,232,1992-11-01 00:00:00,337,0.011869436201780416
0,163,51,1977-11-01 00:00:00,337,0.011869436201780416
0,163,170,1987-10-01 00:00:00,337,0.011869436201780416
0,163,301,1998-09-01 00:00:00,337,0.011869436201780416
0,163,329,2001-01-01 00:00:00,337,0.011869436201780416
0,164,36,1976-09-01 00:00:00,337,0.011869436201780416
0,164,70,1979-07-01 00:00:00,337,0.011869436201780416
0,164,74,1979-11-01 00:00:00,337,0.011869436201780416
0,164,274,1996-07-01 00:00:00,337,0.011869436201780416
0,165,37,1976-11-01 00:00:00,337,0.011869436201780416
0,165,111,1983-01-01 00:00:00,337,0.011869436201780416
0,165,256,1995-02-01 00:00:00,337,0.011869436201780416
0,165,269,1996-03-01 00:00:00,337,0.011869436201780416
0,166,30,1976-05-01 00:00:00,337,0.011869436201780416
0,166,56,1978-07-01 00:00:00,337,0.011869436201780416
0,166,73,1979-12-01 00:00:00,337,0.011869436201780416
0,166,296,1998-07-01 00:00:00,337,0.011869436201780416
0,167,56,1978-08-01 00:00:00,337,0.011869436201780416
0,167,121,1984-01-01 00:00:00,337,0.011869436201780416
0,167,186,1989-06-01 00:00:00,337,0.011869436201780416
0,167,236,1993-08-01 00:00:00,337,0.011869436201780416
0,168,45,1977-10-01 00:00:00,337,0.011869436201780416
0,168,85,1981-02-01 00:00:00,337,0.011869436201780416
0,168,110,1983-03-01 00:00:00,337,0.011869436201780416
0,168,274,1996-11-01 00:00:00,337,0.011869436201780416
0,169,20,1975-10-01 00:00:00,337,0.011869436201780416
0,169,23,1976-01-01 00:00:00,337,0.011869436201780416
0,169,46,1977-12-01 00:00:00,337,0.011869436201780416
0,169,188,1989-10-01 00:00:00,337,0.011869436201780416
0,170,178,1989-01-01 00:00:00,337,0.011869436201780416
0,170,210,1991-09-01 00:00:00,337,0.011869436201780416
0,170,275,1997-02-01 00:00:00,337,0.011869436201780416
0,170,329,2001-08-01 00:00:00,337,0.011869436201780416
0,171,38,1977-06-01 00:00:00,337,0.011869436201780416
0,171,55,1978-11-01 00:00:00,337,0.011869436201780416
0,171,248,1994-12-01 00:00:00,337,0.011869436201780416
0,171,250,1995-02-01 00:00:00,337,0.011869436201780416
0,172,116,1984-01-01 00:00:00,337,0.011869436201780416
0,172,155,1987-04-01 00:00:00,337,0.011869436201780416
0,172,181,1989-06-01 00:00:00,337,0.011869436201780416
0,172,312,2000-05-01 00:00:00,337,0.011869436201780416
0,173,117,1984-03-01 00:00:00,337,0.011869436201780416
0,173,126,1984-12-01 00:00:00,337,0.011869436201780416
0,173,178,1989-04-01 00:00:00,337,0.011869436201780416
0,173,249,1995-03-01 00:00:00,337,0.011869436201780416
0,174,226,1993-05-01 00:00:00,337,0.011869436201780416
0,174,283,1998-02-01 00:00:00,337,0.011869436201780416
0,174,297,1999-04-01 00:00:00,337,0.011869436201780416
0,174,310,2000-05-01 00:00:00,337,0.011869436201780416
0,175,1,1974-09-01 00:00:00,337,0.011869436201780416
0,175,46,1978-06-01 00:00:00,337,0.011869436201780416
0,175,253,1995-09-01 00:00:00,337,0.011869436201780416
0,175,305,2000-01-01 00:00:00,337,0.011869436201780416
0,176,38,1977-11-01 00:00:00,337,0.011869436201780416
0,176,44,1978-05-01 00:00:00,337,0.011869436201780416
0,176,165,1988-06-01 00:00:00,337,0.011869436201780416
0,176,187,1990-04-01 00:00:00,337,0.011869436201780416
0,177,32,1977-06-01 00:00:00,337,0.011869436201780416
0,177,42,1978-04-01 00:00:00,337,0.011869436201780416
0,177,178,1989-08-01 00:00:00,337,0.011869436201780416
0,177,226,1993-08-01 00:00:00,337,0.011869436201780416
0,178,66,1980-05-01 00:00:00,337,0.011869436201780416
0,178,283,1998-06-01 00:00:00,337,0.011869436201780416
0,178,285,1998-08-01 00:00:00,337,0.011869436201780416
0,178,321,2001-08-01 00:00:00,337,0.011869436201780416
0,179,11,1975-11-01 00:00:00,337,0.011869436201780416
0,179,99,1983-03-01 00:00:00,337,0.011869436201780416
0,179,124,1985-04-01 00:00:00,337,0.011869436201780416
0,179,147,1987-03-01 00:00:00,337,0.011869436201780416
0,180,1,1975-02-01 00:00:00,337,0.011869436201780416
0,180,30,1977-07-01 00:00:00,337,0.011869436201780416
0,180,204,1992-01-01 00:00:00,337,0.011869436201780416
0,180,270,1997-07-01 00:00:00,337,0.011869436201780416
0,181,59,1980-01-01 00:00:00,337,0.011869436201780416
0,181,108,1984-02-01 00:00:00,337,0.011869436201780416
0,181,167,1989-01-01 00:00:00,337,0.011869436201780416
0,181,178,1989-12-01 00:00:00,337,0.011869436201780416
0,182,78,1981-09-01 00:00:00,337,0.011869436201780416
0,182,140,1986-11-01 00:00:00,337,0.011869436201780416
0,182,172,1989-07-01 00:00:00,337,0.011869436201780416
0,182,306,2000-09-01 00:00:00,337,0.011869436201780416
0,183,204,1992-04-01 00:00:00,337,0.011869436201780416
0,183,224,1993-12-01 00:00:00,337,0.011869436201780416
0,183,254,1996-06-01 00:00:00,337,0.011869436201780416
0,183,255,1996-07-01 00:00:00,337,0.011869436201780416
0,184,62,1980-07-01 00:00:00,337,0.011869436201780416
0,184,121,1985-06-01 00:00:00,337,0.011869436201780416
0,184,210,1992-11-01 00:00:00,337,0.011869436201780416
0,184,225,1994-02-01 00:00:00,337,0.011869436201780416
0,185,60,1980-06-01 00:00:00,337,0.011869436201780416
0,185,110,1984-08-01 00:00:00,337,0.011869436201780416
0,185,157,1988-07-01 00:00:00,337,0.011869436201780416
0,185,248,1996-02-01 00:00:00,337,0.011869436201780416
0,186,13,1976-08-01 00:00:00,337,0.011869436201780416
0,186,142,1987-05-01 00:00:00,337,0.011869436201780416
0,186,294,2000-01-01 00:00:00,337,0.011869436201780416
0,186,309,2001-04-01 00:00:00,337,0.011869436201780416
0,187,72,1981-08-01 00:00:00,337,0.011869436201780416
0,187,94,1983-06-01 00:00:00,337,0.011869436201780416
0,187,185,1991-01-01 00:00:00,337,0.011869436201780416
0,187,206,1992-10-01 00:00:00,337,0.011869436201780416
0,188,34,1978-07-01 00:00:00,337,0.011869436201780416
0,188,278,1998-11-01 00:00:00,337,0.011869436201780416
0,188,315,2001-12-01 00:00:00,337,0.011869436201780416
0,188,324,2002-09-01 00:00:00,337,0.011869436201780416
0,189,93,1983-07-01 00:00:00,337,0.011869436201780416
0,189,201,1992-07-01 00:00:00,337,0.011869436201780416
0,189,276,1998-10-01 00:00:00,337,0.011869436201780416
0,189,332,2003-06-01 00:00:00,337,0.011869436201780416
0,190,4,1976-03-01 00:00:00,337,0.011869436201780416
0,190,6,1976-05-01 00:00:00,337,0.011869436201780416
0,190,20,1977-07-01 00:00:00,337,0.011869436201780416
0,190,208,1993-03-01 00:00:00,337,0.011869436201780416
0,191,49,1980-01-01 00:00:00,337,0.011869436201780416
0,191,116,1985-08-01 00:00:00,337,0.011869436201780416
0,191,222,1994-06-01 00:00:00,337,0.011869436201780416
0,191,307,2001-07-01 00:00:00,337,0.011869436201780416
0,192,216,1994-01-01 00:00:00,337,0.011869436201780416
0,192,257,1997-06-01 00:00:00,337,0.011869436201780416
0,192,273,1998-10-01 00:00:00,337,0.011869436201780416
0,192,280,1999-05-01 00:00:00,337,0.011869436201780416
0,193,180,1991-02-01 00:00:00,337,0.011869436201780416
0,193,186,1991-08-01 00:00:00,337,0.011869436201780416
0,193,239,1996-01-01 00:00:00,337,0.011869436201780416
0,193,262,1997-12-01 00:00:00,337,0.011869436201780416
0,194,19,1977-10-01 00:00:00,337,0.011869436201780416
0,194,28,1978-07-01 00:00:00,337,0.011869436201780416
0,194,94,1984-01-01 00:00:00,337,0.011869436201780416
0,194,142,1988-01-01 00:00:00,337,0.011869436201780416
0,195,1,1976-05-01 00:00:00,337,0.011869436201780416
0,195,34,1979-02-01 00:00:00,337,0.011869436201780416
0,195,223,1994-11-01 00:00:00,337,0.011869436201780416
0,195,296,2000-12-01 00:00:00,337,0.011869436201780416
0,196,118,1986-03-01 00:00:00,337,0.011869436201780416
0,196,125,1986-10-01 00:00:00,337,0.011869436201780416
0,196,234,1995-11-01 00:00:00,337,0.011869436201780416
0,196,286,2000-03-01 00:00:00,337,0.011869436201780416
0,197,11,1977-05-01 00:00:00,337,0.011869436201780416
0,197,151,1989-01-01 00:00:00,337,0.011869436201780416
0,197,176,1991-02-01 00:00:00,337,0.011869436201780416
0,197,199,1993-01-01 00:00:00,337,0.011869436201780416
0,198,123,1986-10-01 00:00:00,337,0.011869436201780416
0,198,133,1987-08-01 00:00:00,337,0.011869436201780416
0,198,308,2002-03-01 00:00:00,337,0.011869436201780416
0,198,318,2003-01-01 00:00:00,337,0.011869436201780416
0,199,18,1978-02-01 00:00:00,337,0.011869436201780416
0,199,25,1978-09-01 00:00:00,337,0.011869436201780416
0,199,43,1980-03-01 00:00:00,337,0.011869436201780416
0,199,115,1986-03-01 00:00:00,337,0.011869436201780416
0,200,48,1980-09-01 00:00:00,337,0.011869436201780416
0,200,116,1986-05-01 00:00:00,337,0.011869436201780416
0,200,119,1986-08-01 00:00:00,337,0.011869436201780416
0,200,130,1987-07-01 00:00:00,337,0.011869436201780416
0,201,61,1981-11-01 00:00:00,337,0.011869436201780416
0,201,174,1991-04-01 00:00:00,337,0.011869436201780416
0,201,201,1993-07-01 00:00:00,337,0.011869436201780416
0,201,274,1999-08-01 00:00:00,337,0.011869436201780416
0,202,47,1980-10-01 00:00:00,337,0.011869436201780416
0,202,248,1997-07-01 00:00:00,337,0.011869436201780416
0,202,297,2001-08-01 00:00:00,337,0.011869436201780416
0,202,305,2002-04-01 00:00:00,337,0.011869436201780416
0,203,93,1984-09-01 00:00:00,337,0.011869436201780416
0,203,188,1992-08-01 00:00:00,337,0.011869436201780416
0,203,264,1998-12-01 00:00:00,337,0.011869436201780416
0,203,289,2001-01-01 00:00:00,337,0.011869436201780416
0,204,0,1977-01-01 00:00:00,337,0.011869436201780416
0,204,135,1988-04-01 00:00:00,337,0.011869436201780416
0,204,263,1998-12-01 00:00:00,337,0.011869436201780416
0,204,287,2000-12-01 00:00:00,337,0.011869436201780416
0,205,0,1977-02-01 00:00:00,337,0.011869436201780416
0,205,119,1987-01-01 00:00:00,337,0.011869436201780416
0,205,170,1991-04-01 00:00:00,337,0.011869436201780416
0,205,236,1996-10-01 00:00:00,337,0.011869436201780416
0,206,20,1978-11-01 00:00:00,337,0.011869436201780416
0,206,41,1980-08-01 00:00:00,337,0.011869436201780416
0,206,295,2001-10-01 00:00:00,337,0.011869436201780416
0,206,303,2002-06-01 00:00:00,337,0.011869436201780416
0,207,73,1983-05-01 00:00:00,337,0.011869436201780416
0,207,84,1984-04-01 00:00:00,337,0.011869436201780416
0,207,128,1987-12-01 00:00:00,337,0.011869436201780416
0,207,180,1992-04-01 00:00:00,337,0.011869436201780416
0,208,69,1983-02-01 00:00:00,337,0.011869436201780416
0,208,208,1994-09-01 00:00:00,337,0.011869436201780416
0,208,320,2004-01-01 00:00:00,337,0.011869436201780416
0,208,334,2005-03-01 00:00:00,337,0.011869436201780416
0,209,31,1980-01-01 00:00:00,337,0.011869436201780416
0,209,197,1993-11-01 00:00:00,337,0.011869436201780416
0,209,271,2000-01-01 00:00:00,337,0.011869436201780416
0,209,304,2002-10-01 00:00:00,337,0.011869436201780416
0,210,3,1977-10-01 00:00:00,337,0.011869436201780416
0,210,116,1987-03-01 00:00:00,337,0.011869436201780416
0,210,147,1989-10-01 00:00:00,337,0.011869436201780416
0,210,318,2004-01-01 00:00:00,337,0.011869436201780416
0,211,119,1987-07-01 00:00:00,337,0.011869436201780416
0,211,136,1988-12-01 00:00:00,337,0.011869436201780416
0,211,196,1993-12-01 00:00:00,337,0.011869436201780416
0,211,290,2001-10-01 00:00:00,337,0.011869436201780416
0,212,17,1979-02-01 00:00:00,337,0.011869436201780416
0,212,51,1981-12-01 00:00:00,337,0.011869436201780416
0,212,205,1994-10-01 00:00:00,337,0.011869436201780416
0,212,261,1999-06-01 00:00:00,337,0.011869436201780416
0,213,50,1981-12-01 00:00:00,337,0.011869436201780416
0,213,125,1988-03-01 00:00:00,337,0.011869436201780416
0,213,266,1999-12-01 00:00:00,337,0.011869436201780416
0,213,329,2005-03-01 00:00:00,337,0.011869436201780416
0,214,15,1979-02-01 00:00:00,337,0.011869436201780416
0,214,22,1979-09-01 00:00:00,337,0.011869436201780416
0,214,205,1994-12-01 00:00:00,337,0.011869436201780416
0,214,214,1995-09-01 00:00:00,337,0.011869436201780416
0,215,167,1991-11-01 00:00:00,337,0.011869436201780416
0,215,207,1995-03-01 00:00:00,337,0.011869436201780416
0,215,228,1996-12-01 00:00:00,337,0.011869436201780416
0,215,270,2000-06-01 00:00:00,337,0.011869436201780416
0,216,21,1979-10-01 00:00:00,337,0.011869436201780416
0,216,101,1986-06-01 00:00:00,337,0.011869436201780416
0,216,243,1998-04-01 00:00:00,337,0.011869436201780416
0,216,314,2004-03-01 00:00:00,337,0.011869436201780416
0,217,58,1982-12-01 00:00:00,337,0.011869436201780416
0,217,103,1986-09-01 00:00:00,337,0.011869436201780416
0,217,137,1989-07-01 00:00:00,337,0.011869436201780416
0,217,207,1995-05-01 00:00:00,337,0.011869436201780416
0,218,67,1983-10-01 00:00:00,337,0.011869436201780416
0,218,91,1985-10-01 00:00:00,337,0.011869436201780416
0,218,95,1986-02-01 00:00:00,337,0.011869436201780416
0,218,104,1986-11-01 00:00:00,337,0.011869436201780416
0,219,52,1982-08-01 00:00:00,337,0.011869436201780416
0,219,85,1985-05-01 00:00:00,337,0.011869436201780416
0,219,208,1995-08-01 00:00:00,337,0.011869436201780416
0,219,281,2001-09-01 00:00:00,337,0.011869436201780416
0,220,26,1980-07-01 00:00:00,337,0.011869436201780416
0,220,52,1982-09-01 00:00:00,337,0.011869436201780416
0,220,280,2001-09-01 00:00:00,337,0.011869436201780416
0,220,324,2005-05-01 00:00:00,337,0.011869436201780416
0,221,56,1983-02-01 00:00:00,337,0.011869436201780416
0,221,171,1992-09-01 00:00:00,337,0.011869436201780416
0,221,294,2002-12-01 00:00:00,337,0.011869436201780416
0,221,335,2006-05-01 00:00:00,337,0.011869436201780416
0,222,10,1979-05-01 00:00:00,337,0.011869436201780416
0,222,23,1980-06-01 00:00:00,337,0.011869436201780416
0,222,59,1983-06-01 00:00:00,337,0.011869436201780416
0,222,203,1995-06-01 00:00:00,337,0.011869436201780416
0,223,3,1978-11-01 00:00:00,337,0.011869436201780416
0,223,104,1987-04-01 00:00:00,337,0.011869436201780416
0,223,145,1990-09-01 00:00:00,337,0.011869436201780416
0,223,248,1999-04-01 00:00:00,337,0.011869436201780416
0,224,36,1981-09-01 00:00:00,337,0.011869436201780416
0,224,299,2003-08-01 00:00:00,337,0.011869436201780416
0,224,304,2004-01-01 00:00:00,337,0.011869436201780416
0,224,326,2005-11-01 00:00:00,337,0.011869436201780416
0,225,3,1979-01-01 00:00:00,337,0.011869436201780416
0,225,140,1990-06-01 00:00:00,337,0.011869436201780416
0,225,180,1993-10-01 00:00:00,337,0.011869436201780416
0,225,200,1995-06-01 00:00:00,337,0.011869436201780416
0,226,3,1979-02-01 00:00:00,337,0.011869436201780416
0,226,89,1986-04-01 00:00:00,337,0.011869436201780416
0,226,195,1995-02-01 00:00:00,337,0.011869436201780416
0,226,323,2005-10-01 00:00:00,337,0.011869436201780416
0,227,106,1987-10-01 00:00:00,337,0.011869436201780416
0,227,130,1989-10-01 00:00:00,337,0.011869436201780416
0,227,150,1991-06-01 00:00:00,337,0.011869436201780416
0,227,246,1999-06-01 00:00:00,337,0.011869436201780416
0,228,97,1987-02-01 00:00:00,337,0.011869436201780416
0,228,178,1993-11-01 00:00:00,337,0.011869436201780416
0,228,262,2000-11-01 00:00:00,337,0.011869436201780416
0,228,300,2004-01-01 00:00:00,337,0.011869436201780416
0,229,13,1980-03-01 00:00:00,337,0.011869436201780416
0,229,140,1990-10-01 00:00:00,337,0.011869436201780416
0,229,242,1999-04-01 00:00:00,337,0.011869436201780416
0,229,280,2002-06-01 00:00:00,337,0.011869436201780416
0,230,122,1989-05-01 00:00:00,337,0.011869436201780416
0,230,183,1994-06-01 00:00:00,337,0.011869436201780416
0,230,269,2001-08-01 00:00:00,337,0.011869436201780416
0,230,299,2004-02-01 00:00:00,337,0.011869436201780416
0,231,130,1990-02-01 00:00:00,337,0.011869436201780416
0,231,230,1998-06-01 00:00:00,337,0.011869436201780416
0,231,310,2005-02-01 00:00:00,337,0.011869436201780416
0,231,332,2006-12-01 00:00:00,337,0.011869436201780416
0,232,33,1982-02-01 00:00:00,337,0.011869436201780416
0,232,276,2002-05-01 00:00:00,337,0.011869436201780416
0,232,327,2006-08-01 00:00:00,337,0.011869436201780416
0,232,335,2007-04-01 00:00:00,337,0.011869436201780416
0,233,77,1985-11-01 00:00:00,337,0.011869436201780416
0,233,148,1991-10-01 00:00:00,337,0.011869436201780416
0,233,239,1999-05-01 00:00:00,337,0.011869436201780416
0,233,273,2002-03-01 00:00:00,337,0.011869436201780416
0,234,25,1981-08-01 00:00:00,337,0.011869436201780416
0,234,125,1989-12-01 00:00:00,337,0.011869436201780416
0,234,226,1998-05-01 00:00:00,337,0.011869436201780416
0,234,238,1999-05-01 00:00:00,337,0.011869436201780416
0,235,121,1989-09-01 00:00:00,337,0.011869436201780416
0,235,128,1990-04-01 00:00:00,337,0.011869436201780416
0,235,129,1990-05-01 00:00:00,337,0.011869436201780416
0,235,198,1996-02-01 00:00:00,337,0.011869436201780416
0,236,92,1987-05-01 00:00:00,337,0.011869436201780416
0,236,169,1993-10-01 00:00:00,337,0.011869436201780416
0,236,192,1995-09-01 00:00:00,337,0.011869436201780416
0,236,311,2005-08-01 00:00:00,337,0.011869436201780416
0,237,159,1993-01-01 00:00:00,337,0.011869436201780416
0,237,241,1999-11-01 00:00:00,337,0.011869436201780416
0,237,309,2005-07-01 00:00:00,337,0.011869436201780416
0,237,317,2006-03-01 00:00:00,337,0.011869436201780416
0,238,19,1981-06-01 00:00:00,337,0.011869436201780416
0,238,172,1994-03-01 00:00:00,337,0.011869436201780416
0,238,257,2001-04-01 00:00:00,337,0.011869436201780416
0,238,275,2002-10-01 00:00:00,337,0.011869436201780416
0,239,68,1985-08-01 00:00:00,337,0.011869436201780416
0,239,103,1988-07-01 00:00:00,337,0.011869436201780416
0,239,253,2001-01-01 00:00:00,337,0.011869436201780416
0,239,332,2007-08-01 00:00:00,337,0.011869436201780416
0,240,119,1989-12-01 00:00:00,337,0.011869436201780416
0,240,143,1991-12-01 00:00:00,337,0.011869436201780416
0,240,172,1994-05-01 00:00:00,337,0.011869436201780416
0,240,285,2003-10-01 00:00:00,337,0.011869436201780416
0,241,56,1984-10-01 00:00:00,337,0.011869436201780416
0,241,65,1985-07-01 00:00:00,337,0.011869436201780416
0,241,284,2003-10-01 00:00:00,337,0.011869436201780416
0,241,315,2006-05-01 00:00:00,337,0.011869436201780416
0,242,30,1982-09-01 00:00:00,337,0.011869436201780416
0,242,111,1989-06-01 00:00:00,337,0.011869436201780416
0,242,154,1993-01-01 00:00:00,337,0.011869436201780416
0,242,319,2006-10-01 00:00:00,337,0.011869436201780416
0,243,2,1980-06-01 00:00:00,337,0.011869436201780416
0,243,204,1997-04-01 00:00:00,337,0.011869436201780416
0,243,206,1997-06-01 00:00:00,337,0.011869436201780416
0,243,311,2006-03-01 00:00:00,337,0.011869436201780416
0,244,152,1993-01-01 00:00:00,337,0.011869436201780416
0,244,170,1994-07-01 00:00:00,337,0.011869436201780416
0,244,194,1996-07-01 00:00:00,337,0.011869436201780416
0,244,251,2001-04-01 00:00:00,337,0.011869436201780416
0,245,90,1987-12-01 00:00:00,337,0.011869436201780416
0,245,198,1996-12-01 00:00:00,337,0.011869436201780416
0,245,211,1998-01-01 00:00:00,337,0.011869436201780416
0,245,305,2005-11-01 00:00:00,337,0.011869436201780416
0,246,36,1983-07-01 00:00:00,337,0.011869436201780416
0,246,106,1989-05-01 00:00:00,337,0.011869436201780416
0,246,234,2000-01-01 00:00:00,337,0.011869436201780416
0,246,244,2000-11-01 00:00:00,337,0.011869436201780416
0,247,56,1985-04-01 00:00:00,337,0.011869436201780416
0,247,65,1986-01-01 00:00:00,337,0.011869436201780416
0,247,249,2001-05-01 00:00:00,337,0.011869436201780416
0,247,321,2007-05-01 00:00:00,337,0.011869436201780416
0,248,1,1980-10-01 00:00:00,337,0.011869436201780416
0,248,7,1981-04-01 00:00:00,337,0.011869436201780416
0,248,24,1982-09-01 00:00:00,337,0.011869436201780416
0,248,75,1986-12-01 00:00:00,337,0.011869436201780416
0,249,98,1988-12-01 00:00:00,337,0.011869436201780416
0,249,164,1994-06-01 00:00:00,337,0.011869436201780416
0,249,276,2003-10-01 00:00:00,337,0.011869436201780416
0,249,312,2006-10-01 00:00:00,337,0.011869436201780416
0,250,83,1987-10-01 00:00:00,337,0.011869436201780416
0,250,160,1994-03-01 00:00:00,337,0.011869436201780416
0,250,296,2005-07-01 00:00:00,337,0.011869436201780416
0,250,330,2008-05-01 00:00:00,337,0.011869436201780416
0,251,5,1981-05-01 00:00:00,337,0.011869436201780416
0,251,15,1982-03-01 00:00:00,337,0.011869436201780416
0,251,117,1990-09-01 00:00:00,337,0.011869436201780416
0,251,125,1991-05-01 00:00:00,337,0.011869436201780416
0,252,61,1986-02-01 00:00:00,337,0.011869436201780416
0,252,123,1991-04-01 00:00:00,337,0.011869436201780416
0,252,214,1998-11-01 00:00:00,337,0.011869436201780416
0,252,284,2004-09-01 00:00:00,337,0.011869436201780416
0,253,99,1989-05-01 00:00:00,337,0.011869436201780416
0,253,134,1992-04-01 00:00:00,337,0.011869436201780416
0,253,143,1993-01-01 00:00:00,337,0.011869436201780416
0,253,164,1994-10-01 00:00:00,337,0.011869436201780416
0,254,34,1984-01-01 00:00:00,337,0.011869436201780416
0,254,95,1989-02-01 00:00:00,337,0.011869436201780416
0,254,171,1995-06-01 00:00:00,337,0.011869436201780416
0,254,314,2007-05-01 00:00:00,337,0.011869436201780416
0,255,22,1983-02-01 00:00:00,337,0.011869436201780416
0,255,32,1983-12-01 00:00:00,337,0.011869436201780416
0,255,281,2004-09-01 00:00:00,337,0.011869436201780416
0,255,296,2005-12-01 00:00:00,337,0.011869436201780416
0,256,34,1984-03-01 00:00:00,337,0.011869436201780416
0,256,60,1986-05-01 00:00:00,337,0.011869436201780416
0,256,301,2006-06-01 00:00:00,337,0.011869436201780416
0,256,328,2008-09-01 00:00:00,337,0.011869436201780416
0,257,79,1988-01-01 00:00:00,337,0.011869436201780416
0,257,206,1998-08-01 00:00:00,337,0.011869436201780416
0,257,258,2002-12-01 00:00:00,337,0.011869436201780416
0,257,272,2004-02-01 00:00:00,337,0.011869436201780416
0,258,140,1993-03-01 00:00:00,337,0.011869436201780416
0,258,207,1998-10-01 00:00:00,337,0.011869436201780416
0,258,240,2001-07-01 00:00:00,337,0.011869436201780416
0,258,254,2002-09-01 00:00:00,337,0.011869436201780416
0,259,63,1986-11-01 00:00:00,337,0.011869436201780416
0,259,99,1989-11-01 00:00:00,337,0.011869436201780416
0,259,114,1991-02-01 00:00:00,337,0.011869436201780416
0,259,313,2007-09-01 00:00:00,337,0.011869436201780416
0,260,87,1988-12-01 00:00:00,337,0.011869436201780416
0,260,237,2001-06-01 00:00:00,337,0.011869436201780416
0,260,292,2006-01-01 00:00:00,337,0.011869436201780416
0,260,296,2006-05-01 00:00:00,337,0.011869436201780416
0,261,19,1983-05-01 00:00:00,337,0.011869436201780416
0,261,170,1995-12-01 00:00:00,337,0.011869436201780416
0,261,209,1999-03-01 00:00:00,337,0.011869436201780416
0,261,284,2005-06-01 00:00:00,337,0.011869436201780416
0,262,92,1989-07-01 00:00:00,337,0.011869436201780416
0,262,115,1991-06-01 00:00:00,337,0.011869436201780416
0,262,175,1996-06-01 00:00:00,337,0.011869436201780416
0,262,293,2006-04-01 00:00:00,337,0.011869436201780416
0,263,48,1985-12-01 00:00:00,337,0.011869436201780416
0,263,78,1988-06-01 00:00:00,337,0.011869436201780416
0,263,203,1998-11-01 00:00:00,337,0.011869436201780416
0,263,308,2007-08-01 00:00:00,337,0.011869436201780416
0,264,141,1993-10-01 00:00:00,337,0.011869436201780416
0,264,214,1999-11-01 00:00:00,337,0.011869436201780416
0,264,229,2001-02-01 00:00:00,337,0.011869436201780416
0,264,261,2003-10-01 00:00:00,337,0.011869436201780416
0,265,145,1994-03-01 00:00:00,337,0.011869436201780416
0,265,180,1997-02-01 00:00:00,337,0.011869436201780416
0,265,188,1997-10-01 00:00:00,337,0.011869436201780416
0,265,241,2002-03-01 00:00:00,337,0.011869436201780416
0,266,124,1992-07-01 00:00:00,337,0.011869436201780416
0,266,151,1994-10-01 00:00:00,337,0.011869436201780416
0,266,310,2008-01-01 00:00:00,337,0.011869436201780416
0,266,311,2008-02-01 00:00:00,337,0.011869436201780416
0,267,76,1988-08-01 00:00:00,337,0.011869436201780416
0,267,82,1989-02-01 00:00:00,337,0.011869436201780416
0,267,83,1989-03-01 00:00:00,337,0.011869436201780416
0,267,174,1996-10-01 00:00:00,337,0.011869436201780416
0,268,41,1985-10-01 00:00:00,337,0.011869436201780416
0,268,113,1991-10-01 00:00:00,337,0.011869436201780416
0,268,190,1998-03-01 00:00:00,337,0.011869436201780416
0,268,273,2005-02-01 00:00:00,337,0.011869436201780416
0,269,86,1989-08-01 00:00:00,337,0.011869436201780416
0,269,125,1992-11-01 00:00:00,337,0.011869436201780416
0,269,161,1995-11-01 00:00:00,337,0.011869436201780416
0,269,242,2002-08-01 00:00:00,337,0.011869436201780416
0,270,45,1986-04-01 00:00:00,337,0.011869436201780416
0,270,90,1990-01-01 00:00:00,337,0.011869436201780416
0,270,97,1990-08-01 00:00:00,337,0.011869436201780416
0,270,180,1997-07-01 00:00:00,337,0.011869436201780416
0,271,43,1986-03-01 00:00:00,337,0.011869436201780416
0,271,47,1986-07-01 00:00:00,337,0.011869436201780416
0,271,106,1991-06-01 00:00:00,337,0.011869436201780416
0,271,158,1995-10-01 00:00:00,337,0.011869436201780416
0,272,105,1991-06-01 00:00:00,337,0.011869436201780416
0,272,153,1995-06-01 00:00:00,337,0.011869436201780416
0,272,232,2002-01-01 00:00:00,337,0.011869436201780416
0,272,332,2010-05-01 00:00:00,337,0.011869436201780416
0,273,86,1989-12-01 00:00:00,337,0.011869436201780416
0,273,117,1992-07-01 00:00:00,337,0.011869436201780416
0,273,124,1993-02-01 00:00:00,337,0.011869436201780416
0,273,286,2006-08-01 00:00:00,337,0.011869436201780416
0,274,92,1990-07-01 00:00:00,337,0.011869436201780416
0,274,99,1991-02-01 00:00:00,337,0.011869436201780416
0,274,301,2007-12-01 00:00:00,337,0.011869436201780416
0,274,334,2010-09-01 00:00:00,337,0.011869436201780416
0,275,209,2000-05-01 00:00:00,337,0.011869436201780416
0,275,292,2007-04-01 00:00:00,337,0.011869436201780416
0,275,299,2007-11-01 00:00:00,337,0.011869436201780416
0,275,331,2010-07-01 00:00:00,337,0.011869436201780416
0,276,3,1983-04-01 00:00:00,337,0.011869436201780416
0,276,48,1987-01-01 00:00:00,337,0.011869436201780416
0,276,274,2005-11-01 00:00:00,337,0.011869436201780416
0,276,304,2008-05-01 00:00:00,337,0.011869436201780416
0,277,173,1997-07-01 00:00:00,337,0.011869436201780416
0,277,211,2000-09-01 00:00:00,337,0.011869436201780416
0,277,225,2001-11-01 00:00:00,337,0.011869436201780416
0,277,317,2009-07-01 00:00:00,337,0.011869436201780416
0,278,189,1998-12-01 00:00:00,337,0.011869436201780416
0,278,200,1999-11-01 00:00:00,337,0.011869436201780416
0,278,311,2009-02-01 00:00:00,337,0.011869436201780416
0,278,325,2010-04-01 00:00:00,337,0.011869436201780416
0,279,29,1985-09-01 00:00:00,337,0.011869436201780416
0,279,78,1989-10-01 00:00:00,337,0.011869436201780416
0,279,100,1991-08-01 00:00:00,337,0.011869436201780416
0,279,306,2008-10-01 00:00:00,337,0.011869436201780416
0,280,32,1986-01-01 00:00:00,337,0.011869436201780416
0,280,217,2001-06-01 00:00:00,337,0.011869436201780416
0,280,225,2002-02-01 00:00:00,337,0.011869436201780416
0,280,226,2002-03-01 00:00:00,337,0.011869436201780416
0,281,50,1987-08-01 00:00:00,337,0.011869436201780416
0,281,172,1997-10-01 00:00:00,337,0.011869436201780416
0,281,238,2003-04-01 00:00:00,337,0.011869436201780416
0,281,334,2011-04-01 00:00:00,337,0.011869436201780416
0,282,188,1999-03-01 00:00:00,337,0.011869436201780416
0,282,205,2000-08-01 00:00:00,337,0.011869436201780416
0,282,240,2003-07-01 00:00:00,337,0.011869436201780416
0,282,288,2007-07-01 00:00:00,337,0.011869436201780416
0,283,89,1991-01-01 00:00:00,337,0.011869436201780416
0,283,119,1993-07-01 00:00:00,337,0.011869436201780416
0,283,273,2006-05-01 00:00:00,337,0.011869436201780416
0,283,290,2007-10-01 00:00:00,337,0.011869436201780416
0,284,243,2003-12-01 00:00:00,337,0.011869436201780416
0,284,300,2008-09-01 00:00:00,337,0.011869436201780416
0,284,302,2008-11-01 00:00:00,337,0.011869436201780416
0,284,316,2010-01-01 00:00:00,337,0.011869436201780416
0,285,160,1997-02-01 00:00:00,337,0.011869436201780416
0,285,230,2002-12-01 00:00:00,337,0.011869436201780416
0,285,254,2004-12-01 00:00:00,337,0.011869436201780416
0,285,267,2006-01-01 00:00:00,337,0.011869436201780416
0,286,98,1992-01-01 00:00:00,337,0.011869436201780416
0,286,173,1998-04-01 00:00:00,337,0.011869436201780416
0,286,205,2000-12-01 00:00:00,337,0.011869436201780416
0,286,312,2009-11-01 00:00:00,337,0.011869436201780416
0,287,48,1987-12-01 00:00:00,337,0.011869436201780416
0,287,79,1990-07-01 00:00:00,337,0.011869436201780416
0,287,152,1996-08-01 00:00:00,337,0.011869436201780416
0,287,193,2000-01-01 00:00:00,337,0.011869436201780416
0,288,10,1984-11-01 00:00:00,337,0.011869436201780416
0,288,113,1993-06-01 00:00:00,337,0.011869436201780416
0,288,187,1999-08-01 00:00:00,337,0.011869436201780416
0,288,321,2010-10-01 00:00:00,337,0.011869436201780416
0,289,25,1986-03-01 00:00:00,337,0.011869436201780416
0,289,48,1988-02-01 00:00:00,337,0.011869436201780416
0,289,104,1992-10-01 00:00:00,337,0.011869436201780416
0,289,113,1993-07-01 00:00:00,337,0.011869436201780416
0,290,47,1988-02-01 00:00:00,337,0.011869436201780416
0,290,68,1989-11-01 00:00:00,337,0.011869436201780416
0,290,168,1998-03-01 00:00:00,337,0.011869436201780416
0,290,215,2002-02-01 00:00:00,337,0.011869436201780416
0,291,39,1987-07-01 00:00:00,337,0.011869436201780416
0,291,103,1992-11-01 00:00:00,337,0.011869436201780416
0,291,125,1994-09-01 00:00:00,337,0.011869436201780416
0,291,182,1999-06-01 00:00:00,337,0.011869436201780416
0,292,3,1984-08-01 00:00:00,337,0.011869436201780416
0,292,132,1995-05-01 00:00:00,337,0.011869436201780416
0,292,188,2000-01-01 00:00:00,337,0.011869436201780416
0,292,277,2007-06-01 00:00:00,337,0.011869436201780416
0,293,43,1988-01-01 00:00:00,337,0.011869436201780416
0,293,212,2002-02-01 00:00:00,337,0.011869436201780416
0,293,218,2002-08-01 00:00:00,337,0.011869436201780416
0,293,234,2003-12-01 00:00:00,337,0.011869436201780416
0,294,36,1987-07-01 00:00:00,337,0.011869436201780416
0,294,84,1991-07-01 00:00:00,337,0.011869436201780416
0,294,218,2002-09-01 00:00:00,337,0.011869436201780416
0,294,286,2008-05-01 00:00:00,337,0.011869436201780416
0,295,8,1985-04-01 00:00:00,337,0.011869436201780416
0,295,28,1986-12-01 00:00:00,337,0.011869436201780416
0,295,227,2003-07-01 00:00:00,337,0.011869436201780416
0,295,241,2004-09-01 00:00:00,337,0.011869436201780416
0,296,49,1988-10-01 00:00:00,337,0.011869436201780416
0,296,114,1994-03-01 00:00:00,337,0.011869436201780416
0,296,265,2006-10-01 00:00:00,337,0.011869436201780416
0,296,291,2008-12-01 00:00:00,337,0.011869436201780416
0,297,30,1987-04-01 00:00:00,337,0.011869436201780416
0,297,135,1996-01-01 00:00:00,337,0.011869436201780416
0,297,167,1998-09-01 00:00:00,337,0.011869436201780416
0,297,286,2008-08-01 00:00:00,337,0.011869436201780416
0,298,80,1991-07-01 00:00:00,337,0.011869436201780416
0,298,143,1996-10-01 00:00:00,337,0.011869436201780416
0,298,214,2002-09-01 00:00:00,337,0.011869436201780416
0,298,273,2007-08-01 00:00:00,337,0.011869436201780416
0,299,98,1993-02-01 00:00:00,337,0.011869436201780416
0,299,280,2008-04-01 00:00:00,337,0.011869436201780416
0,299,297,2009-09-01 00:00:00,337,0.011869436201780416
0,299,320,2011-08-01 00:00:00,337,0.011869436201780416
0,300,116,1994-09-01 00:00:00,337,0.011869436201780416
0,300,157,1998-02-01 00:00:00,337,0.011869436201780416
0,300,239,2004-12-01 00:00:00,337,0.011869436201780416
0,300,336,2013-01-01 00:00:00,337,0.011869436201780416
0,301,86,1992-04-01 00:00:00,337,0.011869436201780416
0,301,88,1992-06-01 00:00:00,337,0.011869436201780416
0,301,141,1996-11-01 00:00:00,337,0.011869436201780416
0,301,265,2007-03-01 00:00:00,337,0.011869436201780416
0,302,148,1997-07-01 00:00:00,337,0.011869436201780416
0,302,183,2000-06-01 00:00:00,337,0.011869436201780416
0,302,291,2009-06-01 00:00:00,337,0.011869436201780416
0,302,308,2010-11-01 00:00:00,337,0.011869436201780416
0,303,258,2006-10-01 00:00:00,337,0.011869436201780416
0,303,277,2008-05-01 00:00:00,337,0.011869436201780416
0,303,281,2008-09-01 00:00:00,337,0.011869436201780416
0,303,326,2012-06-01 00:00:00,337,0.011869436201780416
0,304,134,1996-07-01 00:00:00,337,0.011869436201780416
0,304,206,2002-07-01 00:00:00,337,0.011869436201780416
0,304,222,2003-11-01 00:00:00,337,0.011869436201780416
0,304,247,2005-12-01 00:00:00,337,0.011869436201780416
0,305,39,1988-09-01 00:00:00,337,0.011869436201780416
0,305,79,1992-01-01 00:00:00,337,0.011869436201780416
0,305,282,2008-12-01 00:00:00,337,0.011869436201780416
0,305,289,2009-07-01 00:00:00,337,0.011869436201780416
0,306,187,2001-02-01 00:00:00,337,0.011869436201780416
0,306,196,2001-11-01 00:00:00,337,0.011869436201780416
0,306,285,2009-04-01 00:00:00,337,0.011869436201780416
0,306,319,2012-02-01 00:00:00,337,0.011869436201780416
0,307,43,1989-03-01 00:00:00,337,0.011869436201780416
0,307,50,1989-10-01 00:00:00,337,0.011869436201780416
0,307,115,1995-03-01 00:00:00,337,0.011869436201780416
0,307,166,1999-06-01 00:00:00,337,0.011869436201780416
0,308,0,1985-09-01 00:00:00,337,0.011869436201780416
0,308,32,1988-05-01 00:00:00,337,0.011869436201780416
0,308,53,1990-02-01 00:00:00,337,0.011869436201780416
0,308,91,1993-04-01 00:00:00,337,0.011869436201780416
0,309,49,1989-11-01 00:00:00,337,0.011869436201780416
0,309,75,1992-01-01 00:00:00,337,0.011869436201780416
0,309,178,2000-08-01 00:00:00,337,0.011869436201780416
0,309,260,2007-06-01 00:00:00,337,0.011869436201780416
0,310,9,1986-08-01 00:00:00,337,0.011869436201780416
0,310,35,1988-10-01 00:00:00,337,0.011869436201780416
0,310,85,1992-12-01 00:00:00,337,0.011869436201780416
0,310,102,1994-05-01 00:00:00,337,0.011869436201780416
0,311,90,1993-06-01 00:00:00,337,0.011869436201780416
0,311,207,2003-03-01 00:00:00,337,0.011869436201780416
0,311,235,2005-07-01 00:00:00,337,0.011869436201780416
0,311,295,2010-07-01 00:00:00,337,0.011869436201780416
0,312,141,1997-10-01 00:00:00,337,0.011869436201780416
0,312,155,1998-12-01 00:00:00,337,0.011869436201780416
0,312,178,2000-11-01 00:00:00,337,0.011869436201780416
0,312,229,2005-02-01 00:00:00,337,0.011869436201780416
0,313,30,1988-08-01 00:00:00,337,0.011869436201780416
0,313,171,2000-05-01 00:00:00,337,0.011869436201780416
0,313,283,2009-09-01 00:00:00,337,0.011869436201780416
0,313,301,2011-03-01 00:00:00,337,0.011869436201780416
0,314,99,1994-06-01 00:00:00,337,0.011869436201780416
0,314,201,2002-12-01 00:00:00,337,0.011869436201780416
0,314,257,2007-08-01 00:00:00,337,0.011869436201780416
0,314,283,2009-10-01 00:00:00,337,0.011869436201780416
0,315,23,1988-03-01 00:00:00,337,0.011869436201780416
0,315,177,2001-01-01 00:00:00,337,0.011869436201780416
0,315,233,2005-09-01 00:00:00,337,0.011869436201780416
0,315,261,2008-01-01 00:00:00,337,0.011869436201780416
0,316,96,1994-05-01 00:00:00,337,0.011869436201780416
0,316,104,1995-01-01 00:00:00,337,0.011869436201780416
0,316,283,2009-12-01 00:00:00,337,0.011869436201780416
0,316,324,2013-05-01 00:00:00,337,0.011869436201780416
0,317,138,1997-12-01 00:00:00,337,0.011869436201780416
0,317,279,2009-09-01 00:00:00,337,0.011869436201780416
0,317,314,2012-08-01 00:00:00,337,0.011869436201780416
0,317,322,2013-04-01 00:00:00,337,0.011869436201780416
0,318,34,1989-05-01 00:00:00,337,0.011869436201780416
0,318,209,2003-12-01 00:00:00,337,0.011869436201780416
0,318,294,2011-01-01 00:00:00,337,0.011869436201780416
0,318,336,2014-07-01 00:00:00,337,0.011869436201780416
0,319,70,1992-06-01 00:00:00,337,0.011869436201780416
0,319,79,1993-03-01 00:00:00,337,0.011869436201780416
0,319,130,1997-06-01 00:00:00,337,0.011869436201780416
0,319,203,2003-07-01 00:00:00,337,0.011869436201780416
0,320,198,2003-03-01 00:00:00,337,0.011869436201780416
0,320,201,2003-06-01 00:00:00,337,0.011869436201780416
0,320,203,2003-08-01 00:00:00,337,0.011869436201780416
0,320,251,2007-08-01 00:00:00,337,0.011869436201780416
0,321,144,1998-10-01 00:00:00,337,0.011869436201780416
0,321,146,1998-12-01 00:00:00,337,0.011869436201780416
0,321,191,2002-09-01 00:00:00,337,0.011869436201780416
0,321,216,2004-10-01 00:00:00,337,0.011869436201780416
0,322,121,1996-12-01 00:00:00,337,0.011869436201780416
0,322,135,1998-02-01 00:00:00,337,0.011869436201780416
0,322,138,1998-05-01 00:00:00,337,0.011869436201780416
0,322,222,2005-05-01 00:00:00,337,0.011869436201780416
0,323,34,1989-10-01 00:00:00,337,0.011869436201780416
0,323,58,1991-10-01 00:00:00,337,0.011869436201780416
0,323,211,2004-07-01 00:00:00,337,0.011869436201780416
0,323,244,2007-04-01 00:00:00,337,0.011869436201780416
0,324,93,1994-10-01 00:00:00,337,0.011869436201780416
0,324,138,1998-07-01 00:00:00,337,0.011869436201780416
0,324,141,1998-10-01 00:00:00,337,0.011869436201780416
0,324,215,2004-12-01 00:00:00,337,0.011869436201780416
0,325,82,1993-12-01 00:00:00,337,0.011869436201780416
0,325,142,1998-12-01 00:00:00,337,0.011869436201780416
0,325,180,2002-02-01 00:00:00,337,0.011869436201780416
0,325,188,2002-10-01 00:00:00,337,0.011869436201780416
0,326,20,1988-11-01 00:00:00,337,0.011869436201780416
0,326,46,1991-01-01 00:00:00,337,0.011869436201780416
0,326,236,2006-11-01 00:00:00,337,0.011869436201780416
0,326,319,2013-10-01 00:00:00,337,0.011869436201780416
0,327,12,1988-04-01 00:00:00,337,0.011869436201780416
0,327,36,1990-04-01 00:00:00,337,0.011869436201780416
0,327,193,2003-05-01 00:00:00,337,0.011869436201780416
0,327,228,2006-04-01 00:00:00,337,0.011869436201780416
0,328,32,1990-01-01 00:00:00,337,0.011869436201780416
0,328,51,1991-08-01 00:00:00,337,0.011869436201780416
0,328,180,2002-05-01 00:00:00,337,0.011869436201780416
0,328,223,2005-12-01 00:00:00,337,0.011869436201780416
0,329,136,1998-10-01 00:00:00,337,0.011869436201780416
0,329,174,2001-12-01 00:00:00,337,0.011869436201780416
0,329,223,2006-01-01 00:00:00,337,0.011869436201780416
0,329,299,2012-05-01 00:00:00,337,0.011869436201780416
0,330,127,1998-02-01 00:00:00,337,0.011869436201780416
0,330,198,2004-01-01 00:00:00,337,0.011869436201780416
0,330,220,2005-11-01 00:00:00,337,0.011869436201780416
0,330,256,2008-11-01 00:00:00,337,0.011869436201780416
0,331,49,1991-09-01 00:00:00,337,0.011869436201780416
0,331,122,1997-10-01 00:00:00,337,0.011869436201780416
0,331,234,2007-02-01 00:00:00,337,0.011869436201780416
0,331,248,2008-04-01 00:00:00,337,0.011869436201780416
0,332,31,1990-04-01 00:00:00,337,0.011869436201780416
0,332,155,2000-08-01 00:00:00,337,0.011869436201780416
0,332,266,2009-11-01 00:00:00,337,0.011869436201780416
0,332,286,2011-07-01 00:00:00,337,0.011869436201780416
0,333,109,1996-11-01 00:00:00,337,0.011869436201780416
0,333,207,2005-01-01 00:00:00,337,0.011869436201780416
0,333,278,2010-12-01 00:00:00,337,0.011869436201780416
0,333,293,2012-03-01 00:00:00,337,0.011869436201780416
0,334,70,1993-09-01 00:00:00,337,0.011869436201780416
0,334,124,1998-03-01 00:00:00,337,0.011869436201780416
0,334,230,2007-01-01 00:00:00,337,0.011869436201780416
0,334,305,2013-04-01 00:00:00,337,0.011869436201780416
0,335,20,1989-08-01 00:00:00,337,0.011869436201780416
0,335,270,2010-06-01 00:00:00,337,0.011869436201780416
0,335,304,2013-04-01 00:00:00,337,0.011869436201780416
0,335,306,2013-06-01 00:00:00,337,0.011869436201780416
0,336,37,1991-02-01 00:00:00,337,0.011869436201780416
0,336,48,1992-01-01 00:00:00,337,0.011869436201780416
0,336,111,1997-04-01 00:00:00,337,0.011869436201780416
0,336,243,2008-04-01 00:00:00,337,0.011869436201780416
0,337,9,1988-11-01 00:00:00,337,0.011869436201780416
0,337,60,1993-02-01 00:00:00,337,0.011869436201780416
0,337,225,2006-11-01 00:00:00,337,0.011869436201780416
0,337,318,2014-08-01 00:00:00,337,0.011869436201780416
0,338,109,1997-04-01 00:00:00,337,0.011869436201780416
0,338,150,2000-09-01 00:00:00,337,0.011869436201780416
0,338,287,2012-02-01 00:00:00,337,0.011869436201780416
0,338,316,2014-07-01 00:00:00,337,0.011869436201780416
0,339,123,1998-07-01 00:00:00,337,0.011869436201780416
0,339,128,1998-12-01 00:00:00,337,0.011869436201780416
0,339,142,2000-02-01 00:00:00,337,0.011869436201780416
0,339,184,2003-08-01 00:00:00,337,0.011869436201780416
0,340,73,1994-06-01 00:00:00,337,0.011869436201780416
0,340,145,2000-06-01 00:00:00,337,0.011869436201780416
0,340,256,2009-09-01 00:00:00,337,0.011869436201780416
0,340,334,2016-03-01 00:00:00,337,0.011869436201780416
0,341,66,1993-12-01 00:00:00,337,0.011869436201780416
0,341,85,1995-07-01 00:00:00,337,0.011869436201780416
0,341,134,1999-08-01 00:00:00,337,0.011869436201780416
0,341,311,2014-05-01 00:00:00,337,0.011869436201780416
0,342,14,1989-09-01 00:00:00,337,0.011869436201780416
0,342,108,1997-07-01 00:00:00,337,0.011869436201780416
0,342,121,1998-08-01 00:00:00,337,0.011869436201780416
0,342,309,2014-04-01 00:00:00,337,0.011869436201780416
0,343,29,1991-01-01 00:00:00,337,0.011869436201780416
0,343,179,2003-07-01 00:00:00,337,0.011869436201780416
0,343,195,2004-11-01 00:00:00,337,0.011869436201780416
0,343,296,2013-04-01 00:00:00,337,0.011869436201780416
0,344,146,2000-11-01 00:00:00,337,0.011869436201780416
0,344,215,2006-08-01 00:00:00,337,0.011869436201780416
0,344,258,2010-03-01 00:00:00,337,0.011869436201780416
0,344,312,2014-09-01 00:00:00,337,0.011869436201780416
0,345,58,1993-08-01 00:00:00,337,0.011869436201780416
0,345,118,1998-08-01 00:00:00,337,0.011869436201780416
0,345,125,1999-03-01 00:00:00,337,0.011869436201780416
0,345,215,2006-09-01 00:00:00,337,0.011869436201780416
0,346,117,1998-08-01 00:00:00,337,0.011869436201780416
0,346,229,2007-12-01 00:00:00,337,0.011869436201780416
0,346,231,2008-02-01 00:00:00,337,0.011869436201780416
0,346,291,2013-02-01 00:00:00,337,0.011869436201780416
0,347,1,1989-01-01 00:00:00,337,0.011869436201780416
0,347,115,1998-07-01 00:00:00,337,0.011869436201780416
0,347,180,2003-12-01 00:00:00,337,0.011869436201780416
0,347,316,2015-04-01 00:00:00,337,0.011869436201780416
0,348,93,1996-10-01 00:00:00,337,0.011869436201780416
0,348,135,2000-04-01 00:00:00,337,0.011869436201780416
0,348,168,2003-01-01 00:00:00,337,0.011869436201780416
0,348,232,2008-05-01 00:00:00,337,0.011869436201780416
0,349,113,1998-07-01 00:00:00,337,0.011869436201780416
0,349,143,2001-01-01 00:00:00,337,0.011869436201780416
0,349,175,2003-09-01 00:00:00,337,0.011869436201780416
0,349,226,2007-12-01 00:00:00,337,0.011869436201780416
0,350,108,1998-03-01 00:00:00,337,0.011869436201780416
0,350,117,1998-12-01 00:00:00,337,0.011869436201780416
0,350,205,2006-04-01 00:00:00,337,0.011869436201780416
0,350,233,2008-08-01 00:00:00,337,0.011869436201780416
0,351,86,1996-06-01 00:00:00,337,0.011869436201780416
0,351,149,2001-09-01 00:00:00,337,0.011869436201780416
0,351,223,2007-11-01 00:00:00,337,0.011869436201780416
0,351,266,2011-06-01 00:00:00,337,0.011869436201780416
0,352,37,1992-06-01 00:00:00,337,0.011869436201780416
0,352,51,1993-08-01 00:00:00,337,0.011869436201780416
0,352,54,1993-11-01 00:00:00,337,0.011869436201780416
0,352,92,1997-01-01 00:00:00,337,0.011869436201780416
0,353,45,1993-03-01 00:00:00,337,0.011869436201780416
0,353,55,1994-01-01 00:00:00,337,0.011869436201780416
0,353,75,1995-09-01 00:00:00,337,0.011869436201780416
0,353,211,2007-01-01 00:00:00,337,0.011869436201780416
0,354,53,1993-12-01 00:00:00,337,0.011869436201780416
0,354,220,2007-11-01 00:00:00,337,0.011869436201780416
0,354,276,2012-07-01 00:00:00,337,0.011869436201780416
0,354,294,2014-01-01 00:00:00,337,0.011869436201780416
0,355,159,2002-11-01 00:00:00,337,0.011869436201780416
0,355,171,2003-11-01 00:00:00,337,0.011869436201780416
0,355,172,2003-12-01 00:00:00,337,0.011869436201780416
0,355,228,2008-08-01 00:00:00,337,0.011869436201780416
0,356,30,1992-03-01 00:00:00,337,0.011869436201780416
0,356,264,2011-09-01 00:00:00,337,0.011869436201780416
0,356,266,2011-11-01 00:00:00,337,0.011869436201780416
0,356,273,2012-06-01 00:00:00,337,0.011869436201780416
0,357,37,1992-11-01 00:00:00,337,0.011869436201780416
0,357,90,1997-04-01 00:00:00,337,0.011869436201780416
0,357,142,2001-08-01 00:00:00,337,0.011869436201780416
0,357,302,2014-12-01 00:00:00,337,0.011869436201780416
0,358,115,1999-06-01 00:00:00,337,0.011869436201780416
0,358,172,2004-03-01 00:00:00,337,0.011869436201780416
0,358,322,2016-09-01 00:00:00,337,0.011869436201780416
0,358,324,2016-11-01 00:00:00,337,0.011869436201780416
0,359,2,1990-02-01 00:00:00,337,0.011869436201780416
0,359,42,1993-06-01 00:00:00,337,0.011869436201780416
0,359,147,2002-03-01 00:00:00,337,0.011869436201780416
0,359,152,2002-08-01 00:00:00,337,0.011869436201780416
0,360,52,1994-05-01 00:00:00,337,0.011869436201780416
0,360,67,1995-08-01 00:00:00,337,0.011869436201780416
0,360,82,1996-11-01 00:00:00,337,0.011869436201780416
0,360,145,2002-02-01 00:00:00,337,0.011869436201780416
0,361,13,1991-03-01 00:00:00,337,0.011869436201780416
0,361,78,1996-08-01 00:00:00,337,0.011869436201780416
0,361,123,2000-05-01 00:00:00,337,0.011869436201780416
0,361,226,2008-12-01 00:00:00,337,0.011869436201780416
0,362,88,1997-07-01 00:00:00,337,0.011869436201780416
0,362,273,2012-12-01 00:00:00,337,0.011869436201780416
0,362,298,2015-01-01 00:00:00,337,0.011869436201780416
0,362,333,2017-12-01 00:00:00,337,0.011869436201780416
0,363,1,1990-05-01 00:00:00,337,0.011869436201780416
0,363,36,1993-04-01 00:00:00,337,0.011869436201780416
0,363,124,2000-08-01 00:00:00,337,0.011869436201780416
0,363,156,2003-04-01 00:00:00,337,0.011869436201780416
0,364,14,1991-07-01 00:00:00,337,0.011869436201780416
0,364,109,1999-06-01 00:00:00,337,0.011869436201780416
0,364,190,2006-03-01 00:00:00,337,0.011869436201780416
0,364,326,2017-07-01 00:00:00,337,0.011869436201780416
0,365,27,1992-09-01 00:00:00,337,0.011869436201780416
0,365,35,1993-05-01 00:00:00,337,0.011869436201780416
0,365,94,1998-04-01 00:00:00,337,0.011869436201780416
0,365,301,2015-07-01 00:00:00,337,0.011869436201780416
0,366,52,1994-11-01 00:00:00,337,0.011869436201780416
0,366,65,1995-12-01 00:00:00,337,0.011869436201780416
0,366,243,2010-10-01 00:00:00,337,0.011869436201780416
0,366,325,2017-08-01 00:00:00,337,0.011869436201780416
0,367,107,1999-07-01 00:00:00,337,0.011869436201780416
0,367,231,2009-11-01 00:00:00,337,0.011869436201780416
0,367,304,2015-12-01 00:00:00,337,0.011869436201780416
0,367,323,2017-07-01 00:00:00,337,0.011869436201780416
0,368,166,2004-07-01 00:00:00,337,0.011869436201780416
0,368,207,2007-12-01 00:00:00,337,0.011869436201780416
0,368,256,2012-01-01 00:00:00,337,0.011869436201780416
0,368,282,2014-03-01 00:00:00,337,0.011869436201780416
0,369,175,2005-05-01 00:00:00,337,0.011869436201780416
0,369,251,2011-09-01 00:00:00,337,0.011869436201780416
0,369,270,2013-04-01 00:00:00,337,0.011869436201780416
0,369,284,2014-06-01 00:00:00,337,0.011869436201780416
0,370,27,1993-02-01 00:00:00,337,0.011869436201780416
0,370,123,2001-02-01 00:00:00,337,0.011869436201780416
0,370,219,2009-02-01 00:00:00,337,0.011869436201780416
0,370,326,2018-01-01 00:00:00,337,0.011869436201780416
0,371,200,2007-08-01 00:00:00,337,0.011869436201780416
0,371,265,2013-01-01 00:00:00,337,0.011869436201780416
0,371,267,2013-03-01 00:00:00,337,0.011869436201780416
0,371,332,2018-08-01 00:00:00,337,0.011869436201780416
0,372,105,1999-10-01 00:00:00,337,0.011869436201780416
0,372,192,2007-01-01 00:00:00,337,0.011869436201780416
0,372,199,2007-08-01 00:00:00,337,0.011869436201780416
0,372,230,2010-03-01 00:00:00,337,0.011869436201780416
0,373,1,1991-03-01 00:00:00,337,0.011869436201780416
0,373,14,1992-04-01 00:00:00,337,0.011869436201780416
0,373,300,2016-02-01 00:00:00,337,0.011869436201780416
0,373,325,2018-03-01 00:00:00,337,0.011869436201780416
0,374,9,1991-12-01 00:00:00,337,0.011869436201780416
0,374,143,2003-02-01 00:00:00,337,0.011869436201780416
0,374,216,2009-03-01 00:00:00,337,0.011869436201780416
0,374,241,2011-04-01 00:00:00,337,0.011869436201780416
0,375,49,1995-05-01 00:00:00,337,0.011869436201780416
0,375,136,2002-08-01 00:00:00,337,0.011869436201780416
0,375,195,2007-07-01 00:00:00,337,0.011869436201780416
0,375,310,2017-02-01 00:00:00,337,0.011869436201780416
0,376,226,2010-03-01 00:00:00,337,0.011869436201780416
0,376,276,2014-05-01 00:00:00,337,0.011869436201780416
0,376,308,2017-01-01 00:00:00,337,0.011869436201780416
0,376,309,2017-02-01 00:00:00,337,0.011869436201780416
0,377,7,1992-01-01 00:00:00,337,0.011869436201780416
0,377,45,1995-03-01 00:00:00,337,0.011869436201780416
0,377,197,2007-11-01 00:00:00,337,0.011869436201780416
0,377,229,2010-07-01 00:00:00,337,0.011869436201780416
0,378,85,1998-08-01 00:00:00,337,0.011869436201780416
0,378,156,2004-07-01 00:00:00,337,0.011869436201780416
0,378,213,2009-04-01 00:00:00,337,0.011869436201780416
0,378,272,2014-03-01 00:00:00,337,0.011869436201780416
0,379,76,1997-12-01 00:00:00,337,0.011869436201780416
0,379,92,1999-04-01 00:00:00,337,0.011869436201780416
0,379,209,2009-01-01 00:00:00,337,0.011869436201780416
0,379,302,2016-10-01 00:00:00,337,0.011869436201780416
0,380,126,2002-03-01 00:00:00,337,0.011869436201780416
0,380,240,2011-09-01 00:00:00,337,0.011869436201780416
0,380,249,2012-06-01 00:00:00,337,0.011869436201780416
0,380,332,2019-05-01 00:00:00,337,0.011869436201780416
0,381,167,2005-09-01 00:00:00,337,0.011869436201780416
0,381,225,2010-07-01 00:00:00,337,0.011869436201780416
0,381,293,2016-03-01 00:00:00,337,0.011869436201780416
0,381,328,2019-02-01 00:00:00,337,0.011869436201780416
0,382,23,1993-10-01 00:00:00,337,0.011869436201780416
0,382,219,2010-02-01 00:00:00,337,0.011869436201780416
0,382,232,2011-03-01 00:00:00,337,0.011869436201780416
0,382,328,2019-03-01 00:00:00,337,0.011869436201780416
0,383,131,2002-11-01 00:00:00,337,0.011869436201780416
0,383,241,2012-01-01 00:00:00,337,0.011869436201780416
0,383,298,2016-10-01 00:00:00,337,0.011869436201780416
0,383,334,2019-10-01 00:00:00,337,0.011869436201780416
0,384,102,2000-07-01 00:00:00,337,0.011869436201780416
0,384,171,2006-04-01 00:00:00,337,0.011869436201780416
0,384,247,2012-08-01 00:00:00,337,0.011869436201780416
0,384,333,2019-10-01 00:00:00,337,0.011869436201780416
0,385,132,2003-02-01 00:00:00,337,0.011869436201780416
0,385,156,2005-02-01 00:00:00,337,0.011869436201780416
0,385,173,2006-07-01 00:00:00,337,0.011869436201780416
0,385,234,2011-08-01 00:00:00,337,0.011869436201780416
0,386,61,1997-04-01 00:00:00,337,0.011869436201780416
0,386,209,2009-08-01 00:00:00,337,0.011869436201780416
0,386,267,2014-06-01 00:00:00,337,0.011869436201780416
0,386,293,2016-08-01 00:00:00,337,0.011869436201780416
0,387,90,1999-10-01 00:00:00,337,0.011869436201780416
0,387,105,2001-01-01 00:00:00,337,0.011869436201780416
0,387,231,2011-07-01 00:00:00,337,0.011869436201780416
0,387,305,2017-09-01 00:00:00,337,0.011869436201780416
0,388,125,2002-10-01 00:00:00,337,0.011869436201780416
0,388,141,2004-02-01 00:00:00,337,0.011869436201780416
0,388,165,2006-02-01 00:00:00,337,0.011869436201780416
0,388,267,2014-08-01 00:00:00,337,0.011869436201780416
0,389,34,1995-04-01 00:00:00,337,0.011869436201780416
0,389,40,1995-10-01 00:00:00,337,0.011869436201780416
0,389,162,2005-12-01 00:00:00,337,0.011869436201780416
0,389,233,2011-11-01 00:00:00,337,0.011869436201780416
0,390,44,1996-03-01 00:00:00,337,0.011869436201780416
0,390,54,1997-01-01 00:00:00,337,0.011869436201780416
0,390,86,1999-09-01 00:00:00,337,0.011869436201780416
0,390,234,2012-01-01 00:00:00,337,0.011869436201780416
0,391,38,1995-10-01 00:00:00,337,0.011869436201780416
0,391,69,1998-05-01 00:00:00,337,0.011869436201780416
0,391,126,2003-02-01 00:00:00,337,0.011869436201780416
0,391,324,2019-08-01 00:00:00,337,0.011869436201780416
0,392,162,2006-03-01 00:00:00,337,0.011869436201780416
0,392,196,2009-01-01 00:00:00,337,0.011869436201780416
0,392,232,2012-01-01 00:00:00,337,0.011869436201780416
0,392,276,2015-09-01 00:00:00,337,0.011869436201780416
0,393,14,1993-12-01 00:00:00,337,0.011869436201780416
0,393,38,1995-12-01 00:00:00,337,0.011869436201780416
0,393,84,1999-10-01 00:00:00,337,0.011869436201780416
0,393,150,2005-04-01 00:00:00,337,0.011869436201780416
0,394,61,1997-12-01 00:00:00,337,0.011869436201780416
0,394,108,2001-11-01 00:00:00,337,0.011869436201780416
0,394,267,2015-02-01 00:00:00,337,0.011869436201780416
0,394,275,2015-10-01 00:00:00,337,0.011869436201780416
0,395,190,2008-10-01 00:00:00,337,0.011869436201780416
0,395,240,2012-12-01 00:00:00,337,0.011869436201780416
0,395,289,2017-01-01 00:00:00,337,0.011869436201780416
0,395,309,2018-09-01 00:00:00,337,0.011869436201780416
0,396,2,1993-03-01 00:00:00,337,0.011869436201780416
0,396,4,1993-05-01 00:00:00,337,0.011869436201780416
0,396,188,2008-09-01 00:00:00,337,0.011869436201780416
0,396,260,2014-09-01 00:00:00,337,0.011869436201780416
0,397,226,2011-12-01 00:00:00,337,0.011869436201780416
0,397,255,2014-05-01 00:00:00,337,0.011869436201780416
0,397,284,2016-10-01 00:00:00,337,0.011869436201780416
0,397,289,2017-03-01 00:00:00,337,0.011869436201780416
0,398,5,1993-08-01 00:00:00,337,0.011869436201780416
0,398,91,2000-10-01 00:00:00,337,0.011869436201780416
0,398,113,2002-08-01 00:00:00,337,0.011869436201780416
0,398,256,2014-07-01 00:00:00,337,0.011869436201780416
0,399,51,1997-07-01 00:00:00,337,0.011869436201780416
0,399,233,2012-09-01 00:00:00,337,0.011869436201780416
0,399,285,2017-01-01 00:00:00,337,0.011869436201780416
0,399,307,2018-11-01 00:00:00,337,0.011869436201780416
0,400,95,2001-04-01 00:00:00,337,0.011869436201780416
0,400,214,2011-03-01 00:00:00,337,0.011869436201780416
0,400,243,2013-08-01 00:00:00,337,0.011869436201780416
0,400,267,2015-08-01 00:00:00,337,0.011869436201780416
0,401,102,2001-12-01 00:00:00,337,0.011869436201780416
0,401,171,2007-09-01 00:00:00,337,0.011869436201780416
0,401,280,2016-10-01 00:00:00,337,0.011869436201780416
0,401,298,2018-04-01 00:00:00,337,0.011869436201780416
0,402,219,2011-10-01 00:00:00,337,0.011869436201780416
0,402,252,2014-07-01 00:00:00,337,0.011869436201780416
0,402,297,2018-04-01 00:00:00,337,0.011869436201780416
0,402,303,2018-10-01 00:00:00,337,0.011869436201780416
0,403,12,1994-08-01 00:00:00,337,0.011869436201780416
0,403,21,1995-05-01 00:00:00,337,0.011869436201780416
0,403,45,1997-05-01 00:00:00,337,0.011869436201780416
0,403,229,2012-09-01 00:00:00,337,0.011869436201780416
0,404,120,2003-09-01 00:00:00,337,0.011869436201780416
0,404,153,2006-06-01 00:00:00,337,0.011869436201780416
0,404,155,2006-08-01 00:00:00,337,0.011869436201780416
0,404,182,2008-11-01 00:00:00,337,0.011869436201780416
0,405,63,1999-01-01 00:00:00,337,0.011869436201780416
0,405,70,1999-08-01 00:00:00,337,0.011869436201780416
0,405,171,2008-01-01 00:00:00,337,0.011869436201780416
0,405,242,2013-12-01 00:00:00,337,0.011869436201780416
0,406,1,1993-12-01 00:00:00,337,0.011869436201780416
0,406,3,1994-02-01 00:00:00,337,0.011869436201780416
0,406,52,1998-03-01 00:00:00,337,0.011869436201780416
0,406,301,2018-12-01 00:00:00,337,0.011869436201780416
0,407,96,2001-12-01 00:00:00,337,0.011869436201780416
0,407,205,2011-01-01 00:00:00,337,0.011869436201780416
0,407,268,2016-04-01 00:00:00,337,0.011869436201780416
0,407,295,2018-07-01 00:00:00,337,0.011869436201780416
0,408,22,1995-11-01 00:00:00,337,0.011869436201780416
0,408,60,1999-01-01 00:00:00,337,0.011869436201780416
0,408,76,2000-05-01 00:00:00,337,0.011869436201780416
0,408,239,2013-12-01 00:00:00,337,0.011869436201780416
0,409,23,1996-01-01 00:00:00,337,0.011869436201780416
0,409,36,1997-02-01 00:00:00,337,0.011869436201780416
0,409,270,2016-08-01 00:00:00,337,0.011869436201780416
0,409,282,2017-08-01 00:00:00,337,0.011869436201780416
0,410,23,1996-02-01 00:00:00,337,0.011869436201780416
0,410,104,2002-11-01 00:00:00,337,0.011869436201780416
0,410,199,2010-10-01 00:00:00,337,0.011869436201780416
0,410,238,2014-01-01 00:00:00,337,0.011869436201780416
0,411,46,1998-02-01 00:00:00,337,0.011869436201780416
0,411,61,1999-05-01 00:00:00,337,0.011869436201780416
0,411,220,2012-08-01 00:00:00,337,0.011869436201780416
0,411,278,2017-06-01 00:00:00,337,0.011869436201780416
0,412,52,1998-09-01 00:00:00,337,0.011869436201780416
0,412,104,2003-01-01 00:00:00,337,0.011869436201780416
0,412,203,2011-04-01 00:00:00,337,0.011869436201780416
0,412,243,2014-08-01 00:00:00,337,0.011869436201780416
0,413,52,1998-10-01 00:00:00,337,0.011869436201780416
0,413,136,2005-10-01 00:00:00,337,0.011869436201780416
0,413,157,2007-07-01 00:00:00,337,0.011869436201780416
0,413,176,2009-02-01 00:00:00,337,0.011869436201780416
0,414,186,2010-01-01 00:00:00,337,0.011869436201780416
0,414,217,2012-08-01 00:00:00,337,0.011869436201780416
0,414,238,2014-05-01 00:00:00,337,0.011869436201780416
0,414,288,2018-07-01 00:00:00,337,0.011869436201780416
0,415,21,1996-05-01 00:00:00,337,0.011869436201780416
0,415,26,1996-10-01 00:00:00,337,0.011869436201780416
0,415,197,2011-01-01 00:00:00,337,0.011869436201780416
0,415,202,2011-06-01 00:00:00,337,0.011869436201780416
